label,radius_m,time_s,mean_fu
vacia,0.0,0.0,0.0
vacia,0.0,0.1,0.016500000000000004
vacia,0.0,0.2,0.030000000000000006
vacia,0.0,0.3,0.04650000000000002
vacia,0.0,0.4,0.057000000000000016
vacia,0.0,0.5,0.07100000000000001
vacia,0.0,0.6,0.08450000000000002
vacia,0.0,0.7,0.09400000000000001
vacia,0.0,0.8,0.10300000000000002
vacia,0.0,0.9,0.11300000000000003
vacia,0.0,1.0,0.121
vacia,0.0,1.1,0.1325
vacia,0.0,1.2,0.13800000000000004
vacia,0.0,1.3,0.14450000000000002
vacia,0.0,1.4,0.157
vacia,0.0,1.5,0.164
vacia,0.0,1.6,0.17350000000000002
vacia,0.0,1.7,0.17750000000000002
vacia,0.0,1.8,0.18750000000000006
vacia,0.0,1.9,0.19450000000000003
vacia,0.0,2.0,0.20550000000000007
vacia,0.0,2.1,0.2145
vacia,0.0,2.2,0.22150000000000003
vacia,0.0,2.3,0.22999999999999998
vacia,0.0,2.4,0.23650000000000002
vacia,0.0,2.5,0.24200000000000005
vacia,0.0,2.6,0.24650000000000008
vacia,0.0,2.7,0.25250000000000006
vacia,0.0,2.8,0.258
vacia,0.0,2.9,0.26400000000000007
vacia,0.0,3.0,0.27199999999999996
vacia,0.0,3.1,0.2835
vacia,0.0,3.2,0.2915
vacia,0.0,3.3,0.29900000000000004
vacia,0.0,3.4,0.304
vacia,0.0,3.5,0.3095
vacia,0.0,3.6,0.313
vacia,0.0,3.7,0.31999999999999995
vacia,0.0,3.8,0.32649999999999996
vacia,0.0,3.9,0.3375
vacia,0.0,4.0,0.34500000000000003
vacia,0.0,4.1,0.3515
vacia,0.0,4.2,0.36000000000000004
vacia,0.0,4.3,0.36550000000000005
vacia,0.0,4.4,0.3725
vacia,0.0,4.5,0.38149999999999995
vacia,0.0,4.6,0.385
vacia,0.0,4.7,0.39150000000000007
vacia,0.0,4.8,0.39649999999999996
vacia,0.0,4.9,0.4
vacia,0.0,5.0,0.40700000000000014
vacia,0.0,5.1,0.41450000000000004
vacia,0.0,5.2,0.4210000000000001
vacia,0.0,5.3,0.4265
vacia,0.0,5.4,0.43149999999999994
vacia,0.0,5.5,0.4375
vacia,0.0,5.6,0.43950000000000006
vacia,0.0,5.7,0.44399999999999995
vacia,0.0,5.8,0.45099999999999996
vacia,0.0,5.9,0.45499999999999996
vacia,0.0,6.0,0.4619999999999999
vacia,0.0,6.1,0.469
vacia,0.0,6.2,0.4715
vacia,0.0,6.3,0.47850000000000004
vacia,0.0,6.4,0.484
vacia,0.0,6.5,0.491
vacia,0.0,6.6,0.49250000000000005
vacia,0.0,6.7,0.5005000000000001
vacia,0.0,6.8,0.5040000000000001
vacia,0.0,6.9,0.5085000000000001
vacia,0.0,7.0,0.5175
vacia,0.0,7.1,0.522
vacia,0.0,7.2,0.5265000000000001
vacia,0.0,7.3,0.5305
vacia,0.0,7.4,0.5365
vacia,0.0,7.5,0.5409999999999999
vacia,0.0,7.6,0.5459999999999998
vacia,0.0,7.7,0.5494999999999999
vacia,0.0,7.8,0.5519999999999999
vacia,0.0,7.9,0.557
vacia,0.0,8.0,0.5599999999999999
vacia,0.0,8.1,0.563
vacia,0.0,8.2,0.5690000000000001
vacia,0.0,8.3,0.5770000000000001
vacia,0.0,8.4,0.5805
vacia,0.0,8.5,0.585
vacia,0.0,8.6,0.5885
vacia,0.0,8.7,0.5940000000000001
vacia,0.0,8.8,0.5975
vacia,0.0,8.9,0.6010000000000001
vacia,0.0,9.0,0.6045000000000001
vacia,0.0,9.1,0.6075000000000002
vacia,0.0,9.2,0.6110000000000001
vacia,0.0,9.3,0.6170000000000001
vacia,0.0,9.4,0.6215
vacia,0.0,9.5,0.6245
vacia,0.0,9.6,0.6290000000000001
vacia,0.0,9.7,0.6310000000000001
vacia,0.0,9.8,0.635
vacia,0.0,9.9,0.6380000000000001
vacia,0.0,10.0,0.6450000000000001
vacia,0.0,10.1,0.6485000000000001
vacia,0.0,10.2,0.654
vacia,0.0,10.3,0.6569999999999999
vacia,0.0,10.4,0.6609999999999998
vacia,0.0,10.5,0.664
vacia,0.0,10.6,0.6665
vacia,0.0,10.7,0.6695
vacia,0.0,10.8,0.6725
vacia,0.0,10.9,0.6759999999999999
vacia,0.0,11.0,0.6769999999999999
vacia,0.0,11.1,0.6789999999999999
vacia,0.0,11.2,0.6815
vacia,0.0,11.3,0.6864999999999999
vacia,0.0,11.4,0.6884999999999999
vacia,0.0,11.5,0.6915
vacia,0.0,11.6,0.6940000000000001
vacia,0.0,11.7,0.697
vacia,0.0,11.8,0.6995
vacia,0.0,11.9,0.7020000000000001
vacia,0.0,12.0,0.7045
vacia,0.0,12.1,0.7095
vacia,0.0,12.2,0.7105
vacia,0.0,12.3,0.7135
vacia,0.0,12.4,0.7160000000000001
vacia,0.0,12.5,0.718
vacia,0.0,12.6,0.7215
vacia,0.0,12.7,0.7245000000000001
vacia,0.0,12.8,0.7275
vacia,0.0,12.9,0.7284999999999999
vacia,0.0,13.0,0.732
vacia,0.0,13.1,0.7325
vacia,0.0,13.2,0.7354999999999999
vacia,0.0,13.3,0.7370000000000001
vacia,0.0,13.4,0.7380000000000002
vacia,0.0,13.5,0.7395000000000002
vacia,0.0,13.6,0.7424999999999999
vacia,0.0,13.7,0.7434999999999999
vacia,0.0,13.8,0.745
vacia,0.0,13.9,0.7465
vacia,0.0,14.0,0.7489999999999999
vacia,0.0,14.1,0.7525
vacia,0.0,14.2,0.7554999999999998
vacia,0.0,14.3,0.7604999999999998
vacia,0.0,14.4,0.7629999999999999
vacia,0.0,14.5,0.7679999999999998
vacia,0.0,14.6,0.7694999999999999
vacia,0.0,14.7,0.7705
vacia,0.0,14.8,0.7715
vacia,0.0,14.9,0.774
vacia,0.0,15.0,0.7760000000000001
vacia,0.0,15.1,0.7769999999999999
vacia,0.0,15.2,0.7795
vacia,0.0,15.3,0.7809999999999999
vacia,0.0,15.4,0.7835000000000001
vacia,0.0,15.5,0.784
vacia,0.0,15.6,0.7855000000000001
vacia,0.0,15.7,0.7869999999999999
vacia,0.0,15.8,0.7885
vacia,0.0,15.9,0.7915000000000001
vacia,0.0,16.0,0.7950000000000002
vacia,0.0,16.1,0.7965000000000002
vacia,0.0,16.2,0.799
vacia,0.0,16.3,0.8010000000000002
vacia,0.0,16.4,0.8025
vacia,0.0,16.5,0.8035
vacia,0.0,16.6,0.8045
vacia,0.0,16.7,0.8055
vacia,0.0,16.8,0.8065000000000001
vacia,0.0,16.9,0.8085000000000001
vacia,0.0,17.0,0.8125
vacia,0.0,17.1,0.8135
vacia,0.0,17.2,0.8160000000000001
vacia,0.0,17.3,0.817
vacia,0.0,17.4,0.8195
vacia,0.0,17.5,0.8215
vacia,0.0,17.6,0.8250000000000002
vacia,0.0,17.7,0.8260000000000002
vacia,0.0,17.8,0.8290000000000001
vacia,0.0,17.9,0.8300000000000001
vacia,0.0,18.0,0.8310000000000001
vacia,0.0,18.1,0.834
vacia,0.0,18.2,0.835
vacia,0.0,18.3,0.8360000000000001
vacia,0.0,18.4,0.8375000000000001
vacia,0.0,18.5,0.8375000000000001
vacia,0.0,18.6,0.8385000000000001
vacia,0.0,18.7,0.8395000000000001
vacia,0.0,18.8,0.8395000000000001
vacia,0.0,18.9,0.8415000000000001
vacia,0.0,19.0,0.8424999999999999
vacia,0.0,19.1,0.844
vacia,0.0,19.2,0.8445
vacia,0.0,19.3,0.8455
vacia,0.0,19.4,0.8479999999999999
vacia,0.0,19.5,0.85
vacia,0.0,19.6,0.8524999999999998
vacia,0.0,19.7,0.8549999999999999
vacia,0.0,19.8,0.8569999999999999
vacia,0.0,19.9,0.8584999999999999
vacia,0.0,20.0,0.8595
vacia,0.0,20.1,0.8615
vacia,0.0,20.2,0.8625
vacia,0.0,20.3,0.8640000000000001
vacia,0.0,20.4,0.8645000000000002
vacia,0.0,20.5,0.8650000000000002
vacia,0.0,20.6,0.8675
vacia,0.0,20.7,0.8685
vacia,0.0,20.8,0.8690000000000001
vacia,0.0,20.9,0.8710000000000001
vacia,0.0,21.0,0.8734999999999999
vacia,0.0,21.1,0.8755
vacia,0.0,21.2,0.8764999999999998
vacia,0.0,21.3,0.8795
vacia,0.0,21.4,0.8800000000000001
vacia,0.0,21.5,0.8805
vacia,0.0,21.6,0.881
vacia,0.0,21.7,0.883
vacia,0.0,21.8,0.8845000000000001
vacia,0.0,21.9,0.8865000000000001
vacia,0.0,22.0,0.8875
vacia,0.0,22.1,0.889
vacia,0.0,22.2,0.889
vacia,0.0,22.3,0.891
vacia,0.0,22.4,0.8915000000000001
vacia,0.0,22.5,0.893
vacia,0.0,22.6,0.8935000000000001
vacia,0.0,22.7,0.8949999999999999
vacia,0.0,22.8,0.8949999999999999
vacia,0.0,22.9,0.8954999999999999
vacia,0.0,23.0,0.8969999999999999
vacia,0.0,23.1,0.8969999999999999
vacia,0.0,23.2,0.8979999999999999
vacia,0.0,23.3,0.8979999999999999
vacia,0.0,23.4,0.8995
vacia,0.0,23.5,0.8999999999999998
vacia,0.0,23.6,0.9004999999999999
vacia,0.0,23.7,0.9009999999999998
vacia,0.0,23.8,0.9034999999999999
vacia,0.0,23.9,0.9039999999999997
vacia,0.0,24.0,0.9039999999999997
vacia,0.0,24.1,0.9044999999999999
vacia,0.0,24.2,0.9054999999999997
vacia,0.0,24.3,0.9059999999999997
vacia,0.0,24.4,0.9069999999999998
vacia,0.0,24.5,0.9089999999999998
vacia,0.0,24.6,0.9099999999999998
vacia,0.0,24.7,0.9109999999999999
vacia,0.0,24.8,0.9109999999999999
vacia,0.0,24.9,0.9129999999999999
vacia,0.0,25.0,0.9129999999999999
vacia,0.0,25.1,0.9154999999999998
vacia,0.0,25.2,0.9164999999999999
vacia,0.0,25.3,0.9174999999999999
vacia,0.0,25.4,0.9184999999999999
vacia,0.0,25.5,0.9194999999999999
vacia,0.0,25.6,0.9209999999999999
vacia,0.0,25.7,0.9214999999999998
vacia,0.0,25.8,0.9229999999999998
vacia,0.0,25.9,0.924
vacia,0.0,26.0,0.9244999999999999
vacia,0.0,26.1,0.9259999999999999
vacia,0.0,26.2,0.9265000000000001
vacia,0.0,26.3,0.9269999999999999
vacia,0.0,26.4,0.9269999999999999
vacia,0.0,26.5,0.9279999999999999
vacia,0.0,26.6,0.9284999999999999
vacia,0.0,26.7,0.9289999999999999
vacia,0.0,26.8,0.9299999999999999
vacia,0.0,26.9,0.9305
vacia,0.0,27.0,0.9305
vacia,0.0,27.1,0.931
vacia,0.0,27.2,0.932
vacia,0.0,27.3,0.9334999999999999
vacia,0.0,27.4,0.9334999999999999
vacia,0.0,27.5,0.9334999999999999
vacia,0.0,27.6,0.9339999999999998
vacia,0.0,27.7,0.9355
vacia,0.0,27.8,0.9359999999999999
vacia,0.0,27.9,0.9365
vacia,0.0,28.0,0.9369999999999999
vacia,0.0,28.1,0.9369999999999999
vacia,0.0,28.2,0.9375
vacia,0.0,28.3,0.9375
vacia,0.0,28.4,0.9395
vacia,0.0,28.5,0.9395
vacia,0.0,28.6,0.9404999999999999
vacia,0.0,28.7,0.9404999999999999
vacia,0.0,28.8,0.9404999999999999
vacia,0.0,28.9,0.9409999999999998
vacia,0.0,29.0,0.9414999999999999
vacia,0.0,29.1,0.942
vacia,0.0,29.2,0.942
vacia,0.0,29.3,0.943
vacia,0.0,29.4,0.943
vacia,0.0,29.5,0.943
vacia,0.0,29.6,0.9445
vacia,0.0,29.7,0.9460000000000001
vacia,0.0,29.8,0.9465
vacia,0.0,29.9,0.9465
vacia,0.0,30.0,0.9470000000000001
vacia,0.0,30.1,0.9480000000000001
vacia,0.0,30.2,0.9480000000000001
vacia,0.0,30.3,0.9480000000000001
vacia,0.0,30.4,0.9480000000000001
vacia,0.0,30.5,0.9489999999999998
vacia,0.0,30.6,0.9489999999999998
vacia,0.0,30.7,0.9489999999999998
vacia,0.0,30.8,0.9499999999999998
vacia,0.0,30.9,0.9504999999999999
vacia,0.0,31.0,0.9504999999999999
vacia,0.0,31.1,0.9504999999999999
vacia,0.0,31.2,0.9504999999999999
vacia,0.0,31.3,0.9504999999999999
vacia,0.0,31.4,0.951
vacia,0.0,31.5,0.951
vacia,0.0,31.6,0.9520000000000002
vacia,0.0,31.7,0.9520000000000002
vacia,0.0,31.8,0.953
vacia,0.0,31.9,0.953
vacia,0.0,32.0,0.9534999999999998
vacia,0.0,32.1,0.954
vacia,0.0,32.2,0.9550000000000001
vacia,0.0,32.3,0.9565000000000001
vacia,0.0,32.4,0.9570000000000001
vacia,0.0,32.5,0.9570000000000001
vacia,0.0,32.6,0.959
vacia,0.0,32.7,0.959
vacia,0.0,32.8,0.9605
vacia,0.0,32.9,0.9605
vacia,0.0,33.0,0.9610000000000001
vacia,0.0,33.1,0.9615000000000002
vacia,0.0,33.2,0.9630000000000001
vacia,0.0,33.3,0.9630000000000001
vacia,0.0,33.4,0.9635
vacia,0.0,33.5,0.9635
vacia,0.0,33.6,0.9635
vacia,0.0,33.7,0.9640000000000001
vacia,0.0,33.8,0.9645000000000001
vacia,0.0,33.9,0.9655000000000001
vacia,0.0,34.0,0.9655000000000001
vacia,0.0,34.1,0.9655000000000001
vacia,0.0,34.2,0.9660000000000002
vacia,0.0,34.3,0.9665000000000001
vacia,0.0,34.4,0.9665000000000001
vacia,0.0,34.5,0.9665000000000001
vacia,0.0,34.6,0.9665000000000001
vacia,0.0,34.7,0.9670000000000002
vacia,0.0,34.8,0.9670000000000002
vacia,0.0,34.9,0.9680000000000002
vacia,0.0,35.0,0.9685
vacia,0.0,35.1,0.9685
vacia,0.0,35.2,0.9685
vacia,0.0,35.3,0.969
vacia,0.0,35.4,0.969
vacia,0.0,35.5,0.9695
vacia,0.0,35.6,0.9700000000000001
vacia,0.0,35.7,0.9705000000000001
vacia,0.0,35.8,0.9705000000000001
vacia,0.0,35.9,0.9715000000000001
vacia,0.0,36.0,0.9715000000000001
vacia,0.0,36.1,0.9715000000000001
vacia,0.0,36.2,0.9725000000000001
vacia,0.0,36.3,0.9725000000000001
vacia,0.0,36.4,0.9730000000000001
vacia,0.0,36.5,0.9730000000000001
vacia,0.0,36.6,0.9730000000000001
vacia,0.0,36.7,0.9735000000000001
vacia,0.0,36.8,0.9745000000000001
vacia,0.0,36.9,0.975
vacia,0.0,37.0,0.975
vacia,0.0,37.1,0.975
vacia,0.0,37.2,0.9755
vacia,0.0,37.3,0.976
vacia,0.0,37.4,0.976
vacia,0.0,37.5,0.976
vacia,0.0,37.6,0.9765
vacia,0.0,37.7,0.9765
vacia,0.0,37.8,0.9765
vacia,0.0,37.9,0.977
vacia,0.0,38.0,0.977
vacia,0.0,38.1,0.977
vacia,0.0,38.2,0.977
vacia,0.0,38.3,0.9775
vacia,0.0,38.4,0.9785000000000001
vacia,0.0,38.5,0.9785000000000001
vacia,0.0,38.6,0.9795000000000001
vacia,0.0,38.7,0.9795000000000001
vacia,0.0,38.8,0.9800000000000002
vacia,0.0,38.9,0.9800000000000002
vacia,0.0,39.0,0.9810000000000001
vacia,0.0,39.1,0.9815000000000002
vacia,0.0,39.2,0.9815000000000002
vacia,0.0,39.3,0.982
vacia,0.0,39.4,0.982
vacia,0.0,39.5,0.982
vacia,0.0,39.6,0.982
vacia,0.0,39.7,0.982
vacia,0.0,39.8,0.982
vacia,0.0,39.9,0.982
vacia,0.0,40.0,0.982
vacia,0.0,40.1,0.982
vacia,0.0,40.2,0.982
vacia,0.0,40.3,0.982
vacia,0.0,40.4,0.982
vacia,0.0,40.5,0.982
vacia,0.0,40.6,0.982
vacia,0.0,40.7,0.982
vacia,0.0,40.8,0.982
vacia,0.0,40.9,0.982
vacia,0.0,41.0,0.982
vacia,0.0,41.1,0.982
vacia,0.0,41.2,0.983
vacia,0.0,41.3,0.983
vacia,0.0,41.4,0.983
vacia,0.0,41.5,0.9835
vacia,0.0,41.6,0.9835
vacia,0.0,41.7,0.9835
vacia,0.0,41.8,0.9845
vacia,0.0,41.9,0.9845
vacia,0.0,42.0,0.9845
vacia,0.0,42.1,0.9845
vacia,0.0,42.2,0.9845
vacia,0.0,42.3,0.9845
vacia,0.0,42.4,0.9845
vacia,0.0,42.5,0.9850000000000001
vacia,0.0,42.6,0.9850000000000001
vacia,0.0,42.7,0.9850000000000001
vacia,0.0,42.8,0.9850000000000001
vacia,0.0,42.9,0.9850000000000001
vacia,0.0,43.0,0.9850000000000001
vacia,0.0,43.1,0.9855
vacia,0.0,43.2,0.9855
vacia,0.0,43.3,0.9855
vacia,0.0,43.4,0.9855
vacia,0.0,43.5,0.9855
vacia,0.0,43.6,0.9855
vacia,0.0,43.7,0.9855
vacia,0.0,43.8,0.9855
vacia,0.0,43.9,0.9855
vacia,0.0,44.0,0.9855
vacia,0.0,44.1,0.9855
vacia,0.0,44.2,0.9855
vacia,0.0,44.3,0.9855
vacia,0.0,44.4,0.9855
vacia,0.0,44.5,0.9855
vacia,0.0,44.6,0.9855
vacia,0.0,44.7,0.9855
vacia,0.0,44.8,0.9855
vacia,0.0,44.9,0.986
vacia,0.0,45.0,0.986
vacia,0.0,45.1,0.986
vacia,0.0,45.2,0.9865
vacia,0.0,45.3,0.9865
vacia,0.0,45.4,0.9865
vacia,0.0,45.5,0.9865
vacia,0.0,45.6,0.9869999999999999
vacia,0.0,45.7,0.9869999999999999
vacia,0.0,45.8,0.9875
vacia,0.0,45.9,0.9875
vacia,0.0,46.0,0.9875
vacia,0.0,46.1,0.9875
vacia,0.0,46.2,0.9875
vacia,0.0,46.3,0.9875
vacia,0.0,46.4,0.9875
vacia,0.0,46.5,0.9875
vacia,0.0,46.6,0.9875
vacia,0.0,46.7,0.9875
vacia,0.0,46.8,0.9879999999999999
vacia,0.0,46.9,0.9879999999999999
vacia,0.0,47.0,0.9879999999999999
vacia,0.0,47.1,0.9879999999999999
vacia,0.0,47.2,0.9884999999999999
vacia,0.0,47.3,0.9884999999999999
vacia,0.0,47.4,0.9884999999999999
vacia,0.0,47.5,0.9884999999999999
vacia,0.0,47.6,0.9884999999999999
vacia,0.0,47.7,0.9884999999999999
vacia,0.0,47.8,0.9884999999999999
vacia,0.0,47.9,0.9884999999999999
vacia,0.0,48.0,0.9884999999999999
vacia,0.0,48.1,0.9884999999999999
vacia,0.0,48.2,0.9884999999999999
vacia,0.0,48.3,0.9884999999999999
vacia,0.0,48.4,0.9884999999999999
vacia,0.0,48.5,0.9884999999999999
vacia,0.0,48.6,0.9889999999999999
vacia,0.0,48.7,0.9889999999999999
vacia,0.0,48.8,0.9889999999999999
vacia,0.0,48.9,0.9889999999999999
vacia,0.0,49.0,0.9889999999999999
vacia,0.0,49.1,0.9889999999999999
vacia,0.0,49.2,0.9889999999999999
vacia,0.0,49.3,0.9889999999999999
vacia,0.0,49.4,0.9894999999999999
vacia,0.0,49.5,0.9894999999999999
vacia,0.0,49.6,0.9894999999999999
vacia,0.0,49.7,0.9894999999999999
vacia,0.0,49.8,0.9894999999999999
vacia,0.0,49.9,0.9904999999999997
vacia,0.0,50.0,0.9904999999999997
vacia,0.0,50.1,0.9904999999999997
vacia,0.0,50.2,0.9904999999999997
vacia,0.0,50.3,0.9904999999999997
vacia,0.0,50.4,0.9904999999999997
vacia,0.0,50.5,0.9904999999999997
vacia,0.0,50.6,0.9904999999999997
vacia,0.0,50.7,0.9914999999999997
vacia,0.0,50.8,0.9914999999999997
vacia,0.0,50.9,0.9914999999999997
vacia,0.0,51.0,0.9914999999999997
vacia,0.0,51.1,0.9914999999999997
vacia,0.0,51.2,0.9914999999999997
vacia,0.0,51.3,0.9914999999999997
vacia,0.0,51.4,0.9914999999999997
vacia,0.0,51.5,0.9919999999999998
vacia,0.0,51.6,0.9919999999999998
vacia,0.0,51.7,0.9924999999999999
vacia,0.0,51.8,0.9924999999999999
vacia,0.0,51.9,0.9924999999999999
vacia,0.0,52.0,0.9924999999999999
vacia,0.0,52.1,0.9924999999999999
vacia,0.0,52.2,0.9924999999999999
vacia,0.0,52.3,0.9924999999999999
vacia,0.0,52.4,0.9924999999999999
vacia,0.0,52.5,0.9924999999999999
vacia,0.0,52.6,0.9929999999999998
vacia,0.0,52.7,0.9934999999999997
vacia,0.0,52.8,0.9934999999999997
vacia,0.0,52.9,0.9934999999999997
vacia,0.0,53.0,0.9934999999999997
vacia,0.0,53.1,0.9934999999999997
vacia,0.0,53.2,0.9934999999999997
vacia,0.0,53.3,0.9939999999999998
vacia,0.0,53.4,0.9939999999999998
vacia,0.0,53.5,0.9939999999999998
vacia,0.0,53.6,0.9939999999999998
vacia,0.0,53.7,0.9939999999999998
vacia,0.0,53.8,0.9939999999999998
vacia,0.0,53.9,0.9939999999999998
vacia,0.0,54.0,0.9949999999999999
vacia,0.0,54.1,0.9949999999999999
vacia,0.0,54.2,0.9949999999999999
vacia,0.0,54.3,0.9949999999999999
vacia,0.0,54.4,0.9949999999999999
vacia,0.0,54.5,0.9949999999999999
vacia,0.0,54.6,0.9949999999999999
vacia,0.0,54.7,0.9949999999999999
vacia,0.0,54.8,0.9954999999999998
vacia,0.0,54.9,0.9954999999999998
vacia,0.0,55.0,0.9954999999999998
vacia,0.0,55.1,0.9954999999999998
vacia,0.0,55.2,0.9959999999999999
vacia,0.0,55.3,0.9959999999999999
vacia,0.0,55.4,0.9959999999999999
vacia,0.0,55.5,0.9959999999999999
vacia,0.0,55.6,0.9964999999999999
vacia,0.0,55.7,0.9964999999999999
vacia,0.0,55.8,0.9964999999999999
vacia,0.0,55.9,0.9970000000000001
vacia,0.0,56.0,0.9970000000000001
vacia,0.0,56.1,0.9970000000000001
vacia,0.0,56.2,0.9970000000000001
vacia,0.0,56.3,0.9970000000000001
vacia,0.0,56.4,0.9970000000000001
vacia,0.0,56.5,0.9970000000000001
vacia,0.0,56.6,0.9970000000000001
vacia,0.0,56.7,0.9970000000000001
vacia,0.0,56.8,0.9970000000000001
vacia,0.0,56.9,0.9970000000000001
vacia,0.0,57.0,0.9975000000000002
vacia,0.0,57.1,0.9975000000000002
vacia,0.0,57.2,0.9975000000000002
vacia,0.0,57.3,0.9975000000000002
vacia,0.0,57.4,0.998
vacia,0.0,57.5,0.998
vacia,0.0,57.6,0.998
vacia,0.0,57.7,0.998
vacia,0.0,57.8,0.9984999999999999
vacia,0.0,57.9,0.9984999999999999
vacia,0.0,58.0,0.9984999999999999
vacia,0.0,58.1,0.9984999999999999
vacia,0.0,58.2,0.9984999999999999
vacia,0.0,58.3,0.9984999999999999
vacia,0.0,58.4,0.9984999999999999
vacia,0.0,58.5,0.9984999999999999
vacia,0.0,58.6,0.9984999999999999
vacia,0.0,58.7,0.9984999999999999
vacia,0.0,58.8,0.9984999999999999
vacia,0.0,58.9,0.9984999999999999
vacia,0.0,59.0,0.9984999999999999
vacia,0.0,59.1,0.9984999999999999
vacia,0.0,59.2,0.9984999999999999
vacia,0.0,59.3,0.999
vacia,0.0,59.4,0.999
vacia,0.0,59.5,0.999
vacia,0.0,59.6,0.999
vacia,0.0,59.7,0.9995
vacia,0.0,59.8,0.9995
vacia,0.0,59.9,0.9995
vacia,0.0,60.0,0.9995
disco_r05,0.05,0.0,0.0
disco_r05,0.05,0.1,0.015500000000000003
disco_r05,0.05,0.2,0.03150000000000001
disco_r05,0.05,0.3,0.04700000000000001
disco_r05,0.05,0.4,0.05600000000000003
disco_r05,0.05,0.5,0.06700000000000003
disco_r05,0.05,0.6,0.07650000000000003
disco_r05,0.05,0.7,0.08650000000000002
disco_r05,0.05,0.8,0.09900000000000005
disco_r05,0.05,0.9,0.11200000000000003
disco_r05,0.05,1.0,0.12300000000000003
disco_r05,0.05,1.1,0.13000000000000003
disco_r05,0.05,1.2,0.1365
disco_r05,0.05,1.3,0.1445
disco_r05,0.05,1.4,0.15649999999999997
disco_r05,0.05,1.5,0.1625
disco_r05,0.05,1.6,0.17149999999999999
disco_r05,0.05,1.7,0.18249999999999997
disco_r05,0.05,1.8,0.19100000000000003
disco_r05,0.05,1.9,0.1965
disco_r05,0.05,2.0,0.21000000000000002
disco_r05,0.05,2.1,0.2205
disco_r05,0.05,2.2,0.229
disco_r05,0.05,2.3,0.23699999999999996
disco_r05,0.05,2.4,0.244
disco_r05,0.05,2.5,0.25
disco_r05,0.05,2.6,0.25649999999999995
disco_r05,0.05,2.7,0.261
disco_r05,0.05,2.8,0.271
disco_r05,0.05,2.9,0.2765000000000001
disco_r05,0.05,3.0,0.2845000000000001
disco_r05,0.05,3.1,0.2925
disco_r05,0.05,3.2,0.297
disco_r05,0.05,3.3,0.30449999999999994
disco_r05,0.05,3.4,0.312
disco_r05,0.05,3.5,0.3205
disco_r05,0.05,3.6,0.3309999999999999
disco_r05,0.05,3.7,0.33799999999999997
disco_r05,0.05,3.8,0.34049999999999997
disco_r05,0.05,3.9,0.3455
disco_r05,0.05,4.0,0.3524999999999999
disco_r05,0.05,4.1,0.35999999999999993
disco_r05,0.05,4.2,0.3665
disco_r05,0.05,4.3,0.375
disco_r05,0.05,4.4,0.37950000000000006
disco_r05,0.05,4.5,0.3865
disco_r05,0.05,4.6,0.3919999999999999
disco_r05,0.05,4.7,0.39649999999999996
disco_r05,0.05,4.8,0.402
disco_r05,0.05,4.9,0.4050000000000001
disco_r05,0.05,5.0,0.41000000000000003
disco_r05,0.05,5.1,0.4165000000000001
disco_r05,0.05,5.2,0.4235000000000001
disco_r05,0.05,5.3,0.429
disco_r05,0.05,5.4,0.43550000000000005
disco_r05,0.05,5.5,0.44250000000000006
disco_r05,0.05,5.6,0.4485
disco_r05,0.05,5.7,0.45549999999999996
disco_r05,0.05,5.8,0.461
disco_r05,0.05,5.9,0.4655
disco_r05,0.05,6.0,0.4715
disco_r05,0.05,6.1,0.47450000000000003
disco_r05,0.05,6.2,0.48
disco_r05,0.05,6.3,0.48200000000000004
disco_r05,0.05,6.4,0.48599999999999993
disco_r05,0.05,6.5,0.4919999999999999
disco_r05,0.05,6.6,0.496
disco_r05,0.05,6.7,0.4999999999999999
disco_r05,0.05,6.8,0.5060000000000001
disco_r05,0.05,6.9,0.51
disco_r05,0.05,7.0,0.5155000000000001
disco_r05,0.05,7.1,0.5200000000000001
disco_r05,0.05,7.2,0.531
disco_r05,0.05,7.3,0.534
disco_r05,0.05,7.4,0.5405
disco_r05,0.05,7.5,0.5469999999999999
disco_r05,0.05,7.6,0.5505
disco_r05,0.05,7.7,0.5544999999999999
disco_r05,0.05,7.8,0.5565
disco_r05,0.05,7.9,0.5599999999999998
disco_r05,0.05,8.0,0.5634999999999999
disco_r05,0.05,8.1,0.567
disco_r05,0.05,8.2,0.5725
disco_r05,0.05,8.3,0.5765000000000001
disco_r05,0.05,8.4,0.579
disco_r05,0.05,8.5,0.5845
disco_r05,0.05,8.6,0.5905
disco_r05,0.05,8.7,0.5940000000000001
disco_r05,0.05,8.8,0.5995000000000001
disco_r05,0.05,8.9,0.6045
disco_r05,0.05,9.0,0.6100000000000001
disco_r05,0.05,9.1,0.615
disco_r05,0.05,9.2,0.6184999999999999
disco_r05,0.05,9.3,0.6235
disco_r05,0.05,9.4,0.6269999999999999
disco_r05,0.05,9.5,0.633
disco_r05,0.05,9.6,0.637
disco_r05,0.05,9.7,0.6399999999999999
disco_r05,0.05,9.8,0.6435000000000001
disco_r05,0.05,9.9,0.6485000000000001
disco_r05,0.05,10.0,0.6525
disco_r05,0.05,10.1,0.6560000000000001
disco_r05,0.05,10.2,0.6595000000000001
disco_r05,0.05,10.3,0.664
disco_r05,0.05,10.4,0.666
disco_r05,0.05,10.5,0.667
disco_r05,0.05,10.6,0.6695
disco_r05,0.05,10.7,0.6725000000000001
disco_r05,0.05,10.8,0.6759999999999999
disco_r05,0.05,10.9,0.6789999999999999
disco_r05,0.05,11.0,0.6815
disco_r05,0.05,11.1,0.6859999999999999
disco_r05,0.05,11.2,0.6895
disco_r05,0.05,11.3,0.6920000000000001
disco_r05,0.05,11.4,0.6970000000000001
disco_r05,0.05,11.5,0.6984999999999999
disco_r05,0.05,11.6,0.7030000000000001
disco_r05,0.05,11.7,0.7075
disco_r05,0.05,11.8,0.7095
disco_r05,0.05,11.9,0.712
disco_r05,0.05,12.0,0.7144999999999999
disco_r05,0.05,12.1,0.7175
disco_r05,0.05,12.2,0.7209999999999999
disco_r05,0.05,12.3,0.7234999999999998
disco_r05,0.05,12.4,0.7249999999999999
disco_r05,0.05,12.5,0.7269999999999998
disco_r05,0.05,12.6,0.7289999999999999
disco_r05,0.05,12.7,0.7319999999999999
disco_r05,0.05,12.8,0.7339999999999998
disco_r05,0.05,12.9,0.7354999999999998
disco_r05,0.05,13.0,0.7394999999999999
disco_r05,0.05,13.1,0.7435
disco_r05,0.05,13.2,0.7449999999999999
disco_r05,0.05,13.3,0.7475000000000002
disco_r05,0.05,13.4,0.7495
disco_r05,0.05,13.5,0.7510000000000001
disco_r05,0.05,13.6,0.7550000000000001
disco_r05,0.05,13.7,0.758
disco_r05,0.05,13.8,0.7610000000000001
disco_r05,0.05,13.9,0.765
disco_r05,0.05,14.0,0.768
disco_r05,0.05,14.1,0.7705
disco_r05,0.05,14.2,0.773
disco_r05,0.05,14.3,0.776
disco_r05,0.05,14.4,0.7790000000000001
disco_r05,0.05,14.5,0.783
disco_r05,0.05,14.6,0.7849999999999999
disco_r05,0.05,14.7,0.7885000000000001
disco_r05,0.05,14.8,0.7909999999999999
disco_r05,0.05,14.9,0.7954999999999999
disco_r05,0.05,15.0,0.7999999999999999
disco_r05,0.05,15.1,0.8019999999999999
disco_r05,0.05,15.2,0.8049999999999999
disco_r05,0.05,15.3,0.807
disco_r05,0.05,15.4,0.8074999999999999
disco_r05,0.05,15.5,0.8109999999999999
disco_r05,0.05,15.6,0.813
disco_r05,0.05,15.7,0.8160000000000001
disco_r05,0.05,15.8,0.817
disco_r05,0.05,15.9,0.8174999999999999
disco_r05,0.05,16.0,0.8194999999999999
disco_r05,0.05,16.1,0.82
disco_r05,0.05,16.2,0.8204999999999998
disco_r05,0.05,16.3,0.8230000000000001
disco_r05,0.05,16.4,0.826
disco_r05,0.05,16.5,0.8265
disco_r05,0.05,16.6,0.8274999999999999
disco_r05,0.05,16.7,0.8314999999999999
disco_r05,0.05,16.8,0.833
disco_r05,0.05,16.9,0.8345
disco_r05,0.05,17.0,0.8365
disco_r05,0.05,17.1,0.8389999999999999
disco_r05,0.05,17.2,0.8409999999999999
disco_r05,0.05,17.3,0.842
disco_r05,0.05,17.4,0.843
disco_r05,0.05,17.5,0.8434999999999999
disco_r05,0.05,17.6,0.844
disco_r05,0.05,17.7,0.8455
disco_r05,0.05,17.8,0.8474999999999998
disco_r05,0.05,17.9,0.8499999999999999
disco_r05,0.05,18.0,0.8509999999999998
disco_r05,0.05,18.1,0.853
disco_r05,0.05,18.2,0.8544999999999998
disco_r05,0.05,18.3,0.8569999999999999
disco_r05,0.05,18.4,0.8584999999999999
disco_r05,0.05,18.5,0.8604999999999998
disco_r05,0.05,18.6,0.8619999999999999
disco_r05,0.05,18.7,0.8634999999999999
disco_r05,0.05,18.8,0.8649999999999999
disco_r05,0.05,18.9,0.8664999999999999
disco_r05,0.05,19.0,0.8679999999999998
disco_r05,0.05,19.1,0.8689999999999998
disco_r05,0.05,19.2,0.8699999999999999
disco_r05,0.05,19.3,0.8709999999999999
disco_r05,0.05,19.4,0.8719999999999999
disco_r05,0.05,19.5,0.8724999999999998
disco_r05,0.05,19.6,0.8739999999999999
disco_r05,0.05,19.7,0.8749999999999998
disco_r05,0.05,19.8,0.8764999999999998
disco_r05,0.05,19.9,0.8779999999999998
disco_r05,0.05,20.0,0.8789999999999999
disco_r05,0.05,20.1,0.8800000000000001
disco_r05,0.05,20.2,0.8815000000000002
disco_r05,0.05,20.3,0.883
disco_r05,0.05,20.4,0.884
disco_r05,0.05,20.5,0.8855000000000001
disco_r05,0.05,20.6,0.8860000000000001
disco_r05,0.05,20.7,0.8880000000000001
disco_r05,0.05,20.8,0.8895000000000002
disco_r05,0.05,20.9,0.8905000000000001
disco_r05,0.05,21.0,0.8905000000000001
disco_r05,0.05,21.1,0.8915000000000001
disco_r05,0.05,21.2,0.8965000000000002
disco_r05,0.05,21.3,0.8975000000000002
disco_r05,0.05,21.4,0.898
disco_r05,0.05,21.5,0.8985000000000001
disco_r05,0.05,21.6,0.9005000000000001
disco_r05,0.05,21.7,0.9010000000000001
disco_r05,0.05,21.8,0.9019999999999999
disco_r05,0.05,21.9,0.9035
disco_r05,0.05,22.0,0.905
disco_r05,0.05,22.1,0.906
disco_r05,0.05,22.2,0.906
disco_r05,0.05,22.3,0.908
disco_r05,0.05,22.4,0.9085000000000001
disco_r05,0.05,22.5,0.9095000000000001
disco_r05,0.05,22.6,0.9115
disco_r05,0.05,22.7,0.9120000000000001
disco_r05,0.05,22.8,0.9125
disco_r05,0.05,22.9,0.9145
disco_r05,0.05,23.0,0.9145
disco_r05,0.05,23.1,0.916
disco_r05,0.05,23.2,0.916
disco_r05,0.05,23.3,0.9164999999999999
disco_r05,0.05,23.4,0.9175000000000001
disco_r05,0.05,23.5,0.9179999999999999
disco_r05,0.05,23.6,0.9179999999999999
disco_r05,0.05,23.7,0.9185000000000001
disco_r05,0.05,23.8,0.9209999999999999
disco_r05,0.05,23.9,0.9219999999999999
disco_r05,0.05,24.0,0.9244999999999998
disco_r05,0.05,24.1,0.9249999999999998
disco_r05,0.05,24.2,0.9254999999999998
disco_r05,0.05,24.3,0.9259999999999998
disco_r05,0.05,24.4,0.9264999999999999
disco_r05,0.05,24.5,0.9279999999999997
disco_r05,0.05,24.6,0.9284999999999999
disco_r05,0.05,24.7,0.9304999999999998
disco_r05,0.05,24.8,0.9315
disco_r05,0.05,24.9,0.9315
disco_r05,0.05,25.0,0.9324999999999998
disco_r05,0.05,25.1,0.9324999999999998
disco_r05,0.05,25.2,0.9324999999999998
disco_r05,0.05,25.3,0.9329999999999998
disco_r05,0.05,25.4,0.9329999999999998
disco_r05,0.05,25.5,0.9334999999999999
disco_r05,0.05,25.6,0.9354999999999999
disco_r05,0.05,25.7,0.9354999999999999
disco_r05,0.05,25.8,0.9354999999999999
disco_r05,0.05,25.9,0.9354999999999999
disco_r05,0.05,26.0,0.9359999999999999
disco_r05,0.05,26.1,0.9369999999999999
disco_r05,0.05,26.2,0.9380000000000001
disco_r05,0.05,26.3,0.9385
disco_r05,0.05,26.4,0.9385
disco_r05,0.05,26.5,0.9385
disco_r05,0.05,26.6,0.9399999999999998
disco_r05,0.05,26.7,0.9399999999999998
disco_r05,0.05,26.8,0.9409999999999998
disco_r05,0.05,26.9,0.9414999999999999
disco_r05,0.05,27.0,0.9414999999999999
disco_r05,0.05,27.1,0.943
disco_r05,0.05,27.2,0.944
disco_r05,0.05,27.3,0.946
disco_r05,0.05,27.4,0.9465
disco_r05,0.05,27.5,0.9475
disco_r05,0.05,27.6,0.9484999999999999
disco_r05,0.05,27.7,0.9484999999999999
disco_r05,0.05,27.8,0.9484999999999999
disco_r05,0.05,27.9,0.9494999999999999
disco_r05,0.05,28.0,0.9494999999999999
disco_r05,0.05,28.1,0.95
disco_r05,0.05,28.2,0.95
disco_r05,0.05,28.3,0.9515
disco_r05,0.05,28.4,0.952
disco_r05,0.05,28.5,0.9525
disco_r05,0.05,28.6,0.9525
disco_r05,0.05,28.7,0.9530000000000001
disco_r05,0.05,28.8,0.9535
disco_r05,0.05,28.9,0.9535
disco_r05,0.05,29.0,0.9535
disco_r05,0.05,29.1,0.9535
disco_r05,0.05,29.2,0.9545
disco_r05,0.05,29.3,0.9545
disco_r05,0.05,29.4,0.9560000000000001
disco_r05,0.05,29.5,0.9560000000000001
disco_r05,0.05,29.6,0.9560000000000001
disco_r05,0.05,29.7,0.9575000000000001
disco_r05,0.05,29.8,0.9585000000000001
disco_r05,0.05,29.9,0.9590000000000002
disco_r05,0.05,30.0,0.9595
disco_r05,0.05,30.1,0.9600000000000002
disco_r05,0.05,30.2,0.9600000000000002
disco_r05,0.05,30.3,0.9605
disco_r05,0.05,30.4,0.961
disco_r05,0.05,30.5,0.9615
disco_r05,0.05,30.6,0.962
disco_r05,0.05,30.7,0.9625
disco_r05,0.05,30.8,0.9625
disco_r05,0.05,30.9,0.9625
disco_r05,0.05,31.0,0.9625
disco_r05,0.05,31.1,0.9635
disco_r05,0.05,31.2,0.9639999999999999
disco_r05,0.05,31.3,0.9639999999999999
disco_r05,0.05,31.4,0.9644999999999999
disco_r05,0.05,31.5,0.9644999999999999
disco_r05,0.05,31.6,0.9644999999999999
disco_r05,0.05,31.7,0.9644999999999999
disco_r05,0.05,31.8,0.9644999999999999
disco_r05,0.05,31.9,0.9650000000000001
disco_r05,0.05,32.0,0.9655000000000001
disco_r05,0.05,32.1,0.966
disco_r05,0.05,32.2,0.966
disco_r05,0.05,32.3,0.966
disco_r05,0.05,32.4,0.966
disco_r05,0.05,32.5,0.9665000000000001
disco_r05,0.05,32.6,0.9665000000000001
disco_r05,0.05,32.7,0.967
disco_r05,0.05,32.8,0.9675
disco_r05,0.05,32.9,0.9685
disco_r05,0.05,33.0,0.9685
disco_r05,0.05,33.1,0.9685
disco_r05,0.05,33.2,0.969
disco_r05,0.05,33.3,0.97
disco_r05,0.05,33.4,0.9705
disco_r05,0.05,33.5,0.9709999999999999
disco_r05,0.05,33.6,0.9715
disco_r05,0.05,33.7,0.9715
disco_r05,0.05,33.8,0.9719999999999999
disco_r05,0.05,33.9,0.9719999999999999
disco_r05,0.05,34.0,0.9724999999999999
disco_r05,0.05,34.1,0.9724999999999999
disco_r05,0.05,34.2,0.9724999999999999
disco_r05,0.05,34.3,0.9724999999999999
disco_r05,0.05,34.4,0.9724999999999999
disco_r05,0.05,34.5,0.9724999999999999
disco_r05,0.05,34.6,0.9730000000000001
disco_r05,0.05,34.7,0.9734999999999999
disco_r05,0.05,34.8,0.974
disco_r05,0.05,34.9,0.9745000000000001
disco_r05,0.05,35.0,0.9750000000000002
disco_r05,0.05,35.1,0.9750000000000002
disco_r05,0.05,35.2,0.9750000000000002
disco_r05,0.05,35.3,0.9750000000000002
disco_r05,0.05,35.4,0.9750000000000002
disco_r05,0.05,35.5,0.9755
disco_r05,0.05,35.6,0.9755
disco_r05,0.05,35.7,0.9755
disco_r05,0.05,35.8,0.9755
disco_r05,0.05,35.9,0.9755
disco_r05,0.05,36.0,0.9755
disco_r05,0.05,36.1,0.9755
disco_r05,0.05,36.2,0.976
disco_r05,0.05,36.3,0.976
disco_r05,0.05,36.4,0.9765
disco_r05,0.05,36.5,0.9765
disco_r05,0.05,36.6,0.977
disco_r05,0.05,36.7,0.977
disco_r05,0.05,36.8,0.977
disco_r05,0.05,36.9,0.977
disco_r05,0.05,37.0,0.977
disco_r05,0.05,37.1,0.977
disco_r05,0.05,37.2,0.977
disco_r05,0.05,37.3,0.977
disco_r05,0.05,37.4,0.977
disco_r05,0.05,37.5,0.977
disco_r05,0.05,37.6,0.9774999999999998
disco_r05,0.05,37.7,0.9774999999999998
disco_r05,0.05,37.8,0.9774999999999998
disco_r05,0.05,37.9,0.9774999999999998
disco_r05,0.05,38.0,0.9774999999999998
disco_r05,0.05,38.1,0.978
disco_r05,0.05,38.2,0.978
disco_r05,0.05,38.3,0.978
disco_r05,0.05,38.4,0.978
disco_r05,0.05,38.5,0.978
disco_r05,0.05,38.6,0.9785
disco_r05,0.05,38.7,0.9795
disco_r05,0.05,38.8,0.9795
disco_r05,0.05,38.9,0.9795
disco_r05,0.05,39.0,0.9795
disco_r05,0.05,39.1,0.9795
disco_r05,0.05,39.2,0.9795
disco_r05,0.05,39.3,0.9795
disco_r05,0.05,39.4,0.9795
disco_r05,0.05,39.5,0.9799999999999999
disco_r05,0.05,39.6,0.9799999999999999
disco_r05,0.05,39.7,0.9799999999999999
disco_r05,0.05,39.8,0.9799999999999999
disco_r05,0.05,39.9,0.9804999999999999
disco_r05,0.05,40.0,0.9809999999999999
disco_r05,0.05,40.1,0.9814999999999999
disco_r05,0.05,40.2,0.9814999999999999
disco_r05,0.05,40.3,0.9819999999999999
disco_r05,0.05,40.4,0.9819999999999999
disco_r05,0.05,40.5,0.9819999999999999
disco_r05,0.05,40.6,0.9819999999999999
disco_r05,0.05,40.7,0.9819999999999999
disco_r05,0.05,40.8,0.9824999999999999
disco_r05,0.05,40.9,0.9829999999999999
disco_r05,0.05,41.0,0.9829999999999999
disco_r05,0.05,41.1,0.9834999999999999
disco_r05,0.05,41.2,0.9839999999999998
disco_r05,0.05,41.3,0.9844999999999999
disco_r05,0.05,41.4,0.9844999999999999
disco_r05,0.05,41.5,0.9844999999999999
disco_r05,0.05,41.6,0.9844999999999999
disco_r05,0.05,41.7,0.9849999999999998
disco_r05,0.05,41.8,0.9854999999999998
disco_r05,0.05,41.9,0.9854999999999998
disco_r05,0.05,42.0,0.9854999999999998
disco_r05,0.05,42.1,0.9854999999999998
disco_r05,0.05,42.2,0.9854999999999998
disco_r05,0.05,42.3,0.9854999999999998
disco_r05,0.05,42.4,0.9854999999999998
disco_r05,0.05,42.5,0.9854999999999998
disco_r05,0.05,42.6,0.9854999999999998
disco_r05,0.05,42.7,0.9854999999999998
disco_r05,0.05,42.8,0.9854999999999998
disco_r05,0.05,42.9,0.9854999999999998
disco_r05,0.05,43.0,0.986
disco_r05,0.05,43.1,0.986
disco_r05,0.05,43.2,0.986
disco_r05,0.05,43.3,0.986
disco_r05,0.05,43.4,0.9865
disco_r05,0.05,43.5,0.9865
disco_r05,0.05,43.6,0.9865
disco_r05,0.05,43.7,0.9865
disco_r05,0.05,43.8,0.9865
disco_r05,0.05,43.9,0.9865
disco_r05,0.05,44.0,0.9865
disco_r05,0.05,44.1,0.9869999999999999
disco_r05,0.05,44.2,0.9869999999999999
disco_r05,0.05,44.3,0.9869999999999999
disco_r05,0.05,44.4,0.9869999999999999
disco_r05,0.05,44.5,0.9869999999999999
disco_r05,0.05,44.6,0.9875
disco_r05,0.05,44.7,0.9875
disco_r05,0.05,44.8,0.9875
disco_r05,0.05,44.9,0.9875
disco_r05,0.05,45.0,0.9880000000000001
disco_r05,0.05,45.1,0.9880000000000001
disco_r05,0.05,45.2,0.9880000000000001
disco_r05,0.05,45.3,0.9880000000000001
disco_r05,0.05,45.4,0.9884999999999999
disco_r05,0.05,45.5,0.9884999999999999
disco_r05,0.05,45.6,0.9884999999999999
disco_r05,0.05,45.7,0.9884999999999999
disco_r05,0.05,45.8,0.9884999999999999
disco_r05,0.05,45.9,0.9884999999999999
disco_r05,0.05,46.0,0.9884999999999999
disco_r05,0.05,46.1,0.9889999999999999
disco_r05,0.05,46.2,0.9889999999999999
disco_r05,0.05,46.3,0.9889999999999999
disco_r05,0.05,46.4,0.9889999999999999
disco_r05,0.05,46.5,0.9889999999999999
disco_r05,0.05,46.6,0.9889999999999999
disco_r05,0.05,46.7,0.9889999999999999
disco_r05,0.05,46.8,0.9894999999999999
disco_r05,0.05,46.9,0.9894999999999999
disco_r05,0.05,47.0,0.9894999999999999
disco_r05,0.05,47.1,0.9894999999999999
disco_r05,0.05,47.2,0.9894999999999999
disco_r05,0.05,47.3,0.9894999999999999
disco_r05,0.05,47.4,0.9894999999999999
disco_r05,0.05,47.5,0.9894999999999999
disco_r05,0.05,47.6,0.9894999999999999
disco_r05,0.05,47.7,0.9894999999999999
disco_r05,0.05,47.8,0.9894999999999999
disco_r05,0.05,47.9,0.9894999999999999
disco_r05,0.05,48.0,0.9899999999999999
disco_r05,0.05,48.1,0.9899999999999999
disco_r05,0.05,48.2,0.9899999999999999
disco_r05,0.05,48.3,0.9904999999999999
disco_r05,0.05,48.4,0.9904999999999999
disco_r05,0.05,48.5,0.9904999999999999
disco_r05,0.05,48.6,0.9904999999999999
disco_r05,0.05,48.7,0.991
disco_r05,0.05,48.8,0.991
disco_r05,0.05,48.9,0.991
disco_r05,0.05,49.0,0.991
disco_r05,0.05,49.1,0.991
disco_r05,0.05,49.2,0.991
disco_r05,0.05,49.3,0.9915
disco_r05,0.05,49.4,0.992
disco_r05,0.05,49.5,0.992
disco_r05,0.05,49.6,0.992
disco_r05,0.05,49.7,0.992
disco_r05,0.05,49.8,0.992
disco_r05,0.05,49.9,0.992
disco_r05,0.05,50.0,0.992
disco_r05,0.05,50.1,0.992
disco_r05,0.05,50.2,0.992
disco_r05,0.05,50.3,0.992
disco_r05,0.05,50.4,0.992
disco_r05,0.05,50.5,0.992
disco_r05,0.05,50.6,0.992
disco_r05,0.05,50.7,0.992
disco_r05,0.05,50.8,0.992
disco_r05,0.05,50.9,0.992
disco_r05,0.05,51.0,0.992
disco_r05,0.05,51.1,0.992
disco_r05,0.05,51.2,0.993
disco_r05,0.05,51.3,0.993
disco_r05,0.05,51.4,0.993
disco_r05,0.05,51.5,0.9935
disco_r05,0.05,51.6,0.9935
disco_r05,0.05,51.7,0.9935
disco_r05,0.05,51.8,0.9935
disco_r05,0.05,51.9,0.9935
disco_r05,0.05,52.0,0.9935
disco_r05,0.05,52.1,0.9935
disco_r05,0.05,52.2,0.9935
disco_r05,0.05,52.3,0.9935
disco_r05,0.05,52.4,0.9935
disco_r05,0.05,52.5,0.9935
disco_r05,0.05,52.6,0.994
disco_r05,0.05,52.7,0.994
disco_r05,0.05,52.8,0.994
disco_r05,0.05,52.9,0.994
disco_r05,0.05,53.0,0.994
disco_r05,0.05,53.1,0.994
disco_r05,0.05,53.2,0.9944999999999998
disco_r05,0.05,53.3,0.9944999999999998
disco_r05,0.05,53.4,0.9944999999999998
disco_r05,0.05,53.5,0.9944999999999998
disco_r05,0.05,53.6,0.9944999999999998
disco_r05,0.05,53.7,0.9944999999999998
disco_r05,0.05,53.8,0.9944999999999998
disco_r05,0.05,53.9,0.9944999999999998
disco_r05,0.05,54.0,0.9944999999999998
disco_r05,0.05,54.1,0.9944999999999998
disco_r05,0.05,54.2,0.9944999999999998
disco_r05,0.05,54.3,0.9944999999999998
disco_r05,0.05,54.4,0.9944999999999998
disco_r05,0.05,54.5,0.9944999999999998
disco_r05,0.05,54.6,0.9944999999999998
disco_r05,0.05,54.7,0.9944999999999998
disco_r05,0.05,54.8,0.9944999999999998
disco_r05,0.05,54.9,0.9944999999999998
disco_r05,0.05,55.0,0.9944999999999998
disco_r05,0.05,55.1,0.9944999999999998
disco_r05,0.05,55.2,0.9944999999999998
disco_r05,0.05,55.3,0.9944999999999998
disco_r05,0.05,55.4,0.9944999999999998
disco_r05,0.05,55.5,0.9944999999999998
disco_r05,0.05,55.6,0.9944999999999998
disco_r05,0.05,55.7,0.9949999999999999
disco_r05,0.05,55.8,0.9949999999999999
disco_r05,0.05,55.9,0.9949999999999999
disco_r05,0.05,56.0,0.9949999999999999
disco_r05,0.05,56.1,0.9949999999999999
disco_r05,0.05,56.2,0.9949999999999999
disco_r05,0.05,56.3,0.9955
disco_r05,0.05,56.4,0.9955
disco_r05,0.05,56.5,0.9955
disco_r05,0.05,56.6,0.9955
disco_r05,0.05,56.7,0.9955
disco_r05,0.05,56.8,0.9955
disco_r05,0.05,56.9,0.9955
disco_r05,0.05,57.0,0.9955
disco_r05,0.05,57.1,0.9959999999999999
disco_r05,0.05,57.2,0.9959999999999999
disco_r05,0.05,57.3,0.9959999999999999
disco_r05,0.05,57.4,0.9959999999999999
disco_r05,0.05,57.5,0.9959999999999999
disco_r05,0.05,57.6,0.9959999999999999
disco_r05,0.05,57.7,0.9959999999999999
disco_r05,0.05,57.8,0.9959999999999999
disco_r05,0.05,57.9,0.9964999999999998
disco_r05,0.05,58.0,0.9964999999999998
disco_r05,0.05,58.1,0.9964999999999998
disco_r05,0.05,58.2,0.9970000000000001
disco_r05,0.05,58.3,0.9970000000000001
disco_r05,0.05,58.4,0.9970000000000001
disco_r05,0.05,58.5,0.9970000000000001
disco_r05,0.05,58.6,0.9970000000000001
disco_r05,0.05,58.7,0.9970000000000001
disco_r05,0.05,58.8,0.9970000000000001
disco_r05,0.05,58.9,0.9970000000000001
disco_r05,0.05,59.0,0.9970000000000001
disco_r05,0.05,59.1,0.9970000000000001
disco_r05,0.05,59.2,0.9970000000000001
disco_r05,0.05,59.3,0.9970000000000001
disco_r05,0.05,59.4,0.9970000000000001
disco_r05,0.05,59.5,0.9970000000000001
disco_r05,0.05,59.6,0.9970000000000001
disco_r05,0.05,59.7,0.9970000000000001
disco_r05,0.05,59.8,0.9970000000000001
disco_r05,0.05,59.9,0.9970000000000001
disco_r05,0.05,60.0,0.9970000000000001
disco_r08,0.08,0.0,0.0
disco_r08,0.08,0.1,0.013999999999999999
disco_r08,0.08,0.2,0.03200000000000001
disco_r08,0.08,0.3,0.047500000000000014
disco_r08,0.08,0.4,0.05850000000000002
disco_r08,0.08,0.5,0.06850000000000002
disco_r08,0.08,0.6,0.07750000000000001
disco_r08,0.08,0.7,0.08900000000000004
disco_r08,0.08,0.8,0.09700000000000004
disco_r08,0.08,0.9,0.10900000000000006
disco_r08,0.08,1.0,0.11700000000000002
disco_r08,0.08,1.1,0.1265
disco_r08,0.08,1.2,0.135
disco_r08,0.08,1.3,0.1435
disco_r08,0.08,1.4,0.153
disco_r08,0.08,1.5,0.1625
disco_r08,0.08,1.6,0.17200000000000001
disco_r08,0.08,1.7,0.18049999999999997
disco_r08,0.08,1.8,0.19100000000000003
disco_r08,0.08,1.9,0.2
disco_r08,0.08,2.0,0.20450000000000004
disco_r08,0.08,2.1,0.21100000000000002
disco_r08,0.08,2.2,0.22200000000000003
disco_r08,0.08,2.3,0.23300000000000004
disco_r08,0.08,2.4,0.23750000000000004
disco_r08,0.08,2.5,0.24500000000000005
disco_r08,0.08,2.6,0.2535
disco_r08,0.08,2.7,0.26050000000000006
disco_r08,0.08,2.8,0.27049999999999996
disco_r08,0.08,2.9,0.27549999999999997
disco_r08,0.08,3.0,0.28500000000000003
disco_r08,0.08,3.1,0.29300000000000004
disco_r08,0.08,3.2,0.2965
disco_r08,0.08,3.3,0.30349999999999994
disco_r08,0.08,3.4,0.3115
disco_r08,0.08,3.5,0.319
disco_r08,0.08,3.6,0.32399999999999995
disco_r08,0.08,3.7,0.33199999999999996
disco_r08,0.08,3.8,0.341
disco_r08,0.08,3.9,0.3505000000000001
disco_r08,0.08,4.0,0.35600000000000004
disco_r08,0.08,4.1,0.36150000000000004
disco_r08,0.08,4.2,0.3695
disco_r08,0.08,4.3,0.37600000000000006
disco_r08,0.08,4.4,0.38150000000000006
disco_r08,0.08,4.5,0.38650000000000007
disco_r08,0.08,4.6,0.393
disco_r08,0.08,4.7,0.40149999999999997
disco_r08,0.08,4.8,0.4085
disco_r08,0.08,4.9,0.4165
disco_r08,0.08,5.0,0.4245
disco_r08,0.08,5.1,0.42899999999999994
disco_r08,0.08,5.2,0.43500000000000005
disco_r08,0.08,5.3,0.44350000000000006
disco_r08,0.08,5.4,0.45050000000000007
disco_r08,0.08,5.5,0.45599999999999996
disco_r08,0.08,5.6,0.46049999999999985
disco_r08,0.08,5.7,0.4654999999999999
disco_r08,0.08,5.8,0.47350000000000003
disco_r08,0.08,5.9,0.47700000000000004
disco_r08,0.08,6.0,0.485
disco_r08,0.08,6.1,0.488
disco_r08,0.08,6.2,0.49399999999999994
disco_r08,0.08,6.3,0.499
disco_r08,0.08,6.4,0.5045000000000002
disco_r08,0.08,6.5,0.5080000000000002
disco_r08,0.08,6.6,0.5135000000000001
disco_r08,0.08,6.7,0.5170000000000001
disco_r08,0.08,6.8,0.522
disco_r08,0.08,6.9,0.528
disco_r08,0.08,7.0,0.531
disco_r08,0.08,7.1,0.535
disco_r08,0.08,7.2,0.538
disco_r08,0.08,7.3,0.5429999999999999
disco_r08,0.08,7.4,0.5489999999999999
disco_r08,0.08,7.5,0.5539999999999998
disco_r08,0.08,7.6,0.5584999999999999
disco_r08,0.08,7.7,0.5624999999999999
disco_r08,0.08,7.8,0.5655
disco_r08,0.08,7.9,0.5730000000000001
disco_r08,0.08,8.0,0.5795
disco_r08,0.08,8.1,0.584
disco_r08,0.08,8.2,0.5854999999999999
disco_r08,0.08,8.3,0.5904999999999999
disco_r08,0.08,8.4,0.5940000000000001
disco_r08,0.08,8.5,0.5984999999999999
disco_r08,0.08,8.6,0.6020000000000001
disco_r08,0.08,8.7,0.6075
disco_r08,0.08,8.8,0.6135
disco_r08,0.08,8.9,0.6175
disco_r08,0.08,9.0,0.62
disco_r08,0.08,9.1,0.6240000000000001
disco_r08,0.08,9.2,0.628
disco_r08,0.08,9.3,0.6345000000000001
disco_r08,0.08,9.4,0.6365000000000001
disco_r08,0.08,9.5,0.6400000000000001
disco_r08,0.08,9.6,0.6430000000000001
disco_r08,0.08,9.7,0.6450000000000001
disco_r08,0.08,9.8,0.65
disco_r08,0.08,9.9,0.6525000000000001
disco_r08,0.08,10.0,0.657
disco_r08,0.08,10.1,0.661
disco_r08,0.08,10.2,0.6615
disco_r08,0.08,10.3,0.6649999999999999
disco_r08,0.08,10.4,0.6684999999999999
disco_r08,0.08,10.5,0.6735
disco_r08,0.08,10.6,0.6784999999999999
disco_r08,0.08,10.7,0.6799999999999999
disco_r08,0.08,10.8,0.683
disco_r08,0.08,10.9,0.6859999999999999
disco_r08,0.08,11.0,0.6895
disco_r08,0.08,11.1,0.6955000000000002
disco_r08,0.08,11.2,0.6990000000000001
disco_r08,0.08,11.3,0.7010000000000002
disco_r08,0.08,11.4,0.7045
disco_r08,0.08,11.5,0.7075
disco_r08,0.08,11.6,0.7095
disco_r08,0.08,11.7,0.7124999999999999
disco_r08,0.08,11.8,0.7175
disco_r08,0.08,11.9,0.7205
disco_r08,0.08,12.0,0.7245
disco_r08,0.08,12.1,0.7275
disco_r08,0.08,12.2,0.7295
disco_r08,0.08,12.3,0.7314999999999999
disco_r08,0.08,12.4,0.7354999999999999
disco_r08,0.08,12.5,0.7394999999999998
disco_r08,0.08,12.6,0.7424999999999999
disco_r08,0.08,12.7,0.7450000000000001
disco_r08,0.08,12.8,0.748
disco_r08,0.08,12.9,0.7510000000000001
disco_r08,0.08,13.0,0.7540000000000001
disco_r08,0.08,13.1,0.7575
disco_r08,0.08,13.2,0.7595000000000001
disco_r08,0.08,13.3,0.7625000000000002
disco_r08,0.08,13.4,0.7665000000000001
disco_r08,0.08,13.5,0.768
disco_r08,0.08,13.6,0.7710000000000001
disco_r08,0.08,13.7,0.7725
disco_r08,0.08,13.8,0.7745
disco_r08,0.08,13.9,0.7750000000000001
disco_r08,0.08,14.0,0.7775000000000001
disco_r08,0.08,14.1,0.7795
disco_r08,0.08,14.2,0.7815000000000001
disco_r08,0.08,14.3,0.7835
disco_r08,0.08,14.4,0.786
disco_r08,0.08,14.5,0.789
disco_r08,0.08,14.6,0.793
disco_r08,0.08,14.7,0.796
disco_r08,0.08,14.8,0.7969999999999999
disco_r08,0.08,14.9,0.7985000000000001
disco_r08,0.08,15.0,0.8019999999999999
disco_r08,0.08,15.1,0.8045
disco_r08,0.08,15.2,0.8065
disco_r08,0.08,15.3,0.8074999999999999
disco_r08,0.08,15.4,0.8094999999999999
disco_r08,0.08,15.5,0.8119999999999999
disco_r08,0.08,15.6,0.8135
disco_r08,0.08,15.7,0.8154999999999999
disco_r08,0.08,15.8,0.817
disco_r08,0.08,15.9,0.818
disco_r08,0.08,16.0,0.8195
disco_r08,0.08,16.1,0.8225
disco_r08,0.08,16.2,0.8240000000000001
disco_r08,0.08,16.3,0.8264999999999999
disco_r08,0.08,16.4,0.8285
disco_r08,0.08,16.5,0.8309999999999998
disco_r08,0.08,16.6,0.8324999999999999
disco_r08,0.08,16.7,0.835
disco_r08,0.08,16.8,0.8365
disco_r08,0.08,16.9,0.8385
disco_r08,0.08,17.0,0.842
disco_r08,0.08,17.1,0.8455
disco_r08,0.08,17.2,0.8470000000000001
disco_r08,0.08,17.3,0.8480000000000001
disco_r08,0.08,17.4,0.8505
disco_r08,0.08,17.5,0.8514999999999999
disco_r08,0.08,17.6,0.853
disco_r08,0.08,17.7,0.8535
disco_r08,0.08,17.8,0.8554999999999999
disco_r08,0.08,17.9,0.8564999999999999
disco_r08,0.08,18.0,0.858
disco_r08,0.08,18.1,0.858
disco_r08,0.08,18.2,0.86
disco_r08,0.08,18.3,0.861
disco_r08,0.08,18.4,0.8619999999999999
disco_r08,0.08,18.5,0.8629999999999999
disco_r08,0.08,18.6,0.8644999999999999
disco_r08,0.08,18.7,0.8664999999999999
disco_r08,0.08,18.8,0.867
disco_r08,0.08,18.9,0.8699999999999999
disco_r08,0.08,19.0,0.8724999999999999
disco_r08,0.08,19.1,0.8729999999999999
disco_r08,0.08,19.2,0.8734999999999999
disco_r08,0.08,19.3,0.8749999999999998
disco_r08,0.08,19.4,0.8779999999999998
disco_r08,0.08,19.5,0.8779999999999998
disco_r08,0.08,19.6,0.8799999999999999
disco_r08,0.08,19.7,0.8809999999999997
disco_r08,0.08,19.8,0.8809999999999997
disco_r08,0.08,19.9,0.8824999999999997
disco_r08,0.08,20.0,0.8844999999999997
disco_r08,0.08,20.1,0.8859999999999998
disco_r08,0.08,20.2,0.8874999999999998
disco_r08,0.08,20.3,0.8889999999999999
disco_r08,0.08,20.4,0.8899999999999999
disco_r08,0.08,20.5,0.891
disco_r08,0.08,20.6,0.8925000000000001
disco_r08,0.08,20.7,0.8940000000000001
disco_r08,0.08,20.8,0.8945000000000001
disco_r08,0.08,20.9,0.8945000000000001
disco_r08,0.08,21.0,0.8965
disco_r08,0.08,21.1,0.8975
disco_r08,0.08,21.2,0.8975
disco_r08,0.08,21.3,0.898
disco_r08,0.08,21.4,0.9
disco_r08,0.08,21.5,0.901
disco_r08,0.08,21.6,0.9019999999999999
disco_r08,0.08,21.7,0.9045
disco_r08,0.08,21.8,0.9055
disco_r08,0.08,21.9,0.907
disco_r08,0.08,22.0,0.908
disco_r08,0.08,22.1,0.9085000000000001
disco_r08,0.08,22.2,0.9090000000000001
disco_r08,0.08,22.3,0.9095000000000001
disco_r08,0.08,22.4,0.9100000000000001
disco_r08,0.08,22.5,0.9115000000000002
disco_r08,0.08,22.6,0.9125000000000002
disco_r08,0.08,22.7,0.913
disco_r08,0.08,22.8,0.914
disco_r08,0.08,22.9,0.915
disco_r08,0.08,23.0,0.9164999999999999
disco_r08,0.08,23.1,0.917
disco_r08,0.08,23.2,0.917
disco_r08,0.08,23.3,0.9179999999999999
disco_r08,0.08,23.4,0.9189999999999999
disco_r08,0.08,23.5,0.9194999999999999
disco_r08,0.08,23.6,0.9209999999999999
disco_r08,0.08,23.7,0.9209999999999999
disco_r08,0.08,23.8,0.9219999999999999
disco_r08,0.08,23.9,0.9229999999999998
disco_r08,0.08,24.0,0.9235
disco_r08,0.08,24.1,0.925
disco_r08,0.08,24.2,0.9259999999999999
disco_r08,0.08,24.3,0.9264999999999999
disco_r08,0.08,24.4,0.9269999999999999
disco_r08,0.08,24.5,0.9284999999999999
disco_r08,0.08,24.6,0.9289999999999999
disco_r08,0.08,24.7,0.9299999999999999
disco_r08,0.08,24.8,0.9305
disco_r08,0.08,24.9,0.9305
disco_r08,0.08,25.0,0.932
disco_r08,0.08,25.1,0.9350000000000002
disco_r08,0.08,25.2,0.937
disco_r08,0.08,25.3,0.937
disco_r08,0.08,25.4,0.9385
disco_r08,0.08,25.5,0.9395
disco_r08,0.08,25.6,0.9395
disco_r08,0.08,25.7,0.9395
disco_r08,0.08,25.8,0.9395
disco_r08,0.08,25.9,0.9400000000000001
disco_r08,0.08,26.0,0.9410000000000001
disco_r08,0.08,26.1,0.9414999999999999
disco_r08,0.08,26.2,0.9419999999999998
disco_r08,0.08,26.3,0.9429999999999998
disco_r08,0.08,26.4,0.9434999999999999
disco_r08,0.08,26.5,0.9450000000000001
disco_r08,0.08,26.6,0.9455
disco_r08,0.08,26.7,0.9465
disco_r08,0.08,26.8,0.9465
disco_r08,0.08,26.9,0.9479999999999998
disco_r08,0.08,27.0,0.9489999999999998
disco_r08,0.08,27.1,0.9499999999999998
disco_r08,0.08,27.2,0.9504999999999997
disco_r08,0.08,27.3,0.9509999999999998
disco_r08,0.08,27.4,0.9514999999999999
disco_r08,0.08,27.5,0.9519999999999997
disco_r08,0.08,27.6,0.9524999999999999
disco_r08,0.08,27.7,0.953
disco_r08,0.08,27.8,0.9535
disco_r08,0.08,27.9,0.9540000000000001
disco_r08,0.08,28.0,0.9545000000000001
disco_r08,0.08,28.1,0.9545000000000001
disco_r08,0.08,28.2,0.9550000000000001
disco_r08,0.08,28.3,0.9555000000000001
disco_r08,0.08,28.4,0.9560000000000001
disco_r08,0.08,28.5,0.9570000000000001
disco_r08,0.08,28.6,0.9570000000000001
disco_r08,0.08,28.7,0.9575000000000001
disco_r08,0.08,28.8,0.958
disco_r08,0.08,28.9,0.959
disco_r08,0.08,29.0,0.9595
disco_r08,0.08,29.1,0.9595
disco_r08,0.08,29.2,0.9600000000000002
disco_r08,0.08,29.3,0.9600000000000002
disco_r08,0.08,29.4,0.9600000000000002
disco_r08,0.08,29.5,0.9600000000000002
disco_r08,0.08,29.6,0.9600000000000002
disco_r08,0.08,29.7,0.9605
disco_r08,0.08,29.8,0.9610000000000001
disco_r08,0.08,29.9,0.9625
disco_r08,0.08,30.0,0.9625
disco_r08,0.08,30.1,0.9630000000000001
disco_r08,0.08,30.2,0.9630000000000001
disco_r08,0.08,30.3,0.9630000000000001
disco_r08,0.08,30.4,0.9635000000000001
disco_r08,0.08,30.5,0.9645000000000001
disco_r08,0.08,30.6,0.9645000000000001
disco_r08,0.08,30.7,0.9650000000000002
disco_r08,0.08,30.8,0.9655000000000001
disco_r08,0.08,30.9,0.9655000000000001
disco_r08,0.08,31.0,0.966
disco_r08,0.08,31.1,0.966
disco_r08,0.08,31.2,0.966
disco_r08,0.08,31.3,0.966
disco_r08,0.08,31.4,0.9665000000000001
disco_r08,0.08,31.5,0.9665000000000001
disco_r08,0.08,31.6,0.9670000000000002
disco_r08,0.08,31.7,0.9670000000000002
disco_r08,0.08,31.8,0.9670000000000002
disco_r08,0.08,31.9,0.9675000000000002
disco_r08,0.08,32.0,0.9675000000000002
disco_r08,0.08,32.1,0.9675000000000002
disco_r08,0.08,32.2,0.9675000000000002
disco_r08,0.08,32.3,0.9680000000000002
disco_r08,0.08,32.4,0.9685000000000002
disco_r08,0.08,32.5,0.9690000000000001
disco_r08,0.08,32.6,0.9690000000000001
disco_r08,0.08,32.7,0.9690000000000001
disco_r08,0.08,32.8,0.9695000000000003
disco_r08,0.08,32.9,0.9705000000000001
disco_r08,0.08,33.0,0.9710000000000001
disco_r08,0.08,33.1,0.9720000000000001
disco_r08,0.08,33.2,0.9720000000000001
disco_r08,0.08,33.3,0.9720000000000001
disco_r08,0.08,33.4,0.9720000000000001
disco_r08,0.08,33.5,0.9725000000000001
disco_r08,0.08,33.6,0.9730000000000001
disco_r08,0.08,33.7,0.9730000000000001
disco_r08,0.08,33.8,0.9730000000000001
disco_r08,0.08,33.9,0.9730000000000001
disco_r08,0.08,34.0,0.9735000000000001
disco_r08,0.08,34.1,0.974
disco_r08,0.08,34.2,0.9745000000000001
disco_r08,0.08,34.3,0.975
disco_r08,0.08,34.4,0.976
disco_r08,0.08,34.5,0.9764999999999999
disco_r08,0.08,34.6,0.9764999999999999
disco_r08,0.08,34.7,0.9764999999999999
disco_r08,0.08,34.8,0.9764999999999999
disco_r08,0.08,34.9,0.9764999999999999
disco_r08,0.08,35.0,0.9764999999999999
disco_r08,0.08,35.1,0.9764999999999999
disco_r08,0.08,35.2,0.977
disco_r08,0.08,35.3,0.977
disco_r08,0.08,35.4,0.977
disco_r08,0.08,35.5,0.977
disco_r08,0.08,35.6,0.978
disco_r08,0.08,35.7,0.9789999999999999
disco_r08,0.08,35.8,0.9789999999999999
disco_r08,0.08,35.9,0.9789999999999999
disco_r08,0.08,36.0,0.9789999999999999
disco_r08,0.08,36.1,0.9799999999999999
disco_r08,0.08,36.2,0.9799999999999999
disco_r08,0.08,36.3,0.9799999999999999
disco_r08,0.08,36.4,0.9799999999999999
disco_r08,0.08,36.5,0.9799999999999999
disco_r08,0.08,36.6,0.9804999999999999
disco_r08,0.08,36.7,0.9809999999999999
disco_r08,0.08,36.8,0.9809999999999999
disco_r08,0.08,36.9,0.9809999999999999
disco_r08,0.08,37.0,0.9809999999999999
disco_r08,0.08,37.1,0.9809999999999999
disco_r08,0.08,37.2,0.9809999999999999
disco_r08,0.08,37.3,0.9809999999999999
disco_r08,0.08,37.4,0.9809999999999999
disco_r08,0.08,37.5,0.9814999999999999
disco_r08,0.08,37.6,0.9814999999999999
disco_r08,0.08,37.7,0.9819999999999999
disco_r08,0.08,37.8,0.9819999999999999
disco_r08,0.08,37.9,0.9824999999999999
disco_r08,0.08,38.0,0.983
disco_r08,0.08,38.1,0.983
disco_r08,0.08,38.2,0.9835
disco_r08,0.08,38.3,0.9835
disco_r08,0.08,38.4,0.9835
disco_r08,0.08,38.5,0.984
disco_r08,0.08,38.6,0.984
disco_r08,0.08,38.7,0.984
disco_r08,0.08,38.8,0.984
disco_r08,0.08,38.9,0.985
disco_r08,0.08,39.0,0.986
disco_r08,0.08,39.1,0.986
disco_r08,0.08,39.2,0.986
disco_r08,0.08,39.3,0.986
disco_r08,0.08,39.4,0.986
disco_r08,0.08,39.5,0.986
disco_r08,0.08,39.6,0.986
disco_r08,0.08,39.7,0.986
disco_r08,0.08,39.8,0.9865
disco_r08,0.08,39.9,0.9865
disco_r08,0.08,40.0,0.9865
disco_r08,0.08,40.1,0.9865
disco_r08,0.08,40.2,0.9865
disco_r08,0.08,40.3,0.9865
disco_r08,0.08,40.4,0.9865
disco_r08,0.08,40.5,0.9870000000000001
disco_r08,0.08,40.6,0.9870000000000001
disco_r08,0.08,40.7,0.9870000000000001
disco_r08,0.08,40.8,0.9875000000000002
disco_r08,0.08,40.9,0.9875000000000002
disco_r08,0.08,41.0,0.9875000000000002
disco_r08,0.08,41.1,0.9875000000000002
disco_r08,0.08,41.2,0.9875000000000002
disco_r08,0.08,41.3,0.9875000000000002
disco_r08,0.08,41.4,0.9875000000000002
disco_r08,0.08,41.5,0.9875000000000002
disco_r08,0.08,41.6,0.9880000000000001
disco_r08,0.08,41.7,0.9880000000000001
disco_r08,0.08,41.8,0.9880000000000001
disco_r08,0.08,41.9,0.9880000000000001
disco_r08,0.08,42.0,0.9880000000000001
disco_r08,0.08,42.1,0.9880000000000001
disco_r08,0.08,42.2,0.9885000000000002
disco_r08,0.08,42.3,0.9885000000000002
disco_r08,0.08,42.4,0.9890000000000001
disco_r08,0.08,42.5,0.9895000000000002
disco_r08,0.08,42.6,0.99
disco_r08,0.08,42.7,0.99
disco_r08,0.08,42.8,0.99
disco_r08,0.08,42.9,0.99
disco_r08,0.08,43.0,0.99
disco_r08,0.08,43.1,0.99
disco_r08,0.08,43.2,0.99
disco_r08,0.08,43.3,0.99
disco_r08,0.08,43.4,0.99
disco_r08,0.08,43.5,0.9905000000000002
disco_r08,0.08,43.6,0.991
disco_r08,0.08,43.7,0.9915
disco_r08,0.08,43.8,0.9915
disco_r08,0.08,43.9,0.9915
disco_r08,0.08,44.0,0.9920000000000002
disco_r08,0.08,44.1,0.9925
disco_r08,0.08,44.2,0.9925
disco_r08,0.08,44.3,0.9925
disco_r08,0.08,44.4,0.9925
disco_r08,0.08,44.5,0.9925
disco_r08,0.08,44.6,0.9925
disco_r08,0.08,44.7,0.9925
disco_r08,0.08,44.8,0.9925
disco_r08,0.08,44.9,0.9925
disco_r08,0.08,45.0,0.9925
disco_r08,0.08,45.1,0.9925
disco_r08,0.08,45.2,0.9925
disco_r08,0.08,45.3,0.9925
disco_r08,0.08,45.4,0.9925
disco_r08,0.08,45.5,0.9925
disco_r08,0.08,45.6,0.9925
disco_r08,0.08,45.7,0.9925
disco_r08,0.08,45.8,0.9925
disco_r08,0.08,45.9,0.9925
disco_r08,0.08,46.0,0.9925
disco_r08,0.08,46.1,0.9925
disco_r08,0.08,46.2,0.9925
disco_r08,0.08,46.3,0.9925
disco_r08,0.08,46.4,0.9925
disco_r08,0.08,46.5,0.9925
disco_r08,0.08,46.6,0.993
disco_r08,0.08,46.7,0.993
disco_r08,0.08,46.8,0.993
disco_r08,0.08,46.9,0.993
disco_r08,0.08,47.0,0.993
disco_r08,0.08,47.1,0.993
disco_r08,0.08,47.2,0.993
disco_r08,0.08,47.3,0.993
disco_r08,0.08,47.4,0.993
disco_r08,0.08,47.5,0.993
disco_r08,0.08,47.6,0.993
disco_r08,0.08,47.7,0.9935
disco_r08,0.08,47.8,0.9935
disco_r08,0.08,47.9,0.9935
disco_r08,0.08,48.0,0.9935
disco_r08,0.08,48.1,0.9935
disco_r08,0.08,48.2,0.9940000000000001
disco_r08,0.08,48.3,0.9940000000000001
disco_r08,0.08,48.4,0.9940000000000001
disco_r08,0.08,48.5,0.9940000000000001
disco_r08,0.08,48.6,0.9940000000000001
disco_r08,0.08,48.7,0.9940000000000001
disco_r08,0.08,48.8,0.9940000000000001
disco_r08,0.08,48.9,0.9940000000000001
disco_r08,0.08,49.0,0.9940000000000001
disco_r08,0.08,49.1,0.9940000000000001
disco_r08,0.08,49.2,0.9940000000000001
disco_r08,0.08,49.3,0.9940000000000001
disco_r08,0.08,49.4,0.9940000000000001
disco_r08,0.08,49.5,0.9940000000000001
disco_r08,0.08,49.6,0.9940000000000001
disco_r08,0.08,49.7,0.9940000000000001
disco_r08,0.08,49.8,0.9940000000000001
disco_r08,0.08,49.9,0.9945
disco_r08,0.08,50.0,0.9945
disco_r08,0.08,50.1,0.9945
disco_r08,0.08,50.2,0.9945
disco_r08,0.08,50.3,0.9945
disco_r08,0.08,50.4,0.9945
disco_r08,0.08,50.5,0.9945
disco_r08,0.08,50.6,0.9945
disco_r08,0.08,50.7,0.9945
disco_r08,0.08,50.8,0.9945
disco_r08,0.08,50.9,0.9945
disco_r08,0.08,51.0,0.9945
disco_r08,0.08,51.1,0.9945
disco_r08,0.08,51.2,0.9945
disco_r08,0.08,51.3,0.9945
disco_r08,0.08,51.4,0.9945
disco_r08,0.08,51.5,0.9945
disco_r08,0.08,51.6,0.9945
disco_r08,0.08,51.7,0.9945
disco_r08,0.08,51.8,0.9945
disco_r08,0.08,51.9,0.9945
disco_r08,0.08,52.0,0.9945
disco_r08,0.08,52.1,0.9945
disco_r08,0.08,52.2,0.9945
disco_r08,0.08,52.3,0.9945
disco_r08,0.08,52.4,0.9945
disco_r08,0.08,52.5,0.9945
disco_r08,0.08,52.6,0.9950000000000001
disco_r08,0.08,52.7,0.9950000000000001
disco_r08,0.08,52.8,0.9950000000000001
disco_r08,0.08,52.9,0.9950000000000001
disco_r08,0.08,53.0,0.9950000000000001
disco_r08,0.08,53.1,0.9950000000000001
disco_r08,0.08,53.2,0.9950000000000001
disco_r08,0.08,53.3,0.9950000000000001
disco_r08,0.08,53.4,0.9950000000000001
disco_r08,0.08,53.5,0.9950000000000001
disco_r08,0.08,53.6,0.9950000000000001
disco_r08,0.08,53.7,0.9950000000000001
disco_r08,0.08,53.8,0.9950000000000001
disco_r08,0.08,53.9,0.9950000000000001
disco_r08,0.08,54.0,0.9950000000000001
disco_r08,0.08,54.1,0.9950000000000001
disco_r08,0.08,54.2,0.9950000000000001
disco_r08,0.08,54.3,0.9950000000000001
disco_r08,0.08,54.4,0.9950000000000001
disco_r08,0.08,54.5,0.9950000000000001
disco_r08,0.08,54.6,0.9950000000000001
disco_r08,0.08,54.7,0.9950000000000001
disco_r08,0.08,54.8,0.9950000000000001
disco_r08,0.08,54.9,0.9950000000000001
disco_r08,0.08,55.0,0.9950000000000001
disco_r08,0.08,55.1,0.9950000000000001
disco_r08,0.08,55.2,0.9955
disco_r08,0.08,55.3,0.9955
disco_r08,0.08,55.4,0.9955
disco_r08,0.08,55.5,0.9955
disco_r08,0.08,55.6,0.9955
disco_r08,0.08,55.7,0.9955
disco_r08,0.08,55.8,0.9955
disco_r08,0.08,55.9,0.9955
disco_r08,0.08,56.0,0.9955
disco_r08,0.08,56.1,0.9955
disco_r08,0.08,56.2,0.9955
disco_r08,0.08,56.3,0.9955
disco_r08,0.08,56.4,0.9955
disco_r08,0.08,56.5,0.9955
disco_r08,0.08,56.6,0.9955
disco_r08,0.08,56.7,0.9955
disco_r08,0.08,56.8,0.9955
disco_r08,0.08,56.9,0.9955
disco_r08,0.08,57.0,0.9959999999999999
disco_r08,0.08,57.1,0.9959999999999999
disco_r08,0.08,57.2,0.9959999999999999
disco_r08,0.08,57.3,0.9959999999999999
disco_r08,0.08,57.4,0.9959999999999999
disco_r08,0.08,57.5,0.9959999999999999
disco_r08,0.08,57.6,0.9959999999999999
disco_r08,0.08,57.7,0.9959999999999999
disco_r08,0.08,57.8,0.9959999999999999
disco_r08,0.08,57.9,0.9959999999999999
disco_r08,0.08,58.0,0.9959999999999999
disco_r08,0.08,58.1,0.9959999999999999
disco_r08,0.08,58.2,0.9959999999999999
disco_r08,0.08,58.3,0.9959999999999999
disco_r08,0.08,58.4,0.9959999999999999
disco_r08,0.08,58.5,0.9959999999999999
disco_r08,0.08,58.6,0.9959999999999999
disco_r08,0.08,58.7,0.9959999999999999
disco_r08,0.08,58.8,0.9959999999999999
disco_r08,0.08,58.9,0.9959999999999999
disco_r08,0.08,59.0,0.9959999999999999
disco_r08,0.08,59.1,0.9959999999999999
disco_r08,0.08,59.2,0.9959999999999999
disco_r08,0.08,59.3,0.9959999999999999
disco_r08,0.08,59.4,0.9959999999999999
disco_r08,0.08,59.5,0.9959999999999999
disco_r08,0.08,59.6,0.9959999999999999
disco_r08,0.08,59.7,0.9959999999999999
disco_r08,0.08,59.8,0.9959999999999999
disco_r08,0.08,59.9,0.9959999999999999
disco_r08,0.08,60.0,0.9959999999999999
disco_r11,0.11,0.0,0.0
disco_r11,0.11,0.1,0.013999999999999999
disco_r11,0.11,0.2,0.031000000000000007
disco_r11,0.11,0.3,0.046000000000000006
disco_r11,0.11,0.4,0.05750000000000003
disco_r11,0.11,0.5,0.07300000000000002
disco_r11,0.11,0.6,0.08550000000000002
disco_r11,0.11,0.7,0.09800000000000003
disco_r11,0.11,0.8,0.10500000000000005
disco_r11,0.11,0.9,0.11400000000000002
disco_r11,0.11,1.0,0.123
disco_r11,0.11,1.1,0.1355
disco_r11,0.11,1.2,0.1465
disco_r11,0.11,1.3,0.155
disco_r11,0.11,1.4,0.16449999999999995
disco_r11,0.11,1.5,0.17049999999999998
disco_r11,0.11,1.6,0.181
disco_r11,0.11,1.7,0.1875
disco_r11,0.11,1.8,0.19700000000000004
disco_r11,0.11,1.9,0.20750000000000002
disco_r11,0.11,2.0,0.22000000000000003
disco_r11,0.11,2.1,0.231
disco_r11,0.11,2.2,0.2385
disco_r11,0.11,2.3,0.24550000000000005
disco_r11,0.11,2.4,0.24900000000000003
disco_r11,0.11,2.5,0.25650000000000006
disco_r11,0.11,2.6,0.265
disco_r11,0.11,2.7,0.271
disco_r11,0.11,2.8,0.278
disco_r11,0.11,2.9,0.2864999999999999
disco_r11,0.11,3.0,0.292
disco_r11,0.11,3.1,0.29949999999999993
disco_r11,0.11,3.2,0.30500000000000005
disco_r11,0.11,3.3,0.3135
disco_r11,0.11,3.4,0.32299999999999995
disco_r11,0.11,3.5,0.32799999999999996
disco_r11,0.11,3.6,0.33599999999999997
disco_r11,0.11,3.7,0.34299999999999997
disco_r11,0.11,3.8,0.3505
disco_r11,0.11,3.9,0.35750000000000004
disco_r11,0.11,4.0,0.36349999999999993
disco_r11,0.11,4.1,0.37149999999999994
disco_r11,0.11,4.2,0.37849999999999995
disco_r11,0.11,4.3,0.38600000000000007
disco_r11,0.11,4.4,0.39049999999999996
disco_r11,0.11,4.5,0.39549999999999996
disco_r11,0.11,4.6,0.4050000000000001
disco_r11,0.11,4.7,0.4130000000000001
disco_r11,0.11,4.8,0.4205
disco_r11,0.11,4.9,0.42699999999999994
disco_r11,0.11,5.0,0.43099999999999994
disco_r11,0.11,5.1,0.441
disco_r11,0.11,5.2,0.44699999999999995
disco_r11,0.11,5.3,0.45249999999999996
disco_r11,0.11,5.4,0.4579999999999999
disco_r11,0.11,5.5,0.4640000000000001
disco_r11,0.11,5.6,0.46950000000000014
disco_r11,0.11,5.7,0.47300000000000003
disco_r11,0.11,5.8,0.47750000000000004
disco_r11,0.11,5.9,0.48200000000000004
disco_r11,0.11,6.0,0.4830000000000001
disco_r11,0.11,6.1,0.4875
disco_r11,0.11,6.2,0.4925
disco_r11,0.11,6.3,0.49700000000000005
disco_r11,0.11,6.4,0.5025
disco_r11,0.11,6.5,0.508
disco_r11,0.11,6.6,0.514
disco_r11,0.11,6.7,0.5185
disco_r11,0.11,6.8,0.5229999999999999
disco_r11,0.11,6.9,0.5289999999999999
disco_r11,0.11,7.0,0.534
disco_r11,0.11,7.1,0.538
disco_r11,0.11,7.2,0.5429999999999999
disco_r11,0.11,7.3,0.5485
disco_r11,0.11,7.4,0.5520000000000002
disco_r11,0.11,7.5,0.5535000000000001
disco_r11,0.11,7.6,0.5565
disco_r11,0.11,7.7,0.561
disco_r11,0.11,7.8,0.5650000000000001
disco_r11,0.11,7.9,0.5690000000000001
disco_r11,0.11,8.0,0.5730000000000001
disco_r11,0.11,8.1,0.5785
disco_r11,0.11,8.2,0.5850000000000001
disco_r11,0.11,8.3,0.59
disco_r11,0.11,8.4,0.595
disco_r11,0.11,8.5,0.5995
disco_r11,0.11,8.6,0.605
disco_r11,0.11,8.7,0.6100000000000001
disco_r11,0.11,8.8,0.615
disco_r11,0.11,8.9,0.619
disco_r11,0.11,9.0,0.6224999999999999
disco_r11,0.11,9.1,0.6249999999999999
disco_r11,0.11,9.2,0.6299999999999999
disco_r11,0.11,9.3,0.6335
disco_r11,0.11,9.4,0.6375
disco_r11,0.11,9.5,0.6435000000000001
disco_r11,0.11,9.6,0.6475
disco_r11,0.11,9.7,0.649
disco_r11,0.11,9.8,0.6519999999999999
disco_r11,0.11,9.9,0.6554999999999999
disco_r11,0.11,10.0,0.6585
disco_r11,0.11,10.1,0.662
disco_r11,0.11,10.2,0.6645
disco_r11,0.11,10.3,0.6685000000000001
disco_r11,0.11,10.4,0.671
disco_r11,0.11,10.5,0.6755
disco_r11,0.11,10.6,0.6795
disco_r11,0.11,10.7,0.6829999999999999
disco_r11,0.11,10.8,0.6859999999999999
disco_r11,0.11,10.9,0.6895
disco_r11,0.11,11.0,0.692
disco_r11,0.11,11.1,0.6950000000000001
disco_r11,0.11,11.2,0.6975
disco_r11,0.11,11.3,0.7005
disco_r11,0.11,11.4,0.7055
disco_r11,0.11,11.5,0.708
disco_r11,0.11,11.6,0.7105
disco_r11,0.11,11.7,0.7150000000000001
disco_r11,0.11,11.8,0.719
disco_r11,0.11,11.9,0.7215
disco_r11,0.11,12.0,0.7244999999999999
disco_r11,0.11,12.1,0.7284999999999999
disco_r11,0.11,12.2,0.7304999999999999
disco_r11,0.11,12.3,0.732
disco_r11,0.11,12.4,0.7335
disco_r11,0.11,12.5,0.7384999999999999
disco_r11,0.11,12.6,0.7424999999999999
disco_r11,0.11,12.7,0.7464999999999999
disco_r11,0.11,12.8,0.748
disco_r11,0.11,12.9,0.7514999999999998
disco_r11,0.11,13.0,0.7555
disco_r11,0.11,13.1,0.7569999999999999
disco_r11,0.11,13.2,0.76
disco_r11,0.11,13.3,0.7619999999999998
disco_r11,0.11,13.4,0.7649999999999999
disco_r11,0.11,13.5,0.7695000000000001
disco_r11,0.11,13.6,0.7725
disco_r11,0.11,13.7,0.777
disco_r11,0.11,13.8,0.7795000000000001
disco_r11,0.11,13.9,0.7815000000000001
disco_r11,0.11,14.0,0.783
disco_r11,0.11,14.1,0.7860000000000001
disco_r11,0.11,14.2,0.7895000000000001
disco_r11,0.11,14.3,0.7915
disco_r11,0.11,14.4,0.7939999999999999
disco_r11,0.11,14.5,0.796
disco_r11,0.11,14.6,0.7979999999999998
disco_r11,0.11,14.7,0.8004999999999999
disco_r11,0.11,14.8,0.8015000000000001
disco_r11,0.11,14.9,0.8029999999999999
disco_r11,0.11,15.0,0.8035
disco_r11,0.11,15.1,0.805
disco_r11,0.11,15.2,0.8065000000000001
disco_r11,0.11,15.3,0.8080000000000002
disco_r11,0.11,15.4,0.8095000000000001
disco_r11,0.11,15.5,0.8130000000000001
disco_r11,0.11,15.6,0.8164999999999999
disco_r11,0.11,15.7,0.819
disco_r11,0.11,15.8,0.8225
disco_r11,0.11,15.9,0.8254999999999999
disco_r11,0.11,16.0,0.8269999999999997
disco_r11,0.11,16.1,0.828
disco_r11,0.11,16.2,0.8284999999999998
disco_r11,0.11,16.3,0.8309999999999998
disco_r11,0.11,16.4,0.8329999999999999
disco_r11,0.11,16.5,0.8339999999999999
disco_r11,0.11,16.6,0.836
disco_r11,0.11,16.7,0.8374999999999998
disco_r11,0.11,16.8,0.8394999999999999
disco_r11,0.11,16.9,0.8394999999999999
disco_r11,0.11,17.0,0.8414999999999999
disco_r11,0.11,17.1,0.8414999999999999
disco_r11,0.11,17.2,0.8429999999999997
disco_r11,0.11,17.3,0.8469999999999999
disco_r11,0.11,17.4,0.8479999999999999
disco_r11,0.11,17.5,0.8489999999999999
disco_r11,0.11,17.6,0.8514999999999999
disco_r11,0.11,17.7,0.8524999999999998
disco_r11,0.11,17.8,0.853
disco_r11,0.11,17.9,0.8539999999999999
disco_r11,0.11,18.0,0.8565000000000002
disco_r11,0.11,18.1,0.8580000000000002
disco_r11,0.11,18.2,0.8595
disco_r11,0.11,18.3,0.8615
disco_r11,0.11,18.4,0.8620000000000001
disco_r11,0.11,18.5,0.8655000000000003
disco_r11,0.11,18.6,0.8670000000000003
disco_r11,0.11,18.7,0.8675000000000003
disco_r11,0.11,18.8,0.8695000000000002
disco_r11,0.11,18.9,0.8705000000000004
disco_r11,0.11,19.0,0.8715000000000004
disco_r11,0.11,19.1,0.8725000000000003
disco_r11,0.11,19.2,0.8745000000000003
disco_r11,0.11,19.3,0.8755000000000003
disco_r11,0.11,19.4,0.8780000000000003
disco_r11,0.11,19.5,0.8785000000000002
disco_r11,0.11,19.6,0.8805000000000003
disco_r11,0.11,19.7,0.8825000000000003
disco_r11,0.11,19.8,0.8835000000000003
disco_r11,0.11,19.9,0.8840000000000003
disco_r11,0.11,20.0,0.8855000000000002
disco_r11,0.11,20.1,0.8870000000000002
disco_r11,0.11,20.2,0.8880000000000001
disco_r11,0.11,20.3,0.8880000000000001
disco_r11,0.11,20.4,0.8885
disco_r11,0.11,20.5,0.889
disco_r11,0.11,20.6,0.889
disco_r11,0.11,20.7,0.889
disco_r11,0.11,20.8,0.891
disco_r11,0.11,20.9,0.891
disco_r11,0.11,21.0,0.8915
disco_r11,0.11,21.1,0.893
disco_r11,0.11,21.2,0.8944999999999999
disco_r11,0.11,21.3,0.8955
disco_r11,0.11,21.4,0.8959999999999999
disco_r11,0.11,21.5,0.8975
disco_r11,0.11,21.6,0.8989999999999998
disco_r11,0.11,21.7,0.8999999999999998
disco_r11,0.11,21.8,0.901
disco_r11,0.11,21.9,0.901
disco_r11,0.11,22.0,0.9014999999999999
disco_r11,0.11,22.1,0.9029999999999999
disco_r11,0.11,22.2,0.9035
disco_r11,0.11,22.3,0.9055
disco_r11,0.11,22.4,0.9065
disco_r11,0.11,22.5,0.908
disco_r11,0.11,22.6,0.9104999999999999
disco_r11,0.11,22.7,0.9109999999999998
disco_r11,0.11,22.8,0.9114999999999999
disco_r11,0.11,22.9,0.9124999999999999
disco_r11,0.11,23.0,0.9139999999999999
disco_r11,0.11,23.1,0.9154999999999998
disco_r11,0.11,23.2,0.9159999999999998
disco_r11,0.11,23.3,0.9169999999999998
disco_r11,0.11,23.4,0.9174999999999998
disco_r11,0.11,23.5,0.9179999999999998
disco_r11,0.11,23.6,0.9179999999999998
disco_r11,0.11,23.7,0.9184999999999997
disco_r11,0.11,23.8,0.9184999999999997
disco_r11,0.11,23.9,0.9189999999999998
disco_r11,0.11,24.0,0.9199999999999997
disco_r11,0.11,24.1,0.9209999999999997
disco_r11,0.11,24.2,0.9209999999999997
disco_r11,0.11,24.3,0.923
disco_r11,0.11,24.4,0.925
disco_r11,0.11,24.5,0.9255000000000001
disco_r11,0.11,24.6,0.9275
disco_r11,0.11,24.7,0.9279999999999999
disco_r11,0.11,24.8,0.929
disco_r11,0.11,24.9,0.929
disco_r11,0.11,25.0,0.9295
disco_r11,0.11,25.1,0.9295
disco_r11,0.11,25.2,0.9299999999999999
disco_r11,0.11,25.3,0.9320000000000002
disco_r11,0.11,25.4,0.9330000000000002
disco_r11,0.11,25.5,0.9344999999999999
disco_r11,0.11,25.6,0.9359999999999999
disco_r11,0.11,25.7,0.9359999999999999
disco_r11,0.11,25.8,0.9365
disco_r11,0.11,25.9,0.9365
disco_r11,0.11,26.0,0.9369999999999999
disco_r11,0.11,26.1,0.9375
disco_r11,0.11,26.2,0.9380000000000001
disco_r11,0.11,26.3,0.9380000000000001
disco_r11,0.11,26.4,0.9385
disco_r11,0.11,26.5,0.9395000000000001
disco_r11,0.11,26.6,0.9400000000000002
disco_r11,0.11,26.7,0.9410000000000002
disco_r11,0.11,26.8,0.9410000000000002
disco_r11,0.11,26.9,0.9415000000000001
disco_r11,0.11,27.0,0.9420000000000002
disco_r11,0.11,27.1,0.9420000000000002
disco_r11,0.11,27.2,0.9420000000000002
disco_r11,0.11,27.3,0.9420000000000002
disco_r11,0.11,27.4,0.9435000000000002
disco_r11,0.11,27.5,0.9445000000000002
disco_r11,0.11,27.6,0.9445000000000002
disco_r11,0.11,27.7,0.9445000000000002
disco_r11,0.11,27.8,0.9445000000000002
disco_r11,0.11,27.9,0.9445000000000002
disco_r11,0.11,28.0,0.9445000000000002
disco_r11,0.11,28.1,0.9445000000000002
disco_r11,0.11,28.2,0.9455000000000002
disco_r11,0.11,28.3,0.9455000000000002
disco_r11,0.11,28.4,0.9470000000000001
disco_r11,0.11,28.5,0.9470000000000001
disco_r11,0.11,28.6,0.9480000000000001
disco_r11,0.11,28.7,0.9495000000000001
disco_r11,0.11,28.8,0.9504999999999999
disco_r11,0.11,28.9,0.9504999999999999
disco_r11,0.11,29.0,0.9514999999999999
disco_r11,0.11,29.1,0.952
disco_r11,0.11,29.2,0.952
disco_r11,0.11,29.3,0.952
disco_r11,0.11,29.4,0.9525
disco_r11,0.11,29.5,0.9530000000000001
disco_r11,0.11,29.6,0.9540000000000001
disco_r11,0.11,29.7,0.9545
disco_r11,0.11,29.8,0.9545
disco_r11,0.11,29.9,0.9545
disco_r11,0.11,30.0,0.9549999999999998
disco_r11,0.11,30.1,0.9549999999999998
disco_r11,0.11,30.2,0.9555
disco_r11,0.11,30.3,0.9559999999999998
disco_r11,0.11,30.4,0.9574999999999998
disco_r11,0.11,30.5,0.9579999999999999
disco_r11,0.11,30.6,0.9579999999999999
disco_r11,0.11,30.7,0.959
disco_r11,0.11,30.8,0.9594999999999999
disco_r11,0.11,30.9,0.9594999999999999
disco_r11,0.11,31.0,0.9604999999999999
disco_r11,0.11,31.1,0.9604999999999999
disco_r11,0.11,31.2,0.9604999999999999
disco_r11,0.11,31.3,0.9615
disco_r11,0.11,31.4,0.9615
disco_r11,0.11,31.5,0.9625
disco_r11,0.11,31.6,0.9625
disco_r11,0.11,31.7,0.9625
disco_r11,0.11,31.8,0.9635
disco_r11,0.11,31.9,0.9635
disco_r11,0.11,32.0,0.9640000000000001
disco_r11,0.11,32.1,0.9650000000000001
disco_r11,0.11,32.2,0.9650000000000001
disco_r11,0.11,32.3,0.9655000000000001
disco_r11,0.11,32.4,0.9660000000000002
disco_r11,0.11,32.5,0.9665000000000001
disco_r11,0.11,32.6,0.9665000000000001
disco_r11,0.11,32.7,0.9675
disco_r11,0.11,32.8,0.9680000000000002
disco_r11,0.11,32.9,0.9685
disco_r11,0.11,33.0,0.969
disco_r11,0.11,33.1,0.9705
disco_r11,0.11,33.2,0.9705
disco_r11,0.11,33.3,0.9710000000000001
disco_r11,0.11,33.4,0.9710000000000001
disco_r11,0.11,33.5,0.9715
disco_r11,0.11,33.6,0.9724999999999999
disco_r11,0.11,33.7,0.9724999999999999
disco_r11,0.11,33.8,0.9730000000000001
disco_r11,0.11,33.9,0.9730000000000001
disco_r11,0.11,34.0,0.9730000000000001
disco_r11,0.11,34.1,0.9739999999999999
disco_r11,0.11,34.2,0.9739999999999999
disco_r11,0.11,34.3,0.975
disco_r11,0.11,34.4,0.975
disco_r11,0.11,34.5,0.975
disco_r11,0.11,34.6,0.975
disco_r11,0.11,34.7,0.9754999999999999
disco_r11,0.11,34.8,0.9754999999999999
disco_r11,0.11,34.9,0.9764999999999999
disco_r11,0.11,35.0,0.9764999999999999
disco_r11,0.11,35.1,0.9775
disco_r11,0.11,35.2,0.9775
disco_r11,0.11,35.3,0.9785
disco_r11,0.11,35.4,0.9785
disco_r11,0.11,35.5,0.9789999999999999
disco_r11,0.11,35.6,0.9789999999999999
disco_r11,0.11,35.7,0.9789999999999999
disco_r11,0.11,35.8,0.9795
disco_r11,0.11,35.9,0.9795
disco_r11,0.11,36.0,0.9795
disco_r11,0.11,36.1,0.9795
disco_r11,0.11,36.2,0.9804999999999999
disco_r11,0.11,36.3,0.9810000000000001
disco_r11,0.11,36.4,0.9815000000000002
disco_r11,0.11,36.5,0.9815000000000002
disco_r11,0.11,36.6,0.9815000000000002
disco_r11,0.11,36.7,0.9815000000000002
disco_r11,0.11,36.8,0.9815000000000002
disco_r11,0.11,36.9,0.9815000000000002
disco_r11,0.11,37.0,0.9815000000000002
disco_r11,0.11,37.1,0.982
disco_r11,0.11,37.2,0.982
disco_r11,0.11,37.3,0.982
disco_r11,0.11,37.4,0.982
disco_r11,0.11,37.5,0.982
disco_r11,0.11,37.6,0.982
disco_r11,0.11,37.7,0.9825000000000002
disco_r11,0.11,37.8,0.9825000000000002
disco_r11,0.11,37.9,0.9825000000000002
disco_r11,0.11,38.0,0.9825000000000002
disco_r11,0.11,38.1,0.9825000000000002
disco_r11,0.11,38.2,0.983
disco_r11,0.11,38.3,0.983
disco_r11,0.11,38.4,0.983
disco_r11,0.11,38.5,0.983
disco_r11,0.11,38.6,0.984
disco_r11,0.11,38.7,0.9845
disco_r11,0.11,38.8,0.9850000000000001
disco_r11,0.11,38.9,0.9850000000000001
disco_r11,0.11,39.0,0.9850000000000001
disco_r11,0.11,39.1,0.9850000000000001
disco_r11,0.11,39.2,0.9850000000000001
disco_r11,0.11,39.3,0.9850000000000001
disco_r11,0.11,39.4,0.9850000000000001
disco_r11,0.11,39.5,0.9850000000000001
disco_r11,0.11,39.6,0.9850000000000001
disco_r11,0.11,39.7,0.9850000000000001
disco_r11,0.11,39.8,0.9850000000000001
disco_r11,0.11,39.9,0.9850000000000001
disco_r11,0.11,40.0,0.9850000000000001
disco_r11,0.11,40.1,0.9850000000000001
disco_r11,0.11,40.2,0.9850000000000001
disco_r11,0.11,40.3,0.9860000000000001
disco_r11,0.11,40.4,0.9860000000000001
disco_r11,0.11,40.5,0.9860000000000001
disco_r11,0.11,40.6,0.9860000000000001
disco_r11,0.11,40.7,0.9860000000000001
disco_r11,0.11,40.8,0.9860000000000001
disco_r11,0.11,40.9,0.9860000000000001
disco_r11,0.11,41.0,0.9860000000000001
disco_r11,0.11,41.1,0.9865
disco_r11,0.11,41.2,0.9865
disco_r11,0.11,41.3,0.9865
disco_r11,0.11,41.4,0.9875000000000002
disco_r11,0.11,41.5,0.9880000000000001
disco_r11,0.11,41.6,0.9880000000000001
disco_r11,0.11,41.7,0.9880000000000001
disco_r11,0.11,41.8,0.9884999999999999
disco_r11,0.11,41.9,0.9884999999999999
disco_r11,0.11,42.0,0.9884999999999999
disco_r11,0.11,42.1,0.9890000000000001
disco_r11,0.11,42.2,0.9890000000000001
disco_r11,0.11,42.3,0.9890000000000001
disco_r11,0.11,42.4,0.9890000000000001
disco_r11,0.11,42.5,0.9890000000000001
disco_r11,0.11,42.6,0.9890000000000001
disco_r11,0.11,42.7,0.9890000000000001
disco_r11,0.11,42.8,0.9895000000000002
disco_r11,0.11,42.9,0.9895000000000002
disco_r11,0.11,43.0,0.9895000000000002
disco_r11,0.11,43.1,0.9895000000000002
disco_r11,0.11,43.2,0.9895000000000002
disco_r11,0.11,43.3,0.9895000000000002
disco_r11,0.11,43.4,0.9895000000000002
disco_r11,0.11,43.5,0.9895000000000002
disco_r11,0.11,43.6,0.9895000000000002
disco_r11,0.11,43.7,0.9895000000000002
disco_r11,0.11,43.8,0.9895000000000002
disco_r11,0.11,43.9,0.99
disco_r11,0.11,44.0,0.99
disco_r11,0.11,44.1,0.99
disco_r11,0.11,44.2,0.9904999999999999
disco_r11,0.11,44.3,0.9904999999999999
disco_r11,0.11,44.4,0.991
disco_r11,0.11,44.5,0.9915
disco_r11,0.11,44.6,0.9915
disco_r11,0.11,44.7,0.9915
disco_r11,0.11,44.8,0.9915
disco_r11,0.11,44.9,0.992
disco_r11,0.11,45.0,0.992
disco_r11,0.11,45.1,0.9924999999999999
disco_r11,0.11,45.2,0.9924999999999999
disco_r11,0.11,45.3,0.9924999999999999
disco_r11,0.11,45.4,0.9924999999999999
disco_r11,0.11,45.5,0.9924999999999999
disco_r11,0.11,45.6,0.9924999999999999
disco_r11,0.11,45.7,0.9924999999999999
disco_r11,0.11,45.8,0.9924999999999999
disco_r11,0.11,45.9,0.9930000000000001
disco_r11,0.11,46.0,0.9930000000000001
disco_r11,0.11,46.1,0.9935
disco_r11,0.11,46.2,0.9935
disco_r11,0.11,46.3,0.9935
disco_r11,0.11,46.4,0.9935
disco_r11,0.11,46.5,0.9935
disco_r11,0.11,46.6,0.9935
disco_r11,0.11,46.7,0.9935
disco_r11,0.11,46.8,0.9935
disco_r11,0.11,46.9,0.994
disco_r11,0.11,47.0,0.994
disco_r11,0.11,47.1,0.994
disco_r11,0.11,47.2,0.994
disco_r11,0.11,47.3,0.994
disco_r11,0.11,47.4,0.994
disco_r11,0.11,47.5,0.994
disco_r11,0.11,47.6,0.994
disco_r11,0.11,47.7,0.994
disco_r11,0.11,47.8,0.994
disco_r11,0.11,47.9,0.994
disco_r11,0.11,48.0,0.994
disco_r11,0.11,48.1,0.994
disco_r11,0.11,48.2,0.994
disco_r11,0.11,48.3,0.994
disco_r11,0.11,48.4,0.994
disco_r11,0.11,48.5,0.994
disco_r11,0.11,48.6,0.994
disco_r11,0.11,48.7,0.994
disco_r11,0.11,48.8,0.994
disco_r11,0.11,48.9,0.994
disco_r11,0.11,49.0,0.994
disco_r11,0.11,49.1,0.994
disco_r11,0.11,49.2,0.9944999999999998
disco_r11,0.11,49.3,0.9944999999999998
disco_r11,0.11,49.4,0.9944999999999998
disco_r11,0.11,49.5,0.9944999999999998
disco_r11,0.11,49.6,0.9944999999999998
disco_r11,0.11,49.7,0.9944999999999998
disco_r11,0.11,49.8,0.9944999999999998
disco_r11,0.11,49.9,0.9944999999999998
disco_r11,0.11,50.0,0.9950000000000001
disco_r11,0.11,50.1,0.9950000000000001
disco_r11,0.11,50.2,0.9950000000000001
disco_r11,0.11,50.3,0.9950000000000001
disco_r11,0.11,50.4,0.9950000000000001
disco_r11,0.11,50.5,0.9950000000000001
disco_r11,0.11,50.6,0.9950000000000001
disco_r11,0.11,50.7,0.9950000000000001
disco_r11,0.11,50.8,0.9950000000000001
disco_r11,0.11,50.9,0.9950000000000001
disco_r11,0.11,51.0,0.9950000000000001
disco_r11,0.11,51.1,0.9950000000000001
disco_r11,0.11,51.2,0.9950000000000001
disco_r11,0.11,51.3,0.9950000000000001
disco_r11,0.11,51.4,0.9950000000000001
disco_r11,0.11,51.5,0.9950000000000001
disco_r11,0.11,51.6,0.9950000000000001
disco_r11,0.11,51.7,0.9950000000000001
disco_r11,0.11,51.8,0.9950000000000001
disco_r11,0.11,51.9,0.9950000000000001
disco_r11,0.11,52.0,0.9950000000000001
disco_r11,0.11,52.1,0.9950000000000001
disco_r11,0.11,52.2,0.9950000000000001
disco_r11,0.11,52.3,0.9950000000000001
disco_r11,0.11,52.4,0.9950000000000001
disco_r11,0.11,52.5,0.9950000000000001
disco_r11,0.11,52.6,0.9950000000000001
disco_r11,0.11,52.7,0.9950000000000001
disco_r11,0.11,52.8,0.9950000000000001
disco_r11,0.11,52.9,0.9950000000000001
disco_r11,0.11,53.0,0.9950000000000001
disco_r11,0.11,53.1,0.9955
disco_r11,0.11,53.2,0.9955
disco_r11,0.11,53.3,0.9955
disco_r11,0.11,53.4,0.9955
disco_r11,0.11,53.5,0.9955
disco_r11,0.11,53.6,0.9955
disco_r11,0.11,53.7,0.9955
disco_r11,0.11,53.8,0.9955
disco_r11,0.11,53.9,0.9955
disco_r11,0.11,54.0,0.9955
disco_r11,0.11,54.1,0.9955
disco_r11,0.11,54.2,0.9955
disco_r11,0.11,54.3,0.9955
disco_r11,0.11,54.4,0.9955
disco_r11,0.11,54.5,0.9955
disco_r11,0.11,54.6,0.9955
disco_r11,0.11,54.7,0.9955
disco_r11,0.11,54.8,0.9955
disco_r11,0.11,54.9,0.9955
disco_r11,0.11,55.0,0.9955
disco_r11,0.11,55.1,0.9955
disco_r11,0.11,55.2,0.9955
disco_r11,0.11,55.3,0.9955
disco_r11,0.11,55.4,0.9955
disco_r11,0.11,55.5,0.9955
disco_r11,0.11,55.6,0.9955
disco_r11,0.11,55.7,0.9955
disco_r11,0.11,55.8,0.9955
disco_r11,0.11,55.9,0.9955
disco_r11,0.11,56.0,0.9955
disco_r11,0.11,56.1,0.9955
disco_r11,0.11,56.2,0.9955
disco_r11,0.11,56.3,0.9955
disco_r11,0.11,56.4,0.9955
disco_r11,0.11,56.5,0.9955
disco_r11,0.11,56.6,0.9955
disco_r11,0.11,56.7,0.9955
disco_r11,0.11,56.8,0.9955
disco_r11,0.11,56.9,0.9955
disco_r11,0.11,57.0,0.9955
disco_r11,0.11,57.1,0.9955
disco_r11,0.11,57.2,0.9955
disco_r11,0.11,57.3,0.9955
disco_r11,0.11,57.4,0.9955
disco_r11,0.11,57.5,0.9955
disco_r11,0.11,57.6,0.9955
disco_r11,0.11,57.7,0.9955
disco_r11,0.11,57.8,0.9959999999999999
disco_r11,0.11,57.9,0.9959999999999999
disco_r11,0.11,58.0,0.9959999999999999
disco_r11,0.11,58.1,0.9959999999999999
disco_r11,0.11,58.2,0.9959999999999999
disco_r11,0.11,58.3,0.9964999999999999
disco_r11,0.11,58.4,0.9964999999999999
disco_r11,0.11,58.5,0.9964999999999999
disco_r11,0.11,58.6,0.9964999999999999
disco_r11,0.11,58.7,0.9964999999999999
disco_r11,0.11,58.8,0.9964999999999999
disco_r11,0.11,58.9,0.9964999999999999
disco_r11,0.11,59.0,0.9964999999999999
disco_r11,0.11,59.1,0.9964999999999999
disco_r11,0.11,59.2,0.9964999999999999
disco_r11,0.11,59.3,0.9964999999999999
disco_r11,0.11,59.4,0.9964999999999999
disco_r11,0.11,59.5,0.9964999999999999
disco_r11,0.11,59.6,0.9964999999999999
disco_r11,0.11,59.7,0.9964999999999999
disco_r11,0.11,59.8,0.9964999999999999
disco_r11,0.11,59.9,0.9964999999999999
disco_r11,0.11,60.0,0.9964999999999999
disco_r14,0.14,0.0,0.0
disco_r14,0.14,0.1,0.02
disco_r14,0.14,0.2,0.039000000000000014
disco_r14,0.14,0.3,0.04950000000000001
disco_r14,0.14,0.4,0.06600000000000003
disco_r14,0.14,0.5,0.07850000000000004
disco_r14,0.14,0.6,0.08650000000000002
disco_r14,0.14,0.7,0.09700000000000002
disco_r14,0.14,0.8,0.10800000000000003
disco_r14,0.14,0.9,0.1145
disco_r14,0.14,1.0,0.127
disco_r14,0.14,1.1,0.1395
disco_r14,0.14,1.2,0.14850000000000002
disco_r14,0.14,1.3,0.16049999999999998
disco_r14,0.14,1.4,0.1715
disco_r14,0.14,1.5,0.181
disco_r14,0.14,1.6,0.18900000000000003
disco_r14,0.14,1.7,0.19750000000000006
disco_r14,0.14,1.8,0.20749999999999996
disco_r14,0.14,1.9,0.2165
disco_r14,0.14,2.0,0.22199999999999998
disco_r14,0.14,2.1,0.23150000000000004
disco_r14,0.14,2.2,0.24250000000000002
disco_r14,0.14,2.3,0.25000000000000006
disco_r14,0.14,2.4,0.25900000000000006
disco_r14,0.14,2.5,0.26749999999999996
disco_r14,0.14,2.6,0.2765
disco_r14,0.14,2.7,0.2835000000000001
disco_r14,0.14,2.8,0.292
disco_r14,0.14,2.9,0.29849999999999993
disco_r14,0.14,3.0,0.3055
disco_r14,0.14,3.1,0.30799999999999994
disco_r14,0.14,3.2,0.31449999999999995
disco_r14,0.14,3.3,0.32149999999999995
disco_r14,0.14,3.4,0.3285000000000001
disco_r14,0.14,3.5,0.3345000000000001
disco_r14,0.14,3.6,0.343
disco_r14,0.14,3.7,0.354
disco_r14,0.14,3.8,0.361
disco_r14,0.14,3.9,0.36650000000000005
disco_r14,0.14,4.0,0.372
disco_r14,0.14,4.1,0.3795
disco_r14,0.14,4.2,0.3885
disco_r14,0.14,4.3,0.39649999999999996
disco_r14,0.14,4.4,0.40549999999999997
disco_r14,0.14,4.5,0.41
disco_r14,0.14,4.6,0.41550000000000004
disco_r14,0.14,4.7,0.4205
disco_r14,0.14,4.8,0.42650000000000005
disco_r14,0.14,4.9,0.43150000000000005
disco_r14,0.14,5.0,0.43549999999999994
disco_r14,0.14,5.1,0.442
disco_r14,0.14,5.2,0.44699999999999995
disco_r14,0.14,5.3,0.45
disco_r14,0.14,5.4,0.4525
disco_r14,0.14,5.5,0.45899999999999996
disco_r14,0.14,5.6,0.46399999999999997
disco_r14,0.14,5.7,0.46900000000000003
disco_r14,0.14,5.8,0.4725
disco_r14,0.14,5.9,0.4814999999999999
disco_r14,0.14,6.0,0.48649999999999993
disco_r14,0.14,6.1,0.49250000000000005
disco_r14,0.14,6.2,0.5025000000000001
disco_r14,0.14,6.3,0.509
disco_r14,0.14,6.4,0.5165
disco_r14,0.14,6.5,0.5199999999999999
disco_r14,0.14,6.6,0.5245
disco_r14,0.14,6.7,0.5295
disco_r14,0.14,6.8,0.5335000000000001
disco_r14,0.14,6.9,0.5385
disco_r14,0.14,7.0,0.5425000000000001
disco_r14,0.14,7.1,0.546
disco_r14,0.14,7.2,0.5509999999999999
disco_r14,0.14,7.3,0.5555
disco_r14,0.14,7.4,0.5599999999999999
disco_r14,0.14,7.5,0.5690000000000002
disco_r14,0.14,7.6,0.5730000000000002
disco_r14,0.14,7.7,0.5820000000000001
disco_r14,0.14,7.8,0.5885
disco_r14,0.14,7.9,0.5934999999999999
disco_r14,0.14,8.0,0.5965
disco_r14,0.14,8.1,0.602
disco_r14,0.14,8.2,0.607
disco_r14,0.14,8.3,0.6120000000000001
disco_r14,0.14,8.4,0.6175000000000002
disco_r14,0.14,8.5,0.6220000000000001
disco_r14,0.14,8.6,0.6290000000000001
disco_r14,0.14,8.7,0.6335
disco_r14,0.14,8.8,0.6370000000000001
disco_r14,0.14,8.9,0.64
disco_r14,0.14,9.0,0.642
disco_r14,0.14,9.1,0.6469999999999999
disco_r14,0.14,9.2,0.6505
disco_r14,0.14,9.3,0.654
disco_r14,0.14,9.4,0.6555
disco_r14,0.14,9.5,0.659
disco_r14,0.14,9.6,0.6619999999999999
disco_r14,0.14,9.7,0.6644999999999999
disco_r14,0.14,9.8,0.6664999999999999
disco_r14,0.14,9.9,0.6699999999999997
disco_r14,0.14,10.0,0.6739999999999997
disco_r14,0.14,10.1,0.6819999999999997
disco_r14,0.14,10.2,0.6874999999999999
disco_r14,0.14,10.3,0.689
disco_r14,0.14,10.4,0.6909999999999998
disco_r14,0.14,10.5,0.6939999999999998
disco_r14,0.14,10.6,0.6969999999999998
disco_r14,0.14,10.7,0.6994999999999998
disco_r14,0.14,10.8,0.7029999999999998
disco_r14,0.14,10.9,0.7054999999999998
disco_r14,0.14,11.0,0.7064999999999998
disco_r14,0.14,11.1,0.7095
disco_r14,0.14,11.2,0.7129999999999999
disco_r14,0.14,11.3,0.7165
disco_r14,0.14,11.4,0.7220000000000001
disco_r14,0.14,11.5,0.7230000000000002
disco_r14,0.14,11.6,0.7245000000000001
disco_r14,0.14,11.7,0.7275
disco_r14,0.14,11.8,0.7300000000000001
disco_r14,0.14,11.9,0.7330000000000001
disco_r14,0.14,12.0,0.7380000000000002
disco_r14,0.14,12.1,0.7420000000000001
disco_r14,0.14,12.2,0.7435000000000002
disco_r14,0.14,12.3,0.7470000000000001
disco_r14,0.14,12.4,0.7490000000000001
disco_r14,0.14,12.5,0.7515000000000001
disco_r14,0.14,12.6,0.7535000000000001
disco_r14,0.14,12.7,0.756
disco_r14,0.14,12.8,0.7575000000000001
disco_r14,0.14,12.9,0.759
disco_r14,0.14,13.0,0.76
disco_r14,0.14,13.1,0.7630000000000001
disco_r14,0.14,13.2,0.767
disco_r14,0.14,13.3,0.7710000000000001
disco_r14,0.14,13.4,0.7759999999999999
disco_r14,0.14,13.5,0.7785
disco_r14,0.14,13.6,0.78
disco_r14,0.14,13.7,0.7804999999999999
disco_r14,0.14,13.8,0.7819999999999999
disco_r14,0.14,13.9,0.7845
disco_r14,0.14,14.0,0.7859999999999999
disco_r14,0.14,14.1,0.787
disco_r14,0.14,14.2,0.7889999999999999
disco_r14,0.14,14.3,0.7914999999999999
disco_r14,0.14,14.4,0.7935
disco_r14,0.14,14.5,0.7955000000000001
disco_r14,0.14,14.6,0.7979999999999999
disco_r14,0.14,14.7,0.8005000000000001
disco_r14,0.14,14.8,0.8025
disco_r14,0.14,14.9,0.8029999999999999
disco_r14,0.14,15.0,0.806
disco_r14,0.14,15.1,0.8075000000000001
disco_r14,0.14,15.2,0.8100000000000002
disco_r14,0.14,15.3,0.8110000000000002
disco_r14,0.14,15.4,0.8140000000000001
disco_r14,0.14,15.5,0.8160000000000001
disco_r14,0.14,15.6,0.8195
disco_r14,0.14,15.7,0.8215
disco_r14,0.14,15.8,0.8235000000000001
disco_r14,0.14,15.9,0.8250000000000002
disco_r14,0.14,16.0,0.8270000000000002
disco_r14,0.14,16.1,0.8280000000000001
disco_r14,0.14,16.2,0.8300000000000001
disco_r14,0.14,16.3,0.8314999999999999
disco_r14,0.14,16.4,0.834
disco_r14,0.14,16.5,0.8360000000000001
disco_r14,0.14,16.6,0.8380000000000001
disco_r14,0.14,16.7,0.8394999999999999
disco_r14,0.14,16.8,0.8415000000000001
disco_r14,0.14,16.9,0.845
disco_r14,0.14,17.0,0.8469999999999999
disco_r14,0.14,17.1,0.8479999999999999
disco_r14,0.14,17.2,0.8499999999999999
disco_r14,0.14,17.3,0.8524999999999998
disco_r14,0.14,17.4,0.8554999999999998
disco_r14,0.14,17.5,0.8559999999999999
disco_r14,0.14,17.6,0.8569999999999999
disco_r14,0.14,17.7,0.8584999999999999
disco_r14,0.14,17.8,0.8594999999999999
disco_r14,0.14,17.9,0.8625
disco_r14,0.14,18.0,0.8644999999999999
disco_r14,0.14,18.1,0.866
disco_r14,0.14,18.2,0.8675
disco_r14,0.14,18.3,0.8695
disco_r14,0.14,18.4,0.8700000000000001
disco_r14,0.14,18.5,0.8714999999999999
disco_r14,0.14,18.6,0.8724999999999999
disco_r14,0.14,18.7,0.8744999999999999
disco_r14,0.14,18.8,0.876
disco_r14,0.14,18.9,0.8774999999999998
disco_r14,0.14,19.0,0.8789999999999999
disco_r14,0.14,19.1,0.8795
disco_r14,0.14,19.2,0.8809999999999999
disco_r14,0.14,19.3,0.8815
disco_r14,0.14,19.4,0.8825
disco_r14,0.14,19.5,0.884
disco_r14,0.14,19.6,0.8850000000000001
disco_r14,0.14,19.7,0.8860000000000001
disco_r14,0.14,19.8,0.8870000000000001
disco_r14,0.14,19.9,0.8885000000000002
disco_r14,0.14,20.0,0.8910000000000002
disco_r14,0.14,20.1,0.8920000000000001
disco_r14,0.14,20.2,0.8925000000000003
disco_r14,0.14,20.3,0.8925000000000003
disco_r14,0.14,20.4,0.8935000000000001
disco_r14,0.14,20.5,0.8940000000000001
disco_r14,0.14,20.6,0.8945000000000001
disco_r14,0.14,20.7,0.8960000000000001
disco_r14,0.14,20.8,0.8960000000000001
disco_r14,0.14,20.9,0.8965
disco_r14,0.14,21.0,0.898
disco_r14,0.14,21.1,0.8985000000000001
disco_r14,0.14,21.2,0.899
disco_r14,0.14,21.3,0.9010000000000001
disco_r14,0.14,21.4,0.9020000000000001
disco_r14,0.14,21.5,0.9035
disco_r14,0.14,21.6,0.9045
disco_r14,0.14,21.7,0.9055000000000002
disco_r14,0.14,21.8,0.9065000000000001
disco_r14,0.14,21.9,0.9065000000000001
disco_r14,0.14,22.0,0.9085000000000001
disco_r14,0.14,22.1,0.9090000000000001
disco_r14,0.14,22.2,0.9095000000000001
disco_r14,0.14,22.3,0.9095000000000001
disco_r14,0.14,22.4,0.9100000000000001
disco_r14,0.14,22.5,0.9125000000000002
disco_r14,0.14,22.6,0.914
disco_r14,0.14,22.7,0.914
disco_r14,0.14,22.8,0.9145
disco_r14,0.14,22.9,0.9155000000000001
disco_r14,0.14,23.0,0.9160000000000001
disco_r14,0.14,23.1,0.9165000000000001
disco_r14,0.14,23.2,0.9170000000000001
disco_r14,0.14,23.3,0.9170000000000001
disco_r14,0.14,23.4,0.9175000000000001
disco_r14,0.14,23.5,0.9189999999999999
disco_r14,0.14,23.6,0.9189999999999999
disco_r14,0.14,23.7,0.9205
disco_r14,0.14,23.8,0.9219999999999999
disco_r14,0.14,23.9,0.9225
disco_r14,0.14,24.0,0.923
disco_r14,0.14,24.1,0.9244999999999999
disco_r14,0.14,24.2,0.925
disco_r14,0.14,24.3,0.9259999999999998
disco_r14,0.14,24.4,0.9269999999999999
disco_r14,0.14,24.5,0.9274999999999999
disco_r14,0.14,24.6,0.9279999999999999
disco_r14,0.14,24.7,0.9284999999999999
disco_r14,0.14,24.8,0.9284999999999999
disco_r14,0.14,24.9,0.9299999999999999
disco_r14,0.14,25.0,0.9305
disco_r14,0.14,25.1,0.9305
disco_r14,0.14,25.2,0.9309999999999998
disco_r14,0.14,25.3,0.933
disco_r14,0.14,25.4,0.933
disco_r14,0.14,25.5,0.9339999999999999
disco_r14,0.14,25.6,0.9359999999999999
disco_r14,0.14,25.7,0.9369999999999999
disco_r14,0.14,25.8,0.9389999999999998
disco_r14,0.14,25.9,0.9394999999999998
disco_r14,0.14,26.0,0.9404999999999999
disco_r14,0.14,26.1,0.9424999999999997
disco_r14,0.14,26.2,0.9424999999999997
disco_r14,0.14,26.3,0.9434999999999999
disco_r14,0.14,26.4,0.9434999999999999
disco_r14,0.14,26.5,0.9439999999999997
disco_r14,0.14,26.6,0.9454999999999998
disco_r14,0.14,26.7,0.9459999999999997
disco_r14,0.14,26.8,0.9469999999999998
disco_r14,0.14,26.9,0.9469999999999998
disco_r14,0.14,27.0,0.9475
disco_r14,0.14,27.1,0.9479999999999998
disco_r14,0.14,27.2,0.9489999999999998
disco_r14,0.14,27.3,0.9489999999999998
disco_r14,0.14,27.4,0.9494999999999999
disco_r14,0.14,27.5,0.9494999999999999
disco_r14,0.14,27.6,0.9494999999999999
disco_r14,0.14,27.7,0.9494999999999999
disco_r14,0.14,27.8,0.9505000000000001
disco_r14,0.14,27.9,0.951
disco_r14,0.14,28.0,0.9514999999999999
disco_r14,0.14,28.1,0.9514999999999999
disco_r14,0.14,28.2,0.9514999999999999
disco_r14,0.14,28.3,0.9514999999999999
disco_r14,0.14,28.4,0.9524999999999999
disco_r14,0.14,28.5,0.953
disco_r14,0.14,28.6,0.9534999999999998
disco_r14,0.14,28.7,0.954
disco_r14,0.14,28.8,0.9544999999999998
disco_r14,0.14,28.9,0.9549999999999997
disco_r14,0.14,29.0,0.9554999999999998
disco_r14,0.14,29.1,0.9559999999999998
disco_r14,0.14,29.2,0.9564999999999999
disco_r14,0.14,29.3,0.9570000000000001
disco_r14,0.14,29.4,0.9570000000000001
disco_r14,0.14,29.5,0.9570000000000001
disco_r14,0.14,29.6,0.9570000000000001
disco_r14,0.14,29.7,0.958
disco_r14,0.14,29.8,0.959
disco_r14,0.14,29.9,0.9595
disco_r14,0.14,30.0,0.9595
disco_r14,0.14,30.1,0.9600000000000002
disco_r14,0.14,30.2,0.9605
disco_r14,0.14,30.3,0.9605
disco_r14,0.14,30.4,0.9605
disco_r14,0.14,30.5,0.9610000000000001
disco_r14,0.14,30.6,0.9615000000000002
disco_r14,0.14,30.7,0.9615000000000002
disco_r14,0.14,30.8,0.9620000000000001
disco_r14,0.14,30.9,0.9620000000000001
disco_r14,0.14,31.0,0.9625
disco_r14,0.14,31.1,0.9630000000000001
disco_r14,0.14,31.2,0.9635
disco_r14,0.14,31.3,0.9644999999999999
disco_r14,0.14,31.4,0.9644999999999999
disco_r14,0.14,31.5,0.9644999999999999
disco_r14,0.14,31.6,0.9655000000000001
disco_r14,0.14,31.7,0.9660000000000002
disco_r14,0.14,31.8,0.9665000000000001
disco_r14,0.14,31.9,0.9665000000000001
disco_r14,0.14,32.0,0.967
disco_r14,0.14,32.1,0.967
disco_r14,0.14,32.2,0.967
disco_r14,0.14,32.3,0.9675
disco_r14,0.14,32.4,0.9675
disco_r14,0.14,32.5,0.9675
disco_r14,0.14,32.6,0.9675
disco_r14,0.14,32.7,0.9680000000000002
disco_r14,0.14,32.8,0.9680000000000002
disco_r14,0.14,32.9,0.9690000000000001
disco_r14,0.14,33.0,0.9690000000000001
disco_r14,0.14,33.1,0.9695
disco_r14,0.14,33.2,0.9695
disco_r14,0.14,33.3,0.97
disco_r14,0.14,33.4,0.97
disco_r14,0.14,33.5,0.9705
disco_r14,0.14,33.6,0.9705
disco_r14,0.14,33.7,0.9710000000000001
disco_r14,0.14,33.8,0.9719999999999999
disco_r14,0.14,33.9,0.9719999999999999
disco_r14,0.14,34.0,0.9719999999999999
disco_r14,0.14,34.1,0.9719999999999999
disco_r14,0.14,34.2,0.9719999999999999
disco_r14,0.14,34.3,0.9724999999999999
disco_r14,0.14,34.4,0.9724999999999999
disco_r14,0.14,34.5,0.9724999999999999
disco_r14,0.14,34.6,0.9724999999999999
disco_r14,0.14,34.7,0.9730000000000001
disco_r14,0.14,34.8,0.9735000000000001
disco_r14,0.14,34.9,0.9735000000000001
disco_r14,0.14,35.0,0.9735000000000001
disco_r14,0.14,35.1,0.9740000000000002
disco_r14,0.14,35.2,0.9740000000000002
disco_r14,0.14,35.3,0.9740000000000002
disco_r14,0.14,35.4,0.9760000000000002
disco_r14,0.14,35.5,0.9760000000000002
disco_r14,0.14,35.6,0.9765
disco_r14,0.14,35.7,0.9765
disco_r14,0.14,35.8,0.9765
disco_r14,0.14,35.9,0.9770000000000001
disco_r14,0.14,36.0,0.9775
disco_r14,0.14,36.1,0.978
disco_r14,0.14,36.2,0.978
disco_r14,0.14,36.3,0.9795
disco_r14,0.14,36.4,0.9795
disco_r14,0.14,36.5,0.9800000000000001
disco_r14,0.14,36.6,0.9800000000000001
disco_r14,0.14,36.7,0.9800000000000001
disco_r14,0.14,36.8,0.9800000000000001
disco_r14,0.14,36.9,0.9800000000000001
disco_r14,0.14,37.0,0.9800000000000001
disco_r14,0.14,37.1,0.9800000000000001
disco_r14,0.14,37.2,0.9800000000000001
disco_r14,0.14,37.3,0.9810000000000001
disco_r14,0.14,37.4,0.9810000000000001
disco_r14,0.14,37.5,0.9810000000000001
disco_r14,0.14,37.6,0.9810000000000001
disco_r14,0.14,37.7,0.9810000000000001
disco_r14,0.14,37.8,0.9810000000000001
disco_r14,0.14,37.9,0.9815000000000002
disco_r14,0.14,38.0,0.9815000000000002
disco_r14,0.14,38.1,0.982
disco_r14,0.14,38.2,0.9825000000000002
disco_r14,0.14,38.3,0.9845
disco_r14,0.14,38.4,0.985
disco_r14,0.14,38.5,0.985
disco_r14,0.14,38.6,0.985
disco_r14,0.14,38.7,0.985
disco_r14,0.14,38.8,0.985
disco_r14,0.14,38.9,0.985
disco_r14,0.14,39.0,0.985
disco_r14,0.14,39.1,0.985
disco_r14,0.14,39.2,0.986
disco_r14,0.14,39.3,0.9870000000000001
disco_r14,0.14,39.4,0.9870000000000001
disco_r14,0.14,39.5,0.9870000000000001
disco_r14,0.14,39.6,0.9870000000000001
disco_r14,0.14,39.7,0.9870000000000001
disco_r14,0.14,39.8,0.9870000000000001
disco_r14,0.14,39.9,0.9870000000000001
disco_r14,0.14,40.0,0.9870000000000001
disco_r14,0.14,40.1,0.9870000000000001
disco_r14,0.14,40.2,0.9870000000000001
disco_r14,0.14,40.3,0.9875
disco_r14,0.14,40.4,0.9880000000000001
disco_r14,0.14,40.5,0.9885000000000002
disco_r14,0.14,40.6,0.9885000000000002
disco_r14,0.14,40.7,0.9885000000000002
disco_r14,0.14,40.8,0.9885000000000002
disco_r14,0.14,40.9,0.9885000000000002
disco_r14,0.14,41.0,0.9885000000000002
disco_r14,0.14,41.1,0.9885000000000002
disco_r14,0.14,41.2,0.9885000000000002
disco_r14,0.14,41.3,0.9885000000000002
disco_r14,0.14,41.4,0.9890000000000001
disco_r14,0.14,41.5,0.9890000000000001
disco_r14,0.14,41.6,0.9890000000000001
disco_r14,0.14,41.7,0.9890000000000001
disco_r14,0.14,41.8,0.9890000000000001
disco_r14,0.14,41.9,0.9890000000000001
disco_r14,0.14,42.0,0.9895000000000002
disco_r14,0.14,42.1,0.9895000000000002
disco_r14,0.14,42.2,0.9895000000000002
disco_r14,0.14,42.3,0.9895000000000002
disco_r14,0.14,42.4,0.9895000000000002
disco_r14,0.14,42.5,0.9895000000000002
disco_r14,0.14,42.6,0.9895000000000002
disco_r14,0.14,42.7,0.9895000000000002
disco_r14,0.14,42.8,0.9895000000000002
disco_r14,0.14,42.9,0.99
disco_r14,0.14,43.0,0.99
disco_r14,0.14,43.1,0.99
disco_r14,0.14,43.2,0.99
disco_r14,0.14,43.3,0.99
disco_r14,0.14,43.4,0.99
disco_r14,0.14,43.5,0.99
disco_r14,0.14,43.6,0.9904999999999999
disco_r14,0.14,43.7,0.9904999999999999
disco_r14,0.14,43.8,0.9904999999999999
disco_r14,0.14,43.9,0.9904999999999999
disco_r14,0.14,44.0,0.9904999999999999
disco_r14,0.14,44.1,0.9904999999999999
disco_r14,0.14,44.2,0.9904999999999999
disco_r14,0.14,44.3,0.991
disco_r14,0.14,44.4,0.991
disco_r14,0.14,44.5,0.991
disco_r14,0.14,44.6,0.991
disco_r14,0.14,44.7,0.991
disco_r14,0.14,44.8,0.991
disco_r14,0.14,44.9,0.991
disco_r14,0.14,45.0,0.991
disco_r14,0.14,45.1,0.991
disco_r14,0.14,45.2,0.991
disco_r14,0.14,45.3,0.991
disco_r14,0.14,45.4,0.991
disco_r14,0.14,45.5,0.9914999999999999
disco_r14,0.14,45.6,0.9914999999999999
disco_r14,0.14,45.7,0.9914999999999999
disco_r14,0.14,45.8,0.9914999999999999
disco_r14,0.14,45.9,0.992
disco_r14,0.14,46.0,0.992
disco_r14,0.14,46.1,0.992
disco_r14,0.14,46.2,0.992
disco_r14,0.14,46.3,0.992
disco_r14,0.14,46.4,0.992
disco_r14,0.14,46.5,0.992
disco_r14,0.14,46.6,0.992
disco_r14,0.14,46.7,0.992
disco_r14,0.14,46.8,0.992
disco_r14,0.14,46.9,0.992
disco_r14,0.14,47.0,0.992
disco_r14,0.14,47.1,0.9924999999999999
disco_r14,0.14,47.2,0.993
disco_r14,0.14,47.3,0.993
disco_r14,0.14,47.4,0.993
disco_r14,0.14,47.5,0.993
disco_r14,0.14,47.6,0.9934999999999998
disco_r14,0.14,47.7,0.9934999999999998
disco_r14,0.14,47.8,0.9934999999999998
disco_r14,0.14,47.9,0.9934999999999998
disco_r14,0.14,48.0,0.9934999999999998
disco_r14,0.14,48.1,0.994
disco_r14,0.14,48.2,0.994
disco_r14,0.14,48.3,0.994
disco_r14,0.14,48.4,0.994
disco_r14,0.14,48.5,0.994
disco_r14,0.14,48.6,0.9945
disco_r14,0.14,48.7,0.9945
disco_r14,0.14,48.8,0.9945
disco_r14,0.14,48.9,0.9945
disco_r14,0.14,49.0,0.9945
disco_r14,0.14,49.1,0.9949999999999999
disco_r14,0.14,49.2,0.9949999999999999
disco_r14,0.14,49.3,0.9949999999999999
disco_r14,0.14,49.4,0.9949999999999999
disco_r14,0.14,49.5,0.9949999999999999
disco_r14,0.14,49.6,0.9955
disco_r14,0.14,49.7,0.9955
disco_r14,0.14,49.8,0.9955
disco_r14,0.14,49.9,0.9959999999999999
disco_r14,0.14,50.0,0.9959999999999999
disco_r14,0.14,50.1,0.9959999999999999
disco_r14,0.14,50.2,0.9959999999999999
disco_r14,0.14,50.3,0.9959999999999999
disco_r14,0.14,50.4,0.9964999999999999
disco_r14,0.14,50.5,0.9964999999999999
disco_r14,0.14,50.6,0.9969999999999999
disco_r14,0.14,50.7,0.9969999999999999
disco_r14,0.14,50.8,0.9969999999999999
disco_r14,0.14,50.9,0.9969999999999999
disco_r14,0.14,51.0,0.9969999999999999
disco_r14,0.14,51.1,0.9969999999999999
disco_r14,0.14,51.2,0.9969999999999999
disco_r14,0.14,51.3,0.9969999999999999
disco_r14,0.14,51.4,0.9969999999999999
disco_r14,0.14,51.5,0.9974999999999999
disco_r14,0.14,51.6,0.9974999999999999
disco_r14,0.14,51.7,0.9974999999999999
disco_r14,0.14,51.8,0.9979999999999999
disco_r14,0.14,51.9,0.9979999999999999
disco_r14,0.14,52.0,0.9979999999999999
disco_r14,0.14,52.1,0.9979999999999999
disco_r14,0.14,52.2,0.9979999999999999
disco_r14,0.14,52.3,0.9979999999999999
disco_r14,0.14,52.4,0.9979999999999999
disco_r14,0.14,52.5,0.9979999999999999
disco_r14,0.14,52.6,0.9979999999999999
disco_r14,0.14,52.7,0.9979999999999999
disco_r14,0.14,52.8,0.9979999999999999
disco_r14,0.14,52.9,0.9979999999999999
disco_r14,0.14,53.0,0.9979999999999999
disco_r14,0.14,53.1,0.9979999999999999
disco_r14,0.14,53.2,0.9979999999999999
disco_r14,0.14,53.3,0.9979999999999999
disco_r14,0.14,53.4,0.9979999999999999
disco_r14,0.14,53.5,0.9979999999999999
disco_r14,0.14,53.6,0.9979999999999999
disco_r14,0.14,53.7,0.9979999999999999
disco_r14,0.14,53.8,0.9979999999999999
disco_r14,0.14,53.9,0.9979999999999999
disco_r14,0.14,54.0,0.9984999999999999
disco_r14,0.14,54.1,0.9984999999999999
disco_r14,0.14,54.2,0.9984999999999999
disco_r14,0.14,54.3,0.9984999999999999
disco_r14,0.14,54.4,0.9984999999999999
disco_r14,0.14,54.5,0.9984999999999999
disco_r14,0.14,54.6,0.9984999999999999
disco_r14,0.14,54.7,0.9984999999999999
disco_r14,0.14,54.8,0.9984999999999999
disco_r14,0.14,54.9,0.9984999999999999
disco_r14,0.14,55.0,0.9984999999999999
disco_r14,0.14,55.1,0.9984999999999999
disco_r14,0.14,55.2,0.9984999999999999
disco_r14,0.14,55.3,0.9984999999999999
disco_r14,0.14,55.4,0.9984999999999999
disco_r14,0.14,55.5,0.9984999999999999
disco_r14,0.14,55.6,0.9984999999999999
disco_r14,0.14,55.7,0.9984999999999999
disco_r14,0.14,55.8,0.9984999999999999
disco_r14,0.14,55.9,0.9984999999999999
disco_r14,0.14,56.0,0.9984999999999999
disco_r14,0.14,56.1,0.9984999999999999
disco_r14,0.14,56.2,0.9984999999999999
disco_r14,0.14,56.3,0.9984999999999999
disco_r14,0.14,56.4,0.9984999999999999
disco_r14,0.14,56.5,0.9984999999999999
disco_r14,0.14,56.6,0.9984999999999999
disco_r14,0.14,56.7,0.9984999999999999
disco_r14,0.14,56.8,0.9984999999999999
disco_r14,0.14,56.9,0.9984999999999999
disco_r14,0.14,57.0,0.9984999999999999
disco_r14,0.14,57.1,0.9984999999999999
disco_r14,0.14,57.2,0.9984999999999999
disco_r14,0.14,57.3,0.9984999999999999
disco_r14,0.14,57.4,0.9984999999999999
disco_r14,0.14,57.5,0.9984999999999999
disco_r14,0.14,57.6,0.9984999999999999
disco_r14,0.14,57.7,0.9984999999999999
disco_r14,0.14,57.8,0.9984999999999999
disco_r14,0.14,57.9,0.9984999999999999
disco_r14,0.14,58.0,0.9984999999999999
disco_r14,0.14,58.1,0.9984999999999999
disco_r14,0.14,58.2,0.9984999999999999
disco_r14,0.14,58.3,0.9984999999999999
disco_r14,0.14,58.4,0.9984999999999999
disco_r14,0.14,58.5,0.9984999999999999
disco_r14,0.14,58.6,0.9984999999999999
disco_r14,0.14,58.7,0.9984999999999999
disco_r14,0.14,58.8,0.9984999999999999
disco_r14,0.14,58.9,0.9984999999999999
disco_r14,0.14,59.0,0.9984999999999999
disco_r14,0.14,59.1,0.9984999999999999
disco_r14,0.14,59.2,0.9984999999999999
disco_r14,0.14,59.3,0.9984999999999999
disco_r14,0.14,59.4,0.9984999999999999
disco_r14,0.14,59.5,0.9984999999999999
disco_r14,0.14,59.6,0.9984999999999999
disco_r14,0.14,59.7,0.9984999999999999
disco_r14,0.14,59.8,0.9984999999999999
disco_r14,0.14,59.9,0.999
disco_r14,0.14,60.0,0.999
disco_r17,0.17,0.0,0.0
disco_r17,0.17,0.1,0.017000000000000005
disco_r17,0.17,0.2,0.03800000000000001
disco_r17,0.17,0.3,0.05150000000000001
disco_r17,0.17,0.4,0.06400000000000002
disco_r17,0.17,0.5,0.07400000000000002
disco_r17,0.17,0.6,0.08400000000000003
disco_r17,0.17,0.7,0.09650000000000003
disco_r17,0.17,0.8,0.11250000000000004
disco_r17,0.17,0.9,0.121
disco_r17,0.17,1.0,0.134
disco_r17,0.17,1.1,0.143
disco_r17,0.17,1.2,0.15399999999999997
disco_r17,0.17,1.3,0.16300000000000003
disco_r17,0.17,1.4,0.17350000000000002
disco_r17,0.17,1.5,0.187
disco_r17,0.17,1.6,0.1955
disco_r17,0.17,1.7,0.20650000000000004
disco_r17,0.17,1.8,0.21650000000000005
disco_r17,0.17,1.9,0.2245
disco_r17,0.17,2.0,0.2335000000000001
disco_r17,0.17,2.1,0.24350000000000005
disco_r17,0.17,2.2,0.25199999999999995
disco_r17,0.17,2.3,0.259
disco_r17,0.17,2.4,0.2644999999999999
disco_r17,0.17,2.5,0.273
disco_r17,0.17,2.6,0.28150000000000003
disco_r17,0.17,2.7,0.292
disco_r17,0.17,2.8,0.29700000000000004
disco_r17,0.17,2.9,0.30249999999999994
disco_r17,0.17,3.0,0.31100000000000005
disco_r17,0.17,3.1,0.31949999999999995
disco_r17,0.17,3.2,0.3245
disco_r17,0.17,3.3,0.33549999999999996
disco_r17,0.17,3.4,0.34299999999999997
disco_r17,0.17,3.5,0.35750000000000004
disco_r17,0.17,3.6,0.364
disco_r17,0.17,3.7,0.37049999999999994
disco_r17,0.17,3.8,0.376
disco_r17,0.17,3.9,0.3855
disco_r17,0.17,4.0,0.39150000000000007
disco_r17,0.17,4.1,0.39849999999999997
disco_r17,0.17,4.2,0.40700000000000003
disco_r17,0.17,4.3,0.4125
disco_r17,0.17,4.4,0.41800000000000004
disco_r17,0.17,4.5,0.4245
disco_r17,0.17,4.6,0.43000000000000005
disco_r17,0.17,4.7,0.4365
disco_r17,0.17,4.8,0.442
disco_r17,0.17,4.9,0.45100000000000007
disco_r17,0.17,5.0,0.45600000000000007
disco_r17,0.17,5.1,0.4600000000000001
disco_r17,0.17,5.2,0.4640000000000001
disco_r17,0.17,5.3,0.47300000000000003
disco_r17,0.17,5.4,0.47850000000000004
disco_r17,0.17,5.5,0.48500000000000004
disco_r17,0.17,5.6,0.49349999999999994
disco_r17,0.17,5.7,0.49850000000000005
disco_r17,0.17,5.8,0.5035000000000001
disco_r17,0.17,5.9,0.51
disco_r17,0.17,6.0,0.517
disco_r17,0.17,6.1,0.5249999999999998
disco_r17,0.17,6.2,0.5289999999999999
disco_r17,0.17,6.3,0.5355
disco_r17,0.17,6.4,0.5384999999999999
disco_r17,0.17,6.5,0.5435000000000001
disco_r17,0.17,6.6,0.547
disco_r17,0.17,6.7,0.551
disco_r17,0.17,6.8,0.5565
disco_r17,0.17,6.9,0.5615
disco_r17,0.17,7.0,0.5645000000000001
disco_r17,0.17,7.1,0.5695
disco_r17,0.17,7.2,0.5740000000000001
disco_r17,0.17,7.3,0.5785
disco_r17,0.17,7.4,0.5810000000000001
disco_r17,0.17,7.5,0.586
disco_r17,0.17,7.6,0.59
disco_r17,0.17,7.7,0.595
disco_r17,0.17,7.8,0.5984999999999999
disco_r17,0.17,7.9,0.604
disco_r17,0.17,8.0,0.611
disco_r17,0.17,8.1,0.6140000000000001
disco_r17,0.17,8.2,0.616
disco_r17,0.17,8.3,0.6184999999999999
disco_r17,0.17,8.4,0.623
disco_r17,0.17,8.5,0.627
disco_r17,0.17,8.6,0.6285000000000001
disco_r17,0.17,8.7,0.6335
disco_r17,0.17,8.8,0.6384999999999998
disco_r17,0.17,8.9,0.6435
disco_r17,0.17,9.0,0.649
disco_r17,0.17,9.1,0.6559999999999999
disco_r17,0.17,9.2,0.659
disco_r17,0.17,9.3,0.6615
disco_r17,0.17,9.4,0.6665000000000001
disco_r17,0.17,9.5,0.6705
disco_r17,0.17,9.6,0.6765000000000001
disco_r17,0.17,9.7,0.6799999999999999
disco_r17,0.17,9.8,0.6845000000000001
disco_r17,0.17,9.9,0.6890000000000001
disco_r17,0.17,10.0,0.692
disco_r17,0.17,10.1,0.696
disco_r17,0.17,10.2,0.6984999999999999
disco_r17,0.17,10.3,0.7024999999999999
disco_r17,0.17,10.4,0.7079999999999999
disco_r17,0.17,10.5,0.7144999999999999
disco_r17,0.17,10.6,0.7185
disco_r17,0.17,10.7,0.7220000000000002
disco_r17,0.17,10.8,0.7245000000000001
disco_r17,0.17,10.9,0.728
disco_r17,0.17,11.0,0.7335
disco_r17,0.17,11.1,0.7360000000000001
disco_r17,0.17,11.2,0.7395
disco_r17,0.17,11.3,0.7424999999999999
disco_r17,0.17,11.4,0.7434999999999999
disco_r17,0.17,11.5,0.7470000000000001
disco_r17,0.17,11.6,0.7500000000000001
disco_r17,0.17,11.7,0.7525000000000002
disco_r17,0.17,11.8,0.754
disco_r17,0.17,11.9,0.7585
disco_r17,0.17,12.0,0.7625
disco_r17,0.17,12.1,0.765
disco_r17,0.17,12.2,0.7685000000000001
disco_r17,0.17,12.3,0.7729999999999999
disco_r17,0.17,12.4,0.7745
disco_r17,0.17,12.5,0.7759999999999999
disco_r17,0.17,12.6,0.7794999999999999
disco_r17,0.17,12.7,0.783
disco_r17,0.17,12.8,0.7854999999999999
disco_r17,0.17,12.9,0.7900000000000001
disco_r17,0.17,13.0,0.7925000000000002
disco_r17,0.17,13.1,0.7955000000000001
disco_r17,0.17,13.2,0.7969999999999999
disco_r17,0.17,13.3,0.8015000000000001
disco_r17,0.17,13.4,0.8035
disco_r17,0.17,13.5,0.8035
disco_r17,0.17,13.6,0.8045
disco_r17,0.17,13.7,0.807
disco_r17,0.17,13.8,0.8125
disco_r17,0.17,13.9,0.8150000000000001
disco_r17,0.17,14.0,0.8160000000000001
disco_r17,0.17,14.1,0.8180000000000002
disco_r17,0.17,14.2,0.8195
disco_r17,0.17,14.3,0.8215
disco_r17,0.17,14.4,0.8234999999999999
disco_r17,0.17,14.5,0.8265
disco_r17,0.17,14.6,0.8284999999999998
disco_r17,0.17,14.7,0.8299999999999998
disco_r17,0.17,14.8,0.8319999999999999
disco_r17,0.17,14.9,0.8334999999999999
disco_r17,0.17,15.0,0.8365
disco_r17,0.17,15.1,0.8394999999999999
disco_r17,0.17,15.2,0.842
disco_r17,0.17,15.3,0.8425
disco_r17,0.17,15.4,0.843
disco_r17,0.17,15.5,0.845
disco_r17,0.17,15.6,0.8455
disco_r17,0.17,15.7,0.8460000000000001
disco_r17,0.17,15.8,0.8465
disco_r17,0.17,15.9,0.8485000000000001
disco_r17,0.17,16.0,0.849
disco_r17,0.17,16.1,0.85
disco_r17,0.17,16.2,0.8510000000000002
disco_r17,0.17,16.3,0.8539999999999999
disco_r17,0.17,16.4,0.8564999999999999
disco_r17,0.17,16.5,0.857
disco_r17,0.17,16.6,0.8580000000000002
disco_r17,0.17,16.7,0.8600000000000001
disco_r17,0.17,16.8,0.8625000000000002
disco_r17,0.17,16.9,0.8640000000000001
disco_r17,0.17,17.0,0.8665
disco_r17,0.17,17.1,0.8685
disco_r17,0.17,17.2,0.8705
disco_r17,0.17,17.3,0.8715000000000002
disco_r17,0.17,17.4,0.8720000000000001
disco_r17,0.17,17.5,0.873
disco_r17,0.17,17.6,0.874
disco_r17,0.17,17.7,0.876
disco_r17,0.17,17.8,0.8764999999999998
disco_r17,0.17,17.9,0.8789999999999999
disco_r17,0.17,18.0,0.8795
disco_r17,0.17,18.1,0.8815000000000002
disco_r17,0.17,18.2,0.884
disco_r17,0.17,18.3,0.8845000000000001
disco_r17,0.17,18.4,0.8855000000000001
disco_r17,0.17,18.5,0.8869999999999999
disco_r17,0.17,18.6,0.8889999999999999
disco_r17,0.17,18.7,0.8905
disco_r17,0.17,18.8,0.8915
disco_r17,0.17,18.9,0.8915
disco_r17,0.17,19.0,0.8915
disco_r17,0.17,19.1,0.8915
disco_r17,0.17,19.2,0.8929999999999998
disco_r17,0.17,19.3,0.8944999999999999
disco_r17,0.17,19.4,0.8969999999999999
disco_r17,0.17,19.5,0.8974999999999997
disco_r17,0.17,19.6,0.8985
disco_r17,0.17,19.7,0.8995
disco_r17,0.17,19.8,0.901
disco_r17,0.17,19.9,0.9015000000000001
disco_r17,0.17,20.0,0.9025000000000001
disco_r17,0.17,20.1,0.9040000000000001
disco_r17,0.17,20.2,0.905
disco_r17,0.17,20.3,0.9065
disco_r17,0.17,20.4,0.908
disco_r17,0.17,20.5,0.9099999999999999
disco_r17,0.17,20.6,0.9099999999999999
disco_r17,0.17,20.7,0.9120000000000001
disco_r17,0.17,20.8,0.9135000000000002
disco_r17,0.17,20.9,0.915
disco_r17,0.17,21.0,0.9174999999999999
disco_r17,0.17,21.1,0.9189999999999999
disco_r17,0.17,21.2,0.9199999999999999
disco_r17,0.17,21.3,0.9204999999999999
disco_r17,0.17,21.4,0.9225
disco_r17,0.17,21.5,0.923
disco_r17,0.17,21.6,0.9244999999999999
disco_r17,0.17,21.7,0.9255000000000001
disco_r17,0.17,21.8,0.9255000000000001
disco_r17,0.17,21.9,0.9255000000000001
disco_r17,0.17,22.0,0.9274999999999999
disco_r17,0.17,22.1,0.9274999999999999
disco_r17,0.17,22.2,0.9274999999999999
disco_r17,0.17,22.3,0.9295
disco_r17,0.17,22.4,0.9295
disco_r17,0.17,22.5,0.93
disco_r17,0.17,22.6,0.93
disco_r17,0.17,22.7,0.9315
disco_r17,0.17,22.8,0.9315
disco_r17,0.17,22.9,0.932
disco_r17,0.17,23.0,0.933
disco_r17,0.17,23.1,0.933
disco_r17,0.17,23.2,0.9335000000000001
disco_r17,0.17,23.3,0.9355
disco_r17,0.17,23.4,0.9365
disco_r17,0.17,23.5,0.9365
disco_r17,0.17,23.6,0.9375
disco_r17,0.17,23.7,0.9389999999999998
disco_r17,0.17,23.8,0.9400000000000001
disco_r17,0.17,23.9,0.9404999999999999
disco_r17,0.17,24.0,0.9410000000000001
disco_r17,0.17,24.1,0.9415000000000001
disco_r17,0.17,24.2,0.9415000000000001
disco_r17,0.17,24.3,0.9415000000000001
disco_r17,0.17,24.4,0.9430000000000002
disco_r17,0.17,24.5,0.9435
disco_r17,0.17,24.6,0.9445
disco_r17,0.17,24.7,0.9450000000000001
disco_r17,0.17,24.8,0.9450000000000001
disco_r17,0.17,24.9,0.9460000000000001
disco_r17,0.17,25.0,0.9470000000000003
disco_r17,0.17,25.1,0.9470000000000003
disco_r17,0.17,25.2,0.9485000000000001
disco_r17,0.17,25.3,0.9490000000000001
disco_r17,0.17,25.4,0.9505000000000001
disco_r17,0.17,25.5,0.9520000000000002
disco_r17,0.17,25.6,0.9545000000000001
disco_r17,0.17,25.7,0.9545000000000001
disco_r17,0.17,25.8,0.9545000000000001
disco_r17,0.17,25.9,0.9545000000000001
disco_r17,0.17,26.0,0.9555
disco_r17,0.17,26.1,0.9555
disco_r17,0.17,26.2,0.9559999999999998
disco_r17,0.17,26.3,0.9569999999999999
disco_r17,0.17,26.4,0.9585000000000001
disco_r17,0.17,26.5,0.9585000000000001
disco_r17,0.17,26.6,0.9585000000000001
disco_r17,0.17,26.7,0.9585000000000001
disco_r17,0.17,26.8,0.9594999999999999
disco_r17,0.17,26.9,0.9594999999999999
disco_r17,0.17,27.0,0.9604999999999999
disco_r17,0.17,27.1,0.9620000000000001
disco_r17,0.17,27.2,0.9620000000000001
disco_r17,0.17,27.3,0.9625
disco_r17,0.17,27.4,0.9629999999999999
disco_r17,0.17,27.5,0.9629999999999999
disco_r17,0.17,27.6,0.9629999999999999
disco_r17,0.17,27.7,0.9635
disco_r17,0.17,27.8,0.9640000000000001
disco_r17,0.17,27.9,0.9650000000000001
disco_r17,0.17,28.0,0.9650000000000001
disco_r17,0.17,28.1,0.9654999999999999
disco_r17,0.17,28.2,0.9654999999999999
disco_r17,0.17,28.3,0.9654999999999999
disco_r17,0.17,28.4,0.9654999999999999
disco_r17,0.17,28.5,0.9654999999999999
disco_r17,0.17,28.6,0.9675
disco_r17,0.17,28.7,0.9680000000000002
disco_r17,0.17,28.8,0.9680000000000002
disco_r17,0.17,28.9,0.9685000000000002
disco_r17,0.17,29.0,0.9690000000000001
disco_r17,0.17,29.1,0.9690000000000001
disco_r17,0.17,29.2,0.9690000000000001
disco_r17,0.17,29.3,0.9695000000000003
disco_r17,0.17,29.4,0.9695000000000003
disco_r17,0.17,29.5,0.9695000000000003
disco_r17,0.17,29.6,0.9695000000000003
disco_r17,0.17,29.7,0.9700000000000001
disco_r17,0.17,29.8,0.9715
disco_r17,0.17,29.9,0.9720000000000001
disco_r17,0.17,30.0,0.9725000000000001
disco_r17,0.17,30.1,0.9730000000000001
disco_r17,0.17,30.2,0.9730000000000001
disco_r17,0.17,30.3,0.974
disco_r17,0.17,30.4,0.9745000000000001
disco_r17,0.17,30.5,0.975
disco_r17,0.17,30.6,0.975
disco_r17,0.17,30.7,0.975
disco_r17,0.17,30.8,0.975
disco_r17,0.17,30.9,0.975
disco_r17,0.17,31.0,0.975
disco_r17,0.17,31.1,0.9755
disco_r17,0.17,31.2,0.9755
disco_r17,0.17,31.3,0.9755
disco_r17,0.17,31.4,0.9765
disco_r17,0.17,31.5,0.977
disco_r17,0.17,31.6,0.977
disco_r17,0.17,31.7,0.9774999999999998
disco_r17,0.17,31.8,0.9779999999999998
disco_r17,0.17,31.9,0.9784999999999998
disco_r17,0.17,32.0,0.9789999999999999
disco_r17,0.17,32.1,0.9789999999999999
disco_r17,0.17,32.2,0.9795
disco_r17,0.17,32.3,0.9795
disco_r17,0.17,32.4,0.9799999999999999
disco_r17,0.17,32.5,0.9804999999999999
disco_r17,0.17,32.6,0.9804999999999999
disco_r17,0.17,32.7,0.9804999999999999
disco_r17,0.17,32.8,0.9809999999999999
disco_r17,0.17,32.9,0.9809999999999999
disco_r17,0.17,33.0,0.9809999999999999
disco_r17,0.17,33.1,0.9809999999999999
disco_r17,0.17,33.2,0.9809999999999999
disco_r17,0.17,33.3,0.9809999999999999
disco_r17,0.17,33.4,0.9809999999999999
disco_r17,0.17,33.5,0.982
disco_r17,0.17,33.6,0.982
disco_r17,0.17,33.7,0.982
disco_r17,0.17,33.8,0.982
disco_r17,0.17,33.9,0.982
disco_r17,0.17,34.0,0.9825000000000002
disco_r17,0.17,34.1,0.9825000000000002
disco_r17,0.17,34.2,0.9825000000000002
disco_r17,0.17,34.3,0.9825000000000002
disco_r17,0.17,34.4,0.983
disco_r17,0.17,34.5,0.983
disco_r17,0.17,34.6,0.9834999999999999
disco_r17,0.17,34.7,0.984
disco_r17,0.17,34.8,0.984
disco_r17,0.17,34.9,0.984
disco_r17,0.17,35.0,0.9844999999999999
disco_r17,0.17,35.1,0.9844999999999999
disco_r17,0.17,35.2,0.985
disco_r17,0.17,35.3,0.985
disco_r17,0.17,35.4,0.985
disco_r17,0.17,35.5,0.985
disco_r17,0.17,35.6,0.985
disco_r17,0.17,35.7,0.9854999999999998
disco_r17,0.17,35.8,0.9854999999999998
disco_r17,0.17,35.9,0.9854999999999998
disco_r17,0.17,36.0,0.9854999999999998
disco_r17,0.17,36.1,0.9854999999999998
disco_r17,0.17,36.2,0.986
disco_r17,0.17,36.3,0.986
disco_r17,0.17,36.4,0.9865
disco_r17,0.17,36.5,0.9865
disco_r17,0.17,36.6,0.9869999999999999
disco_r17,0.17,36.7,0.9879999999999999
disco_r17,0.17,36.8,0.9879999999999999
disco_r17,0.17,36.9,0.9884999999999999
disco_r17,0.17,37.0,0.9884999999999999
disco_r17,0.17,37.1,0.9889999999999999
disco_r17,0.17,37.2,0.9889999999999999
disco_r17,0.17,37.3,0.9889999999999999
disco_r17,0.17,37.4,0.9904999999999999
disco_r17,0.17,37.5,0.9904999999999999
disco_r17,0.17,37.6,0.9904999999999999
disco_r17,0.17,37.7,0.9909999999999999
disco_r17,0.17,37.8,0.9914999999999999
disco_r17,0.17,37.9,0.992
disco_r17,0.17,38.0,0.992
disco_r17,0.17,38.1,0.992
disco_r17,0.17,38.2,0.992
disco_r17,0.17,38.3,0.992
disco_r17,0.17,38.4,0.992
disco_r17,0.17,38.5,0.992
disco_r17,0.17,38.6,0.992
disco_r17,0.17,38.7,0.992
disco_r17,0.17,38.8,0.992
disco_r17,0.17,38.9,0.992
disco_r17,0.17,39.0,0.992
disco_r17,0.17,39.1,0.992
disco_r17,0.17,39.2,0.992
disco_r17,0.17,39.3,0.9924999999999999
disco_r17,0.17,39.4,0.9924999999999999
disco_r17,0.17,39.5,0.9924999999999999
disco_r17,0.17,39.6,0.9924999999999999
disco_r17,0.17,39.7,0.9929999999999998
disco_r17,0.17,39.8,0.9929999999999998
disco_r17,0.17,39.9,0.9929999999999998
disco_r17,0.17,40.0,0.9929999999999998
disco_r17,0.17,40.1,0.9929999999999998
disco_r17,0.17,40.2,0.9929999999999998
disco_r17,0.17,40.3,0.9929999999999998
disco_r17,0.17,40.4,0.9929999999999998
disco_r17,0.17,40.5,0.9929999999999998
disco_r17,0.17,40.6,0.9929999999999998
disco_r17,0.17,40.7,0.9934999999999998
disco_r17,0.17,40.8,0.9934999999999998
disco_r17,0.17,40.9,0.9934999999999998
disco_r17,0.17,41.0,0.9934999999999998
disco_r17,0.17,41.1,0.9934999999999998
disco_r17,0.17,41.2,0.9934999999999998
disco_r17,0.17,41.3,0.9934999999999998
disco_r17,0.17,41.4,0.9934999999999998
disco_r17,0.17,41.5,0.994
disco_r17,0.17,41.6,0.994
disco_r17,0.17,41.7,0.994
disco_r17,0.17,41.8,0.994
disco_r17,0.17,41.9,0.994
disco_r17,0.17,42.0,0.994
disco_r17,0.17,42.1,0.9944999999999998
disco_r17,0.17,42.2,0.9944999999999998
disco_r17,0.17,42.3,0.9944999999999998
disco_r17,0.17,42.4,0.9944999999999998
disco_r17,0.17,42.5,0.9944999999999998
disco_r17,0.17,42.6,0.9944999999999998
disco_r17,0.17,42.7,0.9955
disco_r17,0.17,42.8,0.9955
disco_r17,0.17,42.9,0.9955
disco_r17,0.17,43.0,0.9955
disco_r17,0.17,43.1,0.9955
disco_r17,0.17,43.2,0.9955
disco_r17,0.17,43.3,0.9955
disco_r17,0.17,43.4,0.9955
disco_r17,0.17,43.5,0.9955
disco_r17,0.17,43.6,0.9955
disco_r17,0.17,43.7,0.9955
disco_r17,0.17,43.8,0.9955
disco_r17,0.17,43.9,0.9955
disco_r17,0.17,44.0,0.9955
disco_r17,0.17,44.1,0.9955
disco_r17,0.17,44.2,0.9955
disco_r17,0.17,44.3,0.9959999999999999
disco_r17,0.17,44.4,0.9959999999999999
disco_r17,0.17,44.5,0.9959999999999999
disco_r17,0.17,44.6,0.9959999999999999
disco_r17,0.17,44.7,0.9959999999999999
disco_r17,0.17,44.8,0.9964999999999999
disco_r17,0.17,44.9,0.9970000000000001
disco_r17,0.17,45.0,0.9970000000000001
disco_r17,0.17,45.1,0.9970000000000001
disco_r17,0.17,45.2,0.9970000000000001
disco_r17,0.17,45.3,0.9970000000000001
disco_r17,0.17,45.4,0.9970000000000001
disco_r17,0.17,45.5,0.9970000000000001
disco_r17,0.17,45.6,0.9975000000000002
disco_r17,0.17,45.7,0.9975000000000002
disco_r17,0.17,45.8,0.9975000000000002
disco_r17,0.17,45.9,0.9975000000000002
disco_r17,0.17,46.0,0.9975000000000002
disco_r17,0.17,46.1,0.9975000000000002
disco_r17,0.17,46.2,0.9975000000000002
disco_r17,0.17,46.3,0.9975000000000002
disco_r17,0.17,46.4,0.9975000000000002
disco_r17,0.17,46.5,0.9975000000000002
disco_r17,0.17,46.6,0.9975000000000002
disco_r17,0.17,46.7,0.9975000000000002
disco_r17,0.17,46.8,0.9975000000000002
disco_r17,0.17,46.9,0.9975000000000002
disco_r17,0.17,47.0,0.9975000000000002
disco_r17,0.17,47.1,0.9975000000000002
disco_r17,0.17,47.2,0.9975000000000002
disco_r17,0.17,47.3,0.9975000000000002
disco_r17,0.17,47.4,0.9975000000000002
disco_r17,0.17,47.5,0.9975000000000002
disco_r17,0.17,47.6,0.9975000000000002
disco_r17,0.17,47.7,0.9975000000000002
disco_r17,0.17,47.8,0.9975000000000002
disco_r17,0.17,47.9,0.9975000000000002
disco_r17,0.17,48.0,0.9975000000000002
disco_r17,0.17,48.1,0.9975000000000002
disco_r17,0.17,48.2,0.9975000000000002
disco_r17,0.17,48.3,0.9975000000000002
disco_r17,0.17,48.4,0.9975000000000002
disco_r17,0.17,48.5,0.9975000000000002
disco_r17,0.17,48.6,0.9975000000000002
disco_r17,0.17,48.7,0.9975000000000002
disco_r17,0.17,48.8,0.998
disco_r17,0.17,48.9,0.998
disco_r17,0.17,49.0,0.998
disco_r17,0.17,49.1,0.998
disco_r17,0.17,49.2,0.998
disco_r17,0.17,49.3,0.998
disco_r17,0.17,49.4,0.998
disco_r17,0.17,49.5,0.998
disco_r17,0.17,49.6,0.998
disco_r17,0.17,49.7,0.998
disco_r17,0.17,49.8,0.998
disco_r17,0.17,49.9,0.998
disco_r17,0.17,50.0,0.998
disco_r17,0.17,50.1,0.998
disco_r17,0.17,50.2,0.998
disco_r17,0.17,50.3,0.9984999999999999
disco_r17,0.17,50.4,0.9984999999999999
disco_r17,0.17,50.5,0.9984999999999999
disco_r17,0.17,50.6,0.9984999999999999
disco_r17,0.17,50.7,0.9984999999999999
disco_r17,0.17,50.8,0.9984999999999999
disco_r17,0.17,50.9,0.9984999999999999
disco_r17,0.17,51.0,0.9984999999999999
disco_r17,0.17,51.1,0.9984999999999999
disco_r17,0.17,51.2,0.9984999999999999
disco_r17,0.17,51.3,0.9984999999999999
disco_r17,0.17,51.4,0.9984999999999999
disco_r17,0.17,51.5,0.9984999999999999
disco_r17,0.17,51.6,0.9984999999999999
disco_r17,0.17,51.7,0.9984999999999999
disco_r17,0.17,51.8,0.9984999999999999
disco_r17,0.17,51.9,0.9984999999999999
disco_r17,0.17,52.0,0.9984999999999999
disco_r17,0.17,52.1,0.9984999999999999
disco_r17,0.17,52.2,0.9984999999999999
disco_r17,0.17,52.3,0.9984999999999999
disco_r17,0.17,52.4,0.999
disco_r17,0.17,52.5,0.999
disco_r17,0.17,52.6,0.999
disco_r17,0.17,52.7,0.999
disco_r17,0.17,52.8,0.999
disco_r17,0.17,52.9,0.999
disco_r17,0.17,53.0,0.999
disco_r17,0.17,53.1,0.999
disco_r17,0.17,53.2,0.999
disco_r17,0.17,53.3,0.999
disco_r17,0.17,53.4,0.999
disco_r17,0.17,53.5,0.999
disco_r17,0.17,53.6,0.999
disco_r17,0.17,53.7,0.999
disco_r17,0.17,53.8,0.999
disco_r17,0.17,53.9,0.999
disco_r17,0.17,54.0,0.999
disco_r17,0.17,54.1,0.999
disco_r17,0.17,54.2,0.999
disco_r17,0.17,54.3,0.999
disco_r17,0.17,54.4,0.999
disco_r17,0.17,54.5,0.999
disco_r17,0.17,54.6,0.999
disco_r17,0.17,54.7,0.999
disco_r17,0.17,54.8,0.999
disco_r17,0.17,54.9,0.999
disco_r17,0.17,55.0,0.999
disco_r17,0.17,55.1,0.999
disco_r17,0.17,55.2,0.999
disco_r17,0.17,55.3,0.999
disco_r17,0.17,55.4,0.999
disco_r17,0.17,55.5,0.999
disco_r17,0.17,55.6,0.999
disco_r17,0.17,55.7,0.999
disco_r17,0.17,55.8,0.999
disco_r17,0.17,55.9,0.999
disco_r17,0.17,56.0,0.999
disco_r17,0.17,56.1,0.999
disco_r17,0.17,56.2,0.999
disco_r17,0.17,56.3,0.999
disco_r17,0.17,56.4,0.999
disco_r17,0.17,56.5,0.999
disco_r17,0.17,56.6,0.999
disco_r17,0.17,56.7,0.999
disco_r17,0.17,56.8,0.999
disco_r17,0.17,56.9,0.999
disco_r17,0.17,57.0,0.999
disco_r17,0.17,57.1,0.999
disco_r17,0.17,57.2,0.999
disco_r17,0.17,57.3,0.999
disco_r17,0.17,57.4,0.999
disco_r17,0.17,57.5,0.999
disco_r17,0.17,57.6,0.999
disco_r17,0.17,57.7,0.999
disco_r17,0.17,57.8,0.999
disco_r17,0.17,57.9,0.999
disco_r17,0.17,58.0,0.999
disco_r17,0.17,58.1,0.999
disco_r17,0.17,58.2,0.999
disco_r17,0.17,58.3,0.999
disco_r17,0.17,58.4,0.999
disco_r17,0.17,58.5,0.999
disco_r17,0.17,58.6,0.999
disco_r17,0.17,58.7,0.999
disco_r17,0.17,58.8,0.999
disco_r17,0.17,58.9,0.999
disco_r17,0.17,59.0,0.999
disco_r17,0.17,59.1,0.999
disco_r17,0.17,59.2,0.999
disco_r17,0.17,59.3,0.999
disco_r17,0.17,59.4,0.999
disco_r17,0.17,59.5,0.999
disco_r17,0.17,59.6,0.999
disco_r17,0.17,59.7,0.999
disco_r17,0.17,59.8,0.999
disco_r17,0.17,59.9,0.999
disco_r17,0.17,60.0,0.999
disco_r20,0.2,0.0,0.0
disco_r20,0.2,0.1,0.0205
disco_r20,0.2,0.2,0.040500000000000015
disco_r20,0.2,0.3,0.05800000000000001
disco_r20,0.2,0.4,0.06900000000000002
disco_r20,0.2,0.5,0.08200000000000003
disco_r20,0.2,0.6,0.09400000000000001
disco_r20,0.2,0.7,0.10450000000000001
disco_r20,0.2,0.8,0.1165
disco_r20,0.2,0.9,0.12899999999999998
disco_r20,0.2,1.0,0.142
disco_r20,0.2,1.1,0.154
disco_r20,0.2,1.2,0.1655
disco_r20,0.2,1.3,0.17400000000000002
disco_r20,0.2,1.4,0.18250000000000002
disco_r20,0.2,1.5,0.19350000000000003
disco_r20,0.2,1.6,0.20200000000000004
disco_r20,0.2,1.7,0.21050000000000005
disco_r20,0.2,1.8,0.22450000000000006
disco_r20,0.2,1.9,0.2365
disco_r20,0.2,2.0,0.24350000000000005
disco_r20,0.2,2.1,0.2560000000000001
disco_r20,0.2,2.2,0.26850000000000007
disco_r20,0.2,2.3,0.2745000000000001
disco_r20,0.2,2.4,0.2815
disco_r20,0.2,2.5,0.2875
disco_r20,0.2,2.6,0.2945000000000001
disco_r20,0.2,2.7,0.30199999999999994
disco_r20,0.2,2.8,0.31050000000000005
disco_r20,0.2,2.9,0.31799999999999995
disco_r20,0.2,3.0,0.32799999999999996
disco_r20,0.2,3.1,0.33799999999999997
disco_r20,0.2,3.2,0.3465
disco_r20,0.2,3.3,0.354
disco_r20,0.2,3.4,0.362
disco_r20,0.2,3.5,0.368
disco_r20,0.2,3.6,0.3745
disco_r20,0.2,3.7,0.38250000000000006
disco_r20,0.2,3.8,0.39249999999999996
disco_r20,0.2,3.9,0.39899999999999997
disco_r20,0.2,4.0,0.40800000000000003
disco_r20,0.2,4.1,0.41500000000000004
disco_r20,0.2,4.2,0.42049999999999993
disco_r20,0.2,4.3,0.42399999999999993
disco_r20,0.2,4.4,0.4305
disco_r20,0.2,4.5,0.43500000000000005
disco_r20,0.2,4.6,0.4410000000000001
disco_r20,0.2,4.7,0.4490000000000001
disco_r20,0.2,4.8,0.453
disco_r20,0.2,4.9,0.46049999999999996
disco_r20,0.2,5.0,0.4675000000000001
disco_r20,0.2,5.1,0.4715
disco_r20,0.2,5.2,0.47650000000000015
disco_r20,0.2,5.3,0.4830000000000001
disco_r20,0.2,5.4,0.493
disco_r20,0.2,5.5,0.49949999999999994
disco_r20,0.2,5.6,0.5035
disco_r20,0.2,5.7,0.5099999999999999
disco_r20,0.2,5.8,0.5145000000000001
disco_r20,0.2,5.9,0.5205000000000001
disco_r20,0.2,6.0,0.5285
disco_r20,0.2,6.1,0.5345
disco_r20,0.2,6.2,0.539
disco_r20,0.2,6.3,0.5425000000000001
disco_r20,0.2,6.4,0.55
disco_r20,0.2,6.5,0.5559999999999999
disco_r20,0.2,6.6,0.561
disco_r20,0.2,6.7,0.5645
disco_r20,0.2,6.8,0.5705
disco_r20,0.2,6.9,0.5785
disco_r20,0.2,7.0,0.586
disco_r20,0.2,7.1,0.59
disco_r20,0.2,7.2,0.595
disco_r20,0.2,7.3,0.599
disco_r20,0.2,7.4,0.6034999999999999
disco_r20,0.2,7.5,0.607
disco_r20,0.2,7.6,0.609
disco_r20,0.2,7.7,0.6144999999999998
disco_r20,0.2,7.8,0.6189999999999998
disco_r20,0.2,7.9,0.623
disco_r20,0.2,8.0,0.626
disco_r20,0.2,8.1,0.6295
disco_r20,0.2,8.2,0.6305
disco_r20,0.2,8.3,0.6335000000000001
disco_r20,0.2,8.4,0.6355000000000001
disco_r20,0.2,8.5,0.6410000000000002
disco_r20,0.2,8.6,0.6435000000000002
disco_r20,0.2,8.7,0.6475000000000002
disco_r20,0.2,8.8,0.651
disco_r20,0.2,8.9,0.6570000000000001
disco_r20,0.2,9.0,0.6620000000000001
disco_r20,0.2,9.1,0.6645000000000001
disco_r20,0.2,9.2,0.6685000000000001
disco_r20,0.2,9.3,0.6725
disco_r20,0.2,9.4,0.6769999999999998
disco_r20,0.2,9.5,0.6799999999999999
disco_r20,0.2,9.6,0.6844999999999999
disco_r20,0.2,9.7,0.688
disco_r20,0.2,9.8,0.6925
disco_r20,0.2,9.9,0.6939999999999998
disco_r20,0.2,10.0,0.6964999999999999
disco_r20,0.2,10.1,0.6975
disco_r20,0.2,10.2,0.702
disco_r20,0.2,10.3,0.705
disco_r20,0.2,10.4,0.708
disco_r20,0.2,10.5,0.7124999999999999
disco_r20,0.2,10.6,0.714
disco_r20,0.2,10.7,0.716
disco_r20,0.2,10.8,0.719
disco_r20,0.2,10.9,0.721
disco_r20,0.2,11.0,0.724
disco_r20,0.2,11.1,0.7274999999999999
disco_r20,0.2,11.2,0.732
disco_r20,0.2,11.3,0.734
disco_r20,0.2,11.4,0.7354999999999998
disco_r20,0.2,11.5,0.7390000000000001
disco_r20,0.2,11.6,0.7415
disco_r20,0.2,11.7,0.7460000000000001
disco_r20,0.2,11.8,0.749
disco_r20,0.2,11.9,0.7505
disco_r20,0.2,12.0,0.7535000000000001
disco_r20,0.2,12.1,0.7565000000000001
disco_r20,0.2,12.2,0.7580000000000001
disco_r20,0.2,12.3,0.7615000000000001
disco_r20,0.2,12.4,0.7635000000000002
disco_r20,0.2,12.5,0.7670000000000001
disco_r20,0.2,12.6,0.7700000000000001
disco_r20,0.2,12.7,0.7735000000000001
disco_r20,0.2,12.8,0.774
disco_r20,0.2,12.9,0.7759999999999999
disco_r20,0.2,13.0,0.7805
disco_r20,0.2,13.1,0.7815
disco_r20,0.2,13.2,0.7834999999999999
disco_r20,0.2,13.3,0.7855
disco_r20,0.2,13.4,0.7879999999999999
disco_r20,0.2,13.5,0.7905000000000001
disco_r20,0.2,13.6,0.7915
disco_r20,0.2,13.7,0.7939999999999999
disco_r20,0.2,13.8,0.7959999999999999
disco_r20,0.2,13.9,0.7994999999999999
disco_r20,0.2,14.0,0.8019999999999999
disco_r20,0.2,14.1,0.8055000000000001
disco_r20,0.2,14.2,0.8085000000000001
disco_r20,0.2,14.3,0.8105000000000002
disco_r20,0.2,14.4,0.812
disco_r20,0.2,14.5,0.8145000000000001
disco_r20,0.2,14.6,0.817
disco_r20,0.2,14.7,0.8175000000000001
disco_r20,0.2,14.8,0.8195
disco_r20,0.2,14.9,0.8205
disco_r20,0.2,15.0,0.8230000000000001
disco_r20,0.2,15.1,0.8255000000000001
disco_r20,0.2,15.2,0.8275
disco_r20,0.2,15.3,0.8295
disco_r20,0.2,15.4,0.8324999999999999
disco_r20,0.2,15.5,0.8355
disco_r20,0.2,15.6,0.8375
disco_r20,0.2,15.7,0.8385
disco_r20,0.2,15.8,0.8399999999999999
disco_r20,0.2,15.9,0.845
disco_r20,0.2,16.0,0.8465
disco_r20,0.2,16.1,0.8484999999999999
disco_r20,0.2,16.2,0.8524999999999998
disco_r20,0.2,16.3,0.8524999999999998
disco_r20,0.2,16.4,0.8544999999999998
disco_r20,0.2,16.5,0.8559999999999999
disco_r20,0.2,16.6,0.8559999999999999
disco_r20,0.2,16.7,0.8569999999999999
disco_r20,0.2,16.8,0.858
disco_r20,0.2,16.9,0.8604999999999998
disco_r20,0.2,17.0,0.8614999999999998
disco_r20,0.2,17.1,0.8624999999999998
disco_r20,0.2,17.2,0.8639999999999999
disco_r20,0.2,17.3,0.8664999999999999
disco_r20,0.2,17.4,0.8664999999999999
disco_r20,0.2,17.5,0.867
disco_r20,0.2,17.6,0.8684999999999998
disco_r20,0.2,17.7,0.8694999999999998
disco_r20,0.2,17.8,0.8709999999999999
disco_r20,0.2,17.9,0.8714999999999998
disco_r20,0.2,18.0,0.8729999999999999
disco_r20,0.2,18.1,0.8749999999999998
disco_r20,0.2,18.2,0.8755
disco_r20,0.2,18.3,0.8774999999999998
disco_r20,0.2,18.4,0.8794999999999998
disco_r20,0.2,18.5,0.8814999999999997
disco_r20,0.2,18.6,0.8825
disco_r20,0.2,18.7,0.884
disco_r20,0.2,18.8,0.884
disco_r20,0.2,18.9,0.8869999999999999
disco_r20,0.2,19.0,0.8885
disco_r20,0.2,19.1,0.8885
disco_r20,0.2,19.2,0.8905
disco_r20,0.2,19.3,0.8915
disco_r20,0.2,19.4,0.8925000000000001
disco_r20,0.2,19.5,0.8939999999999999
disco_r20,0.2,19.6,0.8939999999999999
disco_r20,0.2,19.7,0.8945000000000001
disco_r20,0.2,19.8,0.8945000000000001
disco_r20,0.2,19.9,0.8955
disco_r20,0.2,20.0,0.8960000000000001
disco_r20,0.2,20.1,0.8985000000000003
disco_r20,0.2,20.2,0.9005000000000003
disco_r20,0.2,20.3,0.9005000000000003
disco_r20,0.2,20.4,0.9015000000000002
disco_r20,0.2,20.5,0.9050000000000002
disco_r20,0.2,20.6,0.9055000000000003
disco_r20,0.2,20.7,0.9070000000000004
disco_r20,0.2,20.8,0.9080000000000004
disco_r20,0.2,20.9,0.9100000000000001
disco_r20,0.2,21.0,0.9100000000000001
disco_r20,0.2,21.1,0.9110000000000001
disco_r20,0.2,21.2,0.9135000000000002
disco_r20,0.2,21.3,0.915
disco_r20,0.2,21.4,0.9170000000000001
disco_r20,0.2,21.5,0.9200000000000002
disco_r20,0.2,21.6,0.9215000000000002
disco_r20,0.2,21.7,0.9220000000000003
disco_r20,0.2,21.8,0.9225000000000001
disco_r20,0.2,21.9,0.9230000000000003
disco_r20,0.2,22.0,0.9245000000000003
disco_r20,0.2,22.1,0.9255000000000002
disco_r20,0.2,22.2,0.9255000000000002
disco_r20,0.2,22.3,0.9260000000000002
disco_r20,0.2,22.4,0.9275000000000002
disco_r20,0.2,22.5,0.9275000000000002
disco_r20,0.2,22.6,0.9280000000000002
disco_r20,0.2,22.7,0.9295000000000002
disco_r20,0.2,22.8,0.93
disco_r20,0.2,22.9,0.93
disco_r20,0.2,23.0,0.93
disco_r20,0.2,23.1,0.9340000000000002
disco_r20,0.2,23.2,0.9360000000000002
disco_r20,0.2,23.3,0.9360000000000002
disco_r20,0.2,23.4,0.9375000000000002
disco_r20,0.2,23.5,0.9380000000000001
disco_r20,0.2,23.6,0.9390000000000001
disco_r20,0.2,23.7,0.9400000000000001
disco_r20,0.2,23.8,0.9414999999999999
disco_r20,0.2,23.9,0.9434999999999999
disco_r20,0.2,24.0,0.9444999999999999
disco_r20,0.2,24.1,0.9444999999999999
disco_r20,0.2,24.2,0.945
disco_r20,0.2,24.3,0.9455
disco_r20,0.2,24.4,0.9465
disco_r20,0.2,24.5,0.9465
disco_r20,0.2,24.6,0.9465
disco_r20,0.2,24.7,0.9480000000000001
disco_r20,0.2,24.8,0.9485000000000001
disco_r20,0.2,24.9,0.9485000000000001
disco_r20,0.2,25.0,0.9485000000000001
disco_r20,0.2,25.1,0.9490000000000001
disco_r20,0.2,25.2,0.9490000000000001
disco_r20,0.2,25.3,0.9490000000000001
disco_r20,0.2,25.4,0.9490000000000001
disco_r20,0.2,25.5,0.95
disco_r20,0.2,25.6,0.9525
disco_r20,0.2,25.7,0.9530000000000001
disco_r20,0.2,25.8,0.9535
disco_r20,0.2,25.9,0.9535
disco_r20,0.2,26.0,0.9540000000000001
disco_r20,0.2,26.1,0.9540000000000001
disco_r20,0.2,26.2,0.9540000000000001
disco_r20,0.2,26.3,0.9545000000000001
disco_r20,0.2,26.4,0.9545000000000001
disco_r20,0.2,26.5,0.9550000000000001
disco_r20,0.2,26.6,0.9570000000000001
disco_r20,0.2,26.7,0.9574999999999999
disco_r20,0.2,26.8,0.9594999999999999
disco_r20,0.2,26.9,0.96
disco_r20,0.2,27.0,0.9605
disco_r20,0.2,27.1,0.9614999999999998
disco_r20,0.2,27.2,0.962
disco_r20,0.2,27.3,0.9629999999999999
disco_r20,0.2,27.4,0.9634999999999998
disco_r20,0.2,27.5,0.9634999999999998
disco_r20,0.2,27.6,0.9639999999999997
disco_r20,0.2,27.7,0.9639999999999997
disco_r20,0.2,27.8,0.9644999999999998
disco_r20,0.2,27.9,0.966
disco_r20,0.2,28.0,0.966
disco_r20,0.2,28.1,0.9669999999999999
disco_r20,0.2,28.2,0.9679999999999997
disco_r20,0.2,28.3,0.9679999999999997
disco_r20,0.2,28.4,0.9684999999999999
disco_r20,0.2,28.5,0.9684999999999999
disco_r20,0.2,28.6,0.969
disco_r20,0.2,28.7,0.969
disco_r20,0.2,28.8,0.969
disco_r20,0.2,28.9,0.9694999999999998
disco_r20,0.2,29.0,0.97
disco_r20,0.2,29.1,0.9704999999999998
disco_r20,0.2,29.2,0.9704999999999998
disco_r20,0.2,29.3,0.9714999999999998
disco_r20,0.2,29.4,0.9714999999999998
disco_r20,0.2,29.5,0.9714999999999998
disco_r20,0.2,29.6,0.9714999999999998
disco_r20,0.2,29.7,0.9714999999999998
disco_r20,0.2,29.8,0.9724999999999999
disco_r20,0.2,29.9,0.9724999999999999
disco_r20,0.2,30.0,0.9724999999999999
disco_r20,0.2,30.1,0.9729999999999999
disco_r20,0.2,30.2,0.9729999999999999
disco_r20,0.2,30.3,0.9734999999999999
disco_r20,0.2,30.4,0.9734999999999999
disco_r20,0.2,30.5,0.9734999999999999
disco_r20,0.2,30.6,0.9734999999999999
disco_r20,0.2,30.7,0.9734999999999999
disco_r20,0.2,30.8,0.9734999999999999
disco_r20,0.2,30.9,0.9744999999999999
disco_r20,0.2,31.0,0.9744999999999999
disco_r20,0.2,31.1,0.9744999999999999
disco_r20,0.2,31.2,0.9749999999999999
disco_r20,0.2,31.3,0.9754999999999999
disco_r20,0.2,31.4,0.976
disco_r20,0.2,31.5,0.9764999999999999
disco_r20,0.2,31.6,0.9764999999999999
disco_r20,0.2,31.7,0.9764999999999999
disco_r20,0.2,31.8,0.9764999999999999
disco_r20,0.2,31.9,0.9764999999999999
disco_r20,0.2,32.0,0.9774999999999998
disco_r20,0.2,32.1,0.9774999999999998
disco_r20,0.2,32.2,0.9779999999999998
disco_r20,0.2,32.3,0.9779999999999998
disco_r20,0.2,32.4,0.9784999999999998
disco_r20,0.2,32.5,0.9784999999999998
disco_r20,0.2,32.6,0.9784999999999998
disco_r20,0.2,32.7,0.9789999999999998
disco_r20,0.2,32.8,0.9789999999999998
disco_r20,0.2,32.9,0.9789999999999998
disco_r20,0.2,33.0,0.9789999999999998
disco_r20,0.2,33.1,0.9789999999999998
disco_r20,0.2,33.2,0.9789999999999998
disco_r20,0.2,33.3,0.9789999999999998
disco_r20,0.2,33.4,0.9789999999999998
disco_r20,0.2,33.5,0.9789999999999998
disco_r20,0.2,33.6,0.9794999999999998
disco_r20,0.2,33.7,0.9794999999999998
disco_r20,0.2,33.8,0.9804999999999999
disco_r20,0.2,33.9,0.9804999999999999
disco_r20,0.2,34.0,0.9814999999999999
disco_r20,0.2,34.1,0.9819999999999999
disco_r20,0.2,34.2,0.9824999999999999
disco_r20,0.2,34.3,0.9824999999999999
disco_r20,0.2,34.4,0.9824999999999999
disco_r20,0.2,34.5,0.9824999999999999
disco_r20,0.2,34.6,0.9824999999999999
disco_r20,0.2,34.7,0.9824999999999999
disco_r20,0.2,34.8,0.9824999999999999
disco_r20,0.2,34.9,0.9824999999999999
disco_r20,0.2,35.0,0.983
disco_r20,0.2,35.1,0.983
disco_r20,0.2,35.2,0.9839999999999998
disco_r20,0.2,35.3,0.9839999999999998
disco_r20,0.2,35.4,0.9839999999999998
disco_r20,0.2,35.5,0.9839999999999998
disco_r20,0.2,35.6,0.9839999999999998
disco_r20,0.2,35.7,0.9839999999999998
disco_r20,0.2,35.8,0.9839999999999998
disco_r20,0.2,35.9,0.9844999999999999
disco_r20,0.2,36.0,0.9844999999999999
disco_r20,0.2,36.1,0.9849999999999998
disco_r20,0.2,36.2,0.9849999999999998
disco_r20,0.2,36.3,0.9849999999999998
disco_r20,0.2,36.4,0.9849999999999998
disco_r20,0.2,36.5,0.9849999999999998
disco_r20,0.2,36.6,0.9849999999999998
disco_r20,0.2,36.7,0.9854999999999998
disco_r20,0.2,36.8,0.9854999999999998
disco_r20,0.2,36.9,0.986
disco_r20,0.2,37.0,0.9865
disco_r20,0.2,37.1,0.9865
disco_r20,0.2,37.2,0.9865
disco_r20,0.2,37.3,0.9865
disco_r20,0.2,37.4,0.9865
disco_r20,0.2,37.5,0.9865
disco_r20,0.2,37.6,0.9865
disco_r20,0.2,37.7,0.9865
disco_r20,0.2,37.8,0.9875
disco_r20,0.2,37.9,0.9879999999999999
disco_r20,0.2,38.0,0.9879999999999999
disco_r20,0.2,38.1,0.9879999999999999
disco_r20,0.2,38.2,0.9879999999999999
disco_r20,0.2,38.3,0.9879999999999999
disco_r20,0.2,38.4,0.9879999999999999
disco_r20,0.2,38.5,0.9879999999999999
disco_r20,0.2,38.6,0.9884999999999999
disco_r20,0.2,38.7,0.9884999999999999
disco_r20,0.2,38.8,0.9889999999999999
disco_r20,0.2,38.9,0.9889999999999999
disco_r20,0.2,39.0,0.9889999999999999
disco_r20,0.2,39.1,0.9894999999999999
disco_r20,0.2,39.2,0.9894999999999999
disco_r20,0.2,39.3,0.9899999999999999
disco_r20,0.2,39.4,0.9899999999999999
disco_r20,0.2,39.5,0.9899999999999999
disco_r20,0.2,39.6,0.9904999999999999
disco_r20,0.2,39.7,0.9904999999999999
disco_r20,0.2,39.8,0.9904999999999999
disco_r20,0.2,39.9,0.9904999999999999
disco_r20,0.2,40.0,0.9904999999999999
disco_r20,0.2,40.1,0.9904999999999999
disco_r20,0.2,40.2,0.9904999999999999
disco_r20,0.2,40.3,0.9904999999999999
disco_r20,0.2,40.4,0.9904999999999999
disco_r20,0.2,40.5,0.9904999999999999
disco_r20,0.2,40.6,0.9904999999999999
disco_r20,0.2,40.7,0.9909999999999999
disco_r20,0.2,40.8,0.9914999999999999
disco_r20,0.2,40.9,0.9914999999999999
disco_r20,0.2,41.0,0.9914999999999999
disco_r20,0.2,41.1,0.9919999999999998
disco_r20,0.2,41.2,0.9919999999999998
disco_r20,0.2,41.3,0.9919999999999998
disco_r20,0.2,41.4,0.9919999999999998
disco_r20,0.2,41.5,0.9919999999999998
disco_r20,0.2,41.6,0.9919999999999998
disco_r20,0.2,41.7,0.9919999999999998
disco_r20,0.2,41.8,0.9919999999999998
disco_r20,0.2,41.9,0.9919999999999998
disco_r20,0.2,42.0,0.9919999999999998
disco_r20,0.2,42.1,0.9919999999999998
disco_r20,0.2,42.2,0.9919999999999998
disco_r20,0.2,42.3,0.9919999999999998
disco_r20,0.2,42.4,0.9919999999999998
disco_r20,0.2,42.5,0.9919999999999998
disco_r20,0.2,42.6,0.9919999999999998
disco_r20,0.2,42.7,0.9919999999999998
disco_r20,0.2,42.8,0.9924999999999999
disco_r20,0.2,42.9,0.9924999999999999
disco_r20,0.2,43.0,0.9924999999999999
disco_r20,0.2,43.1,0.9924999999999999
disco_r20,0.2,43.2,0.9924999999999999
disco_r20,0.2,43.3,0.9924999999999999
disco_r20,0.2,43.4,0.9924999999999999
disco_r20,0.2,43.5,0.9924999999999999
disco_r20,0.2,43.6,0.993
disco_r20,0.2,43.7,0.993
disco_r20,0.2,43.8,0.9935
disco_r20,0.2,43.9,0.9935
disco_r20,0.2,44.0,0.9935
disco_r20,0.2,44.1,0.9935
disco_r20,0.2,44.2,0.9935
disco_r20,0.2,44.3,0.9935
disco_r20,0.2,44.4,0.9935
disco_r20,0.2,44.5,0.9935
disco_r20,0.2,44.6,0.9935
disco_r20,0.2,44.7,0.9935
disco_r20,0.2,44.8,0.9935
disco_r20,0.2,44.9,0.9935
disco_r20,0.2,45.0,0.9945
disco_r20,0.2,45.1,0.9945
disco_r20,0.2,45.2,0.9945
disco_r20,0.2,45.3,0.9945
disco_r20,0.2,45.4,0.9945
disco_r20,0.2,45.5,0.9945
disco_r20,0.2,45.6,0.9945
disco_r20,0.2,45.7,0.9945
disco_r20,0.2,45.8,0.9945
disco_r20,0.2,45.9,0.9945
disco_r20,0.2,46.0,0.9945
disco_r20,0.2,46.1,0.9945
disco_r20,0.2,46.2,0.9945
disco_r20,0.2,46.3,0.9945
disco_r20,0.2,46.4,0.9945
disco_r20,0.2,46.5,0.9945
disco_r20,0.2,46.6,0.9945
disco_r20,0.2,46.7,0.9945
disco_r20,0.2,46.8,0.9945
disco_r20,0.2,46.9,0.9945
disco_r20,0.2,47.0,0.9945
disco_r20,0.2,47.1,0.9945
disco_r20,0.2,47.2,0.9950000000000001
disco_r20,0.2,47.3,0.9950000000000001
disco_r20,0.2,47.4,0.9950000000000001
disco_r20,0.2,47.5,0.9950000000000001
disco_r20,0.2,47.6,0.9950000000000001
disco_r20,0.2,47.7,0.9950000000000001
disco_r20,0.2,47.8,0.9950000000000001
disco_r20,0.2,47.9,0.9950000000000001
disco_r20,0.2,48.0,0.9950000000000001
disco_r20,0.2,48.1,0.9955
disco_r20,0.2,48.2,0.9960000000000001
disco_r20,0.2,48.3,0.9960000000000001
disco_r20,0.2,48.4,0.9960000000000001
disco_r20,0.2,48.5,0.9960000000000001
disco_r20,0.2,48.6,0.9960000000000001
disco_r20,0.2,48.7,0.9964999999999999
disco_r20,0.2,48.8,0.9964999999999999
disco_r20,0.2,48.9,0.9964999999999999
disco_r20,0.2,49.0,0.9964999999999999
disco_r20,0.2,49.1,0.9964999999999999
disco_r20,0.2,49.2,0.9964999999999999
disco_r20,0.2,49.3,0.9964999999999999
disco_r20,0.2,49.4,0.9964999999999999
disco_r20,0.2,49.5,0.9964999999999999
disco_r20,0.2,49.6,0.9964999999999999
disco_r20,0.2,49.7,0.9964999999999999
disco_r20,0.2,49.8,0.9964999999999999
disco_r20,0.2,49.9,0.9964999999999999
disco_r20,0.2,50.0,0.9964999999999999
disco_r20,0.2,50.1,0.9964999999999999
disco_r20,0.2,50.2,0.9964999999999999
disco_r20,0.2,50.3,0.9964999999999999
disco_r20,0.2,50.4,0.9970000000000001
disco_r20,0.2,50.5,0.9975000000000002
disco_r20,0.2,50.6,0.9975000000000002
disco_r20,0.2,50.7,0.998
disco_r20,0.2,50.8,0.998
disco_r20,0.2,50.9,0.998
disco_r20,0.2,51.0,0.998
disco_r20,0.2,51.1,0.998
disco_r20,0.2,51.2,0.998
disco_r20,0.2,51.3,0.998
disco_r20,0.2,51.4,0.998
disco_r20,0.2,51.5,0.998
disco_r20,0.2,51.6,0.998
disco_r20,0.2,51.7,0.998
disco_r20,0.2,51.8,0.998
disco_r20,0.2,51.9,0.998
disco_r20,0.2,52.0,0.998
disco_r20,0.2,52.1,0.998
disco_r20,0.2,52.2,0.998
disco_r20,0.2,52.3,0.998
disco_r20,0.2,52.4,0.998
disco_r20,0.2,52.5,0.998
disco_r20,0.2,52.6,0.998
disco_r20,0.2,52.7,0.998
disco_r20,0.2,52.8,0.998
disco_r20,0.2,52.9,0.998
disco_r20,0.2,53.0,0.998
disco_r20,0.2,53.1,0.998
disco_r20,0.2,53.2,0.998
disco_r20,0.2,53.3,0.998
disco_r20,0.2,53.4,0.998
disco_r20,0.2,53.5,0.998
disco_r20,0.2,53.6,0.998
disco_r20,0.2,53.7,0.998
disco_r20,0.2,53.8,0.998
disco_r20,0.2,53.9,0.998
disco_r20,0.2,54.0,0.998
disco_r20,0.2,54.1,0.998
disco_r20,0.2,54.2,0.998
disco_r20,0.2,54.3,0.998
disco_r20,0.2,54.4,0.998
disco_r20,0.2,54.5,0.998
disco_r20,0.2,54.6,0.998
disco_r20,0.2,54.7,0.998
disco_r20,0.2,54.8,0.998
disco_r20,0.2,54.9,0.9984999999999999
disco_r20,0.2,55.0,0.9984999999999999
disco_r20,0.2,55.1,0.9984999999999999
disco_r20,0.2,55.2,0.9984999999999999
disco_r20,0.2,55.3,0.9984999999999999
disco_r20,0.2,55.4,0.9984999999999999
disco_r20,0.2,55.5,0.9984999999999999
disco_r20,0.2,55.6,0.9984999999999999
disco_r20,0.2,55.7,0.9984999999999999
disco_r20,0.2,55.8,0.9984999999999999
disco_r20,0.2,55.9,0.9984999999999999
disco_r20,0.2,56.0,0.9984999999999999
disco_r20,0.2,56.1,0.999
disco_r20,0.2,56.2,0.999
disco_r20,0.2,56.3,0.999
disco_r20,0.2,56.4,0.999
disco_r20,0.2,56.5,0.999
disco_r20,0.2,56.6,0.999
disco_r20,0.2,56.7,0.999
disco_r20,0.2,56.8,0.999
disco_r20,0.2,56.9,0.9995
disco_r20,0.2,57.0,0.9995
disco_r20,0.2,57.1,0.9995
disco_r20,0.2,57.2,0.9995
disco_r20,0.2,57.3,0.9995
disco_r20,0.2,57.4,0.9995
disco_r20,0.2,57.5,1.0
disco_r20,0.2,57.6,1.0
disco_r20,0.2,57.7,1.0
disco_r20,0.2,57.8,1.0
disco_r20,0.2,57.9,1.0
disco_r20,0.2,58.0,1.0
disco_r20,0.2,58.1,1.0
disco_r20,0.2,58.2,1.0
disco_r20,0.2,58.3,1.0
disco_r20,0.2,58.4,1.0
disco_r20,0.2,58.5,1.0
disco_r20,0.2,58.6,1.0
disco_r20,0.2,58.7,1.0
disco_r20,0.2,58.8,1.0
disco_r20,0.2,58.9,1.0
disco_r20,0.2,59.0,1.0
disco_r20,0.2,59.1,1.0
disco_r20,0.2,59.2,1.0
disco_r20,0.2,59.3,1.0
disco_r20,0.2,59.4,1.0
disco_r20,0.2,59.5,1.0
disco_r20,0.2,59.6,1.0
disco_r20,0.2,59.7,1.0
disco_r20,0.2,59.8,1.0
disco_r20,0.2,59.9,1.0
disco_r20,0.2,60.0,1.0
disco_r23,0.23,0.0,0.0
disco_r23,0.23,0.1,0.018000000000000006
disco_r23,0.23,0.2,0.03700000000000001
disco_r23,0.23,0.3,0.05400000000000001
disco_r23,0.23,0.4,0.06600000000000002
disco_r23,0.23,0.5,0.08450000000000003
disco_r23,0.23,0.6,0.099
disco_r23,0.23,0.7,0.10850000000000001
disco_r23,0.23,0.8,0.12200000000000004
disco_r23,0.23,0.9,0.13499999999999998
disco_r23,0.23,1.0,0.1485
disco_r23,0.23,1.1,0.15950000000000003
disco_r23,0.23,1.2,0.16949999999999998
disco_r23,0.23,1.3,0.1815
disco_r23,0.23,1.4,0.1885
disco_r23,0.23,1.5,0.19600000000000004
disco_r23,0.23,1.6,0.20600000000000002
disco_r23,0.23,1.7,0.21600000000000003
disco_r23,0.23,1.8,0.22650000000000006
disco_r23,0.23,1.9,0.23399999999999999
disco_r23,0.23,2.0,0.24450000000000002
disco_r23,0.23,2.1,0.25349999999999995
disco_r23,0.23,2.2,0.264
disco_r23,0.23,2.3,0.27
disco_r23,0.23,2.4,0.2765
disco_r23,0.23,2.5,0.2859999999999999
disco_r23,0.23,2.6,0.29699999999999993
disco_r23,0.23,2.7,0.30550000000000005
disco_r23,0.23,2.8,0.31449999999999995
disco_r23,0.23,2.9,0.3215
disco_r23,0.23,3.0,0.33
disco_r23,0.23,3.1,0.338
disco_r23,0.23,3.2,0.346
disco_r23,0.23,3.3,0.3505
disco_r23,0.23,3.4,0.35950000000000004
disco_r23,0.23,3.5,0.3665
disco_r23,0.23,3.6,0.372
disco_r23,0.23,3.7,0.38099999999999995
disco_r23,0.23,3.8,0.388
disco_r23,0.23,3.9,0.3955
disco_r23,0.23,4.0,0.4015000000000001
disco_r23,0.23,4.1,0.4090000000000001
disco_r23,0.23,4.2,0.4165
disco_r23,0.23,4.3,0.422
disco_r23,0.23,4.4,0.42899999999999994
disco_r23,0.23,4.5,0.4335000000000001
disco_r23,0.23,4.6,0.438
disco_r23,0.23,4.7,0.4435000000000001
disco_r23,0.23,4.8,0.453
disco_r23,0.23,4.9,0.4600000000000001
disco_r23,0.23,5.0,0.466
disco_r23,0.23,5.1,0.4739999999999999
disco_r23,0.23,5.2,0.4819999999999999
disco_r23,0.23,5.3,0.487
disco_r23,0.23,5.4,0.4915
disco_r23,0.23,5.5,0.4960000000000001
disco_r23,0.23,5.6,0.5039999999999999
disco_r23,0.23,5.7,0.509
disco_r23,0.23,5.8,0.514
disco_r23,0.23,5.9,0.5205
disco_r23,0.23,6.0,0.5275000000000001
disco_r23,0.23,6.1,0.5330000000000001
disco_r23,0.23,6.2,0.5385000000000002
disco_r23,0.23,6.3,0.5425000000000002
disco_r23,0.23,6.4,0.5485000000000002
disco_r23,0.23,6.5,0.5535000000000001
disco_r23,0.23,6.6,0.5605
disco_r23,0.23,6.7,0.564
disco_r23,0.23,6.8,0.568
disco_r23,0.23,6.9,0.5729999999999998
disco_r23,0.23,7.0,0.5794999999999999
disco_r23,0.23,7.1,0.5844999999999999
disco_r23,0.23,7.2,0.5904999999999999
disco_r23,0.23,7.3,0.6004999999999999
disco_r23,0.23,7.4,0.6060000000000001
disco_r23,0.23,7.5,0.611
disco_r23,0.23,7.6,0.616
disco_r23,0.23,7.7,0.621
disco_r23,0.23,7.8,0.624
disco_r23,0.23,7.9,0.628
disco_r23,0.23,8.0,0.631
disco_r23,0.23,8.1,0.6365
disco_r23,0.23,8.2,0.6405
disco_r23,0.23,8.3,0.6445
disco_r23,0.23,8.4,0.6485
disco_r23,0.23,8.5,0.6535
disco_r23,0.23,8.6,0.6569999999999999
disco_r23,0.23,8.7,0.6635
disco_r23,0.23,8.8,0.6665
disco_r23,0.23,8.9,0.6689999999999999
disco_r23,0.23,9.0,0.6715000000000001
disco_r23,0.23,9.1,0.6759999999999999
disco_r23,0.23,9.2,0.681
disco_r23,0.23,9.3,0.6850000000000002
disco_r23,0.23,9.4,0.687
disco_r23,0.23,9.5,0.692
disco_r23,0.23,9.6,0.6955000000000001
disco_r23,0.23,9.7,0.7020000000000002
disco_r23,0.23,9.8,0.708
disco_r23,0.23,9.9,0.713
disco_r23,0.23,10.0,0.7175
disco_r23,0.23,10.1,0.72
disco_r23,0.23,10.2,0.7230000000000001
disco_r23,0.23,10.3,0.7264999999999999
disco_r23,0.23,10.4,0.73
disco_r23,0.23,10.5,0.7314999999999999
disco_r23,0.23,10.6,0.734
disco_r23,0.23,10.7,0.737
disco_r23,0.23,10.8,0.7379999999999999
disco_r23,0.23,10.9,0.741
disco_r23,0.23,11.0,0.743
disco_r23,0.23,11.1,0.7454999999999999
disco_r23,0.23,11.2,0.7464999999999999
disco_r23,0.23,11.3,0.751
disco_r23,0.23,11.4,0.7535
disco_r23,0.23,11.5,0.7575000000000001
disco_r23,0.23,11.6,0.761
disco_r23,0.23,11.7,0.764
disco_r23,0.23,11.8,0.7675000000000002
disco_r23,0.23,11.9,0.769
disco_r23,0.23,12.0,0.7710000000000001
disco_r23,0.23,12.1,0.7745000000000001
disco_r23,0.23,12.2,0.7765000000000001
disco_r23,0.23,12.3,0.7795000000000002
disco_r23,0.23,12.4,0.7820000000000001
disco_r23,0.23,12.5,0.7835000000000002
disco_r23,0.23,12.6,0.7855000000000002
disco_r23,0.23,12.7,0.7870000000000001
disco_r23,0.23,12.8,0.7880000000000001
disco_r23,0.23,12.9,0.789
disco_r23,0.23,13.0,0.7915
disco_r23,0.23,13.1,0.7925
disco_r23,0.23,13.2,0.794
disco_r23,0.23,13.3,0.797
disco_r23,0.23,13.4,0.7979999999999999
disco_r23,0.23,13.5,0.8
disco_r23,0.23,13.6,0.8029999999999999
disco_r23,0.23,13.7,0.8049999999999999
disco_r23,0.23,13.8,0.8095000000000001
disco_r23,0.23,13.9,0.8119999999999999
disco_r23,0.23,14.0,0.8159999999999998
disco_r23,0.23,14.1,0.818
disco_r23,0.23,14.2,0.8195
disco_r23,0.23,14.3,0.8225
disco_r23,0.23,14.4,0.825
disco_r23,0.23,14.5,0.826
disco_r23,0.23,14.6,0.8265
disco_r23,0.23,14.7,0.829
disco_r23,0.23,14.8,0.8295
disco_r23,0.23,14.9,0.8335000000000001
disco_r23,0.23,15.0,0.8365000000000002
disco_r23,0.23,15.1,0.8370000000000001
disco_r23,0.23,15.2,0.8395000000000001
disco_r23,0.23,15.3,0.8410000000000002
disco_r23,0.23,15.4,0.843
disco_r23,0.23,15.5,0.8455
disco_r23,0.23,15.6,0.8470000000000001
disco_r23,0.23,15.7,0.8475000000000001
disco_r23,0.23,15.8,0.8485000000000001
disco_r23,0.23,15.9,0.85
disco_r23,0.23,16.0,0.8515
disco_r23,0.23,16.1,0.8535
disco_r23,0.23,16.2,0.8549999999999999
disco_r23,0.23,16.3,0.858
disco_r23,0.23,16.4,0.8620000000000001
disco_r23,0.23,16.5,0.8640000000000001
disco_r23,0.23,16.6,0.8665000000000003
disco_r23,0.23,16.7,0.8675000000000003
disco_r23,0.23,16.8,0.8675000000000003
disco_r23,0.23,16.9,0.8690000000000003
disco_r23,0.23,17.0,0.8710000000000002
disco_r23,0.23,17.1,0.8730000000000002
disco_r23,0.23,17.2,0.8750000000000002
disco_r23,0.23,17.3,0.8765000000000003
disco_r23,0.23,17.4,0.8785000000000002
disco_r23,0.23,17.5,0.8795000000000002
disco_r23,0.23,17.6,0.881
disco_r23,0.23,17.7,0.883
disco_r23,0.23,17.8,0.8845000000000001
disco_r23,0.23,17.9,0.8855000000000001
disco_r23,0.23,18.0,0.8875
disco_r23,0.23,18.1,0.8880000000000001
disco_r23,0.23,18.2,0.8895000000000002
disco_r23,0.23,18.3,0.891
disco_r23,0.23,18.4,0.892
disco_r23,0.23,18.5,0.8934999999999998
disco_r23,0.23,18.6,0.8944999999999999
disco_r23,0.23,18.7,0.8959999999999999
disco_r23,0.23,18.8,0.8974999999999997
disco_r23,0.23,18.9,0.8985
disco_r23,0.23,19.0,0.8995
disco_r23,0.23,19.1,0.8995
disco_r23,0.23,19.2,0.9004999999999999
disco_r23,0.23,19.3,0.9019999999999999
disco_r23,0.23,19.4,0.9045
disco_r23,0.23,19.5,0.906
disco_r23,0.23,19.6,0.906
disco_r23,0.23,19.7,0.907
disco_r23,0.23,19.8,0.9075000000000001
disco_r23,0.23,19.9,0.9090000000000001
disco_r23,0.23,20.0,0.9095000000000001
disco_r23,0.23,20.1,0.9095000000000001
disco_r23,0.23,20.2,0.9105000000000002
disco_r23,0.23,20.3,0.9115
disco_r23,0.23,20.4,0.9115
disco_r23,0.23,20.5,0.9129999999999999
disco_r23,0.23,20.6,0.9145
disco_r23,0.23,20.7,0.9155
disco_r23,0.23,20.8,0.9155
disco_r23,0.23,20.9,0.9164999999999999
disco_r23,0.23,21.0,0.9175000000000001
disco_r23,0.23,21.1,0.9179999999999999
disco_r23,0.23,21.2,0.9200000000000002
disco_r23,0.23,21.3,0.9205
disco_r23,0.23,21.4,0.9215
disco_r23,0.23,21.5,0.925
disco_r23,0.23,21.6,0.9259999999999999
disco_r23,0.23,21.7,0.9269999999999999
disco_r23,0.23,21.8,0.9269999999999999
disco_r23,0.23,21.9,0.9274999999999999
disco_r23,0.23,22.0,0.9279999999999999
disco_r23,0.23,22.1,0.9289999999999999
disco_r23,0.23,22.2,0.9299999999999999
disco_r23,0.23,22.3,0.9304999999999998
disco_r23,0.23,22.4,0.9309999999999998
disco_r23,0.23,22.5,0.9319999999999998
disco_r23,0.23,22.6,0.9329999999999998
disco_r23,0.23,22.7,0.9339999999999998
disco_r23,0.23,22.8,0.9344999999999999
disco_r23,0.23,22.9,0.9349999999999998
disco_r23,0.23,23.0,0.9359999999999997
disco_r23,0.23,23.1,0.9364999999999999
disco_r23,0.23,23.2,0.9364999999999999
disco_r23,0.23,23.3,0.9369999999999997
disco_r23,0.23,23.4,0.9374999999999998
disco_r23,0.23,23.5,0.9394999999999998
disco_r23,0.23,23.6,0.9409999999999996
disco_r23,0.23,23.7,0.9414999999999998
disco_r23,0.23,23.8,0.9429999999999996
disco_r23,0.23,23.9,0.9434999999999997
disco_r23,0.23,24.0,0.9434999999999997
disco_r23,0.23,24.1,0.9444999999999999
disco_r23,0.23,24.2,0.945
disco_r23,0.23,24.3,0.9459999999999997
disco_r23,0.23,24.4,0.9459999999999997
disco_r23,0.23,24.5,0.9459999999999997
disco_r23,0.23,24.6,0.9464999999999997
disco_r23,0.23,24.7,0.9479999999999998
disco_r23,0.23,24.8,0.9484999999999998
disco_r23,0.23,24.9,0.9489999999999998
disco_r23,0.23,25.0,0.9494999999999999
disco_r23,0.23,25.1,0.9499999999999998
disco_r23,0.23,25.2,0.9509999999999998
disco_r23,0.23,25.3,0.9514999999999999
disco_r23,0.23,25.4,0.9514999999999999
disco_r23,0.23,25.5,0.9514999999999999
disco_r23,0.23,25.6,0.9519999999999997
disco_r23,0.23,25.7,0.954
disco_r23,0.23,25.8,0.9549999999999998
disco_r23,0.23,25.9,0.9555
disco_r23,0.23,26.0,0.9559999999999998
disco_r23,0.23,26.1,0.9569999999999999
disco_r23,0.23,26.2,0.9569999999999999
disco_r23,0.23,26.3,0.9569999999999999
disco_r23,0.23,26.4,0.9574999999999999
disco_r23,0.23,26.5,0.9574999999999999
disco_r23,0.23,26.6,0.9574999999999999
disco_r23,0.23,26.7,0.9584999999999999
disco_r23,0.23,26.8,0.9584999999999999
disco_r23,0.23,26.9,0.9584999999999999
disco_r23,0.23,27.0,0.9594999999999999
disco_r23,0.23,27.1,0.9604999999999999
disco_r23,0.23,27.2,0.9614999999999998
disco_r23,0.23,27.3,0.9614999999999998
disco_r23,0.23,27.4,0.962
disco_r23,0.23,27.5,0.9624999999999998
disco_r23,0.23,27.6,0.9624999999999998
disco_r23,0.23,27.7,0.9629999999999999
disco_r23,0.23,27.8,0.9629999999999999
disco_r23,0.23,27.9,0.9629999999999999
disco_r23,0.23,28.0,0.9635
disco_r23,0.23,28.1,0.9640000000000001
disco_r23,0.23,28.2,0.9644999999999999
disco_r23,0.23,28.3,0.9644999999999999
disco_r23,0.23,28.4,0.9644999999999999
disco_r23,0.23,28.5,0.9650000000000001
disco_r23,0.23,28.6,0.9650000000000001
disco_r23,0.23,28.7,0.9655000000000001
disco_r23,0.23,28.8,0.9665000000000001
disco_r23,0.23,28.9,0.9665000000000001
disco_r23,0.23,29.0,0.9665000000000001
disco_r23,0.23,29.1,0.967
disco_r23,0.23,29.2,0.967
disco_r23,0.23,29.3,0.9685
disco_r23,0.23,29.4,0.9685
disco_r23,0.23,29.5,0.9685
disco_r23,0.23,29.6,0.9685
disco_r23,0.23,29.7,0.9695
disco_r23,0.23,29.8,0.9695
disco_r23,0.23,29.9,0.9695
disco_r23,0.23,30.0,0.97
disco_r23,0.23,30.1,0.9705
disco_r23,0.23,30.2,0.9715
disco_r23,0.23,30.3,0.9720000000000001
disco_r23,0.23,30.4,0.9725000000000001
disco_r23,0.23,30.5,0.9725000000000001
disco_r23,0.23,30.6,0.9730000000000001
disco_r23,0.23,30.7,0.9730000000000001
disco_r23,0.23,30.8,0.9745000000000001
disco_r23,0.23,30.9,0.9745000000000001
disco_r23,0.23,31.0,0.9745000000000001
disco_r23,0.23,31.1,0.9745000000000001
disco_r23,0.23,31.2,0.9745000000000001
disco_r23,0.23,31.3,0.975
disco_r23,0.23,31.4,0.9754999999999999
disco_r23,0.23,31.5,0.9754999999999999
disco_r23,0.23,31.6,0.9759999999999998
disco_r23,0.23,31.7,0.9764999999999999
disco_r23,0.23,31.8,0.9764999999999999
disco_r23,0.23,31.9,0.9769999999999998
disco_r23,0.23,32.0,0.9774999999999998
disco_r23,0.23,32.1,0.978
disco_r23,0.23,32.2,0.978
disco_r23,0.23,32.3,0.9784999999999998
disco_r23,0.23,32.4,0.9784999999999998
disco_r23,0.23,32.5,0.9795
disco_r23,0.23,32.6,0.9795
disco_r23,0.23,32.7,0.9795
disco_r23,0.23,32.8,0.9795
disco_r23,0.23,32.9,0.9804999999999999
disco_r23,0.23,33.0,0.9804999999999999
disco_r23,0.23,33.1,0.9810000000000001
disco_r23,0.23,33.2,0.9810000000000001
disco_r23,0.23,33.3,0.9810000000000001
disco_r23,0.23,33.4,0.9814999999999999
disco_r23,0.23,33.5,0.9814999999999999
disco_r23,0.23,33.6,0.9814999999999999
disco_r23,0.23,33.7,0.9814999999999999
disco_r23,0.23,33.8,0.9814999999999999
disco_r23,0.23,33.9,0.9814999999999999
disco_r23,0.23,34.0,0.9824999999999999
disco_r23,0.23,34.1,0.9824999999999999
disco_r23,0.23,34.2,0.9824999999999999
disco_r23,0.23,34.3,0.9824999999999999
disco_r23,0.23,34.4,0.9824999999999999
disco_r23,0.23,34.5,0.9824999999999999
disco_r23,0.23,34.6,0.9824999999999999
disco_r23,0.23,34.7,0.9824999999999999
disco_r23,0.23,34.8,0.9824999999999999
disco_r23,0.23,34.9,0.9824999999999999
disco_r23,0.23,35.0,0.9824999999999999
disco_r23,0.23,35.1,0.9824999999999999
disco_r23,0.23,35.2,0.983
disco_r23,0.23,35.3,0.9834999999999999
disco_r23,0.23,35.4,0.9834999999999999
disco_r23,0.23,35.5,0.984
disco_r23,0.23,35.6,0.984
disco_r23,0.23,35.7,0.984
disco_r23,0.23,35.8,0.9844999999999999
disco_r23,0.23,35.9,0.9844999999999999
disco_r23,0.23,36.0,0.985
disco_r23,0.23,36.1,0.985
disco_r23,0.23,36.2,0.985
disco_r23,0.23,36.3,0.985
disco_r23,0.23,36.4,0.985
disco_r23,0.23,36.5,0.985
disco_r23,0.23,36.6,0.985
disco_r23,0.23,36.7,0.985
disco_r23,0.23,36.8,0.9855
disco_r23,0.23,36.9,0.9860000000000001
disco_r23,0.23,37.0,0.9865
disco_r23,0.23,37.1,0.9870000000000001
disco_r23,0.23,37.2,0.9875
disco_r23,0.23,37.3,0.9884999999999999
disco_r23,0.23,37.4,0.9895000000000002
disco_r23,0.23,37.5,0.9895000000000002
disco_r23,0.23,37.6,0.9895000000000002
disco_r23,0.23,37.7,0.9905000000000002
disco_r23,0.23,37.8,0.9905000000000002
disco_r23,0.23,37.9,0.991
disco_r23,0.23,38.0,0.9915
disco_r23,0.23,38.1,0.9915
disco_r23,0.23,38.2,0.9915
disco_r23,0.23,38.3,0.9915
disco_r23,0.23,38.4,0.992
disco_r23,0.23,38.5,0.992
disco_r23,0.23,38.6,0.992
disco_r23,0.23,38.7,0.992
disco_r23,0.23,38.8,0.992
disco_r23,0.23,38.9,0.992
disco_r23,0.23,39.0,0.992
disco_r23,0.23,39.1,0.992
disco_r23,0.23,39.2,0.992
disco_r23,0.23,39.3,0.992
disco_r23,0.23,39.4,0.992
disco_r23,0.23,39.5,0.992
disco_r23,0.23,39.6,0.992
disco_r23,0.23,39.7,0.9925
disco_r23,0.23,39.8,0.9925
disco_r23,0.23,39.9,0.9925
disco_r23,0.23,40.0,0.993
disco_r23,0.23,40.1,0.993
disco_r23,0.23,40.2,0.993
disco_r23,0.23,40.3,0.993
disco_r23,0.23,40.4,0.993
disco_r23,0.23,40.5,0.9935
disco_r23,0.23,40.6,0.9935
disco_r23,0.23,40.7,0.9935
disco_r23,0.23,40.8,0.9935
disco_r23,0.23,40.9,0.994
disco_r23,0.23,41.0,0.994
disco_r23,0.23,41.1,0.994
disco_r23,0.23,41.2,0.994
disco_r23,0.23,41.3,0.9945
disco_r23,0.23,41.4,0.9945
disco_r23,0.23,41.5,0.9945
disco_r23,0.23,41.6,0.9945
disco_r23,0.23,41.7,0.9945
disco_r23,0.23,41.8,0.9945
disco_r23,0.23,41.9,0.9945
disco_r23,0.23,42.0,0.9950000000000001
disco_r23,0.23,42.1,0.9950000000000001
disco_r23,0.23,42.2,0.9950000000000001
disco_r23,0.23,42.3,0.9950000000000001
disco_r23,0.23,42.4,0.9955
disco_r23,0.23,42.5,0.9960000000000001
disco_r23,0.23,42.6,0.9960000000000001
disco_r23,0.23,42.7,0.9960000000000001
disco_r23,0.23,42.8,0.9964999999999999
disco_r23,0.23,42.9,0.9970000000000001
disco_r23,0.23,43.0,0.9970000000000001
disco_r23,0.23,43.1,0.9970000000000001
disco_r23,0.23,43.2,0.9970000000000001
disco_r23,0.23,43.3,0.9970000000000001
disco_r23,0.23,43.4,0.9970000000000001
disco_r23,0.23,43.5,0.9970000000000001
disco_r23,0.23,43.6,0.9970000000000001
disco_r23,0.23,43.7,0.9974999999999999
disco_r23,0.23,43.8,0.9974999999999999
disco_r23,0.23,43.9,0.9974999999999999
disco_r23,0.23,44.0,0.9974999999999999
disco_r23,0.23,44.1,0.9974999999999999
disco_r23,0.23,44.2,0.9974999999999999
disco_r23,0.23,44.3,0.9974999999999999
disco_r23,0.23,44.4,0.9974999999999999
disco_r23,0.23,44.5,0.9974999999999999
disco_r23,0.23,44.6,0.9974999999999999
disco_r23,0.23,44.7,0.9974999999999999
disco_r23,0.23,44.8,0.9974999999999999
disco_r23,0.23,44.9,0.9974999999999999
disco_r23,0.23,45.0,0.9974999999999999
disco_r23,0.23,45.1,0.9974999999999999
disco_r23,0.23,45.2,0.9974999999999999
disco_r23,0.23,45.3,0.9974999999999999
disco_r23,0.23,45.4,0.9974999999999999
disco_r23,0.23,45.5,0.9974999999999999
disco_r23,0.23,45.6,0.9974999999999999
disco_r23,0.23,45.7,0.9974999999999999
disco_r23,0.23,45.8,0.9974999999999999
disco_r23,0.23,45.9,0.9974999999999999
disco_r23,0.23,46.0,0.998
disco_r23,0.23,46.1,0.998
disco_r23,0.23,46.2,0.998
disco_r23,0.23,46.3,0.9984999999999999
disco_r23,0.23,46.4,0.9984999999999999
disco_r23,0.23,46.5,0.9984999999999999
disco_r23,0.23,46.6,0.9984999999999999
disco_r23,0.23,46.7,0.9984999999999999
disco_r23,0.23,46.8,0.9984999999999999
disco_r23,0.23,46.9,0.9984999999999999
disco_r23,0.23,47.0,0.9984999999999999
disco_r23,0.23,47.1,0.9984999999999999
disco_r23,0.23,47.2,0.9984999999999999
disco_r23,0.23,47.3,0.9984999999999999
disco_r23,0.23,47.4,0.9984999999999999
disco_r23,0.23,47.5,0.9984999999999999
disco_r23,0.23,47.6,0.9984999999999999
disco_r23,0.23,47.7,0.9984999999999999
disco_r23,0.23,47.8,0.999
disco_r23,0.23,47.9,0.999
disco_r23,0.23,48.0,0.999
disco_r23,0.23,48.1,0.999
disco_r23,0.23,48.2,0.999
disco_r23,0.23,48.3,0.999
disco_r23,0.23,48.4,0.999
disco_r23,0.23,48.5,0.9994999999999999
disco_r23,0.23,48.6,0.9994999999999999
disco_r23,0.23,48.7,0.9994999999999999
disco_r23,0.23,48.8,0.9994999999999999
disco_r23,0.23,48.9,0.9994999999999999
disco_r23,0.23,49.0,0.9994999999999999
disco_r23,0.23,49.1,0.9994999999999999
disco_r23,0.23,49.2,0.9994999999999999
disco_r23,0.23,49.3,0.9994999999999999
disco_r23,0.23,49.4,0.9994999999999999
disco_r23,0.23,49.5,0.9994999999999999
disco_r23,0.23,49.6,0.9994999999999999
disco_r23,0.23,49.7,0.9994999999999999
disco_r23,0.23,49.8,0.9994999999999999
disco_r23,0.23,49.9,0.9994999999999999
disco_r23,0.23,50.0,0.9994999999999999
disco_r23,0.23,50.1,0.9994999999999999
disco_r23,0.23,50.2,0.9994999999999999
disco_r23,0.23,50.3,0.9994999999999999
disco_r23,0.23,50.4,0.9994999999999999
disco_r23,0.23,50.5,0.9994999999999999
disco_r23,0.23,50.6,0.9994999999999999
disco_r23,0.23,50.7,0.9994999999999999
disco_r23,0.23,50.8,0.9994999999999999
disco_r23,0.23,50.9,0.9994999999999999
disco_r23,0.23,51.0,0.9994999999999999
disco_r23,0.23,51.1,0.9994999999999999
disco_r23,0.23,51.2,0.9994999999999999
disco_r23,0.23,51.3,0.9994999999999999
disco_r23,0.23,51.4,0.9994999999999999
disco_r23,0.23,51.5,0.9994999999999999
disco_r23,0.23,51.6,0.9994999999999999
disco_r23,0.23,51.7,0.9994999999999999
disco_r23,0.23,51.8,0.9994999999999999
disco_r23,0.23,51.9,0.9994999999999999
disco_r23,0.23,52.0,0.9994999999999999
disco_r23,0.23,52.1,0.9994999999999999
disco_r23,0.23,52.2,0.9994999999999999
disco_r23,0.23,52.3,0.9994999999999999
disco_r23,0.23,52.4,0.9994999999999999
disco_r23,0.23,52.5,0.9994999999999999
disco_r23,0.23,52.6,0.9994999999999999
disco_r23,0.23,52.7,0.9994999999999999
disco_r23,0.23,52.8,0.9994999999999999
disco_r23,0.23,52.9,0.9994999999999999
disco_r23,0.23,53.0,0.9994999999999999
disco_r23,0.23,53.1,0.9994999999999999
disco_r23,0.23,53.2,0.9994999999999999
disco_r23,0.23,53.3,0.9994999999999999
disco_r23,0.23,53.4,0.9994999999999999
disco_r23,0.23,53.5,0.9994999999999999
disco_r23,0.23,53.6,0.9994999999999999
disco_r23,0.23,53.7,0.9994999999999999
disco_r23,0.23,53.8,0.9994999999999999
disco_r23,0.23,53.9,0.9994999999999999
disco_r23,0.23,54.0,0.9994999999999999
disco_r23,0.23,54.1,0.9994999999999999
disco_r23,0.23,54.2,0.9994999999999999
disco_r23,0.23,54.3,0.9994999999999999
disco_r23,0.23,54.4,0.9994999999999999
disco_r23,0.23,54.5,0.9994999999999999
disco_r23,0.23,54.6,0.9994999999999999
disco_r23,0.23,54.7,0.9994999999999999
disco_r23,0.23,54.8,0.9994999999999999
disco_r23,0.23,54.9,0.9994999999999999
disco_r23,0.23,55.0,0.9994999999999999
disco_r23,0.23,55.1,0.9994999999999999
disco_r23,0.23,55.2,0.9994999999999999
disco_r23,0.23,55.3,0.9994999999999999
disco_r23,0.23,55.4,0.9994999999999999
disco_r23,0.23,55.5,0.9994999999999999
disco_r23,0.23,55.6,0.9994999999999999
disco_r23,0.23,55.7,0.9994999999999999
disco_r23,0.23,55.8,0.9994999999999999
disco_r23,0.23,55.9,0.9994999999999999
disco_r23,0.23,56.0,0.9994999999999999
disco_r23,0.23,56.1,0.9994999999999999
disco_r23,0.23,56.2,0.9994999999999999
disco_r23,0.23,56.3,0.9994999999999999
disco_r23,0.23,56.4,0.9994999999999999
disco_r23,0.23,56.5,0.9994999999999999
disco_r23,0.23,56.6,0.9994999999999999
disco_r23,0.23,56.7,0.9994999999999999
disco_r23,0.23,56.8,0.9994999999999999
disco_r23,0.23,56.9,0.9994999999999999
disco_r23,0.23,57.0,0.9994999999999999
disco_r23,0.23,57.1,0.9994999999999999
disco_r23,0.23,57.2,0.9994999999999999
disco_r23,0.23,57.3,0.9994999999999999
disco_r23,0.23,57.4,0.9994999999999999
disco_r23,0.23,57.5,0.9994999999999999
disco_r23,0.23,57.6,0.9994999999999999
disco_r23,0.23,57.7,0.9994999999999999
disco_r23,0.23,57.8,0.9994999999999999
disco_r23,0.23,57.9,0.9994999999999999
disco_r23,0.23,58.0,0.9994999999999999
disco_r23,0.23,58.1,0.9994999999999999
disco_r23,0.23,58.2,0.9994999999999999
disco_r23,0.23,58.3,0.9994999999999999
disco_r23,0.23,58.4,0.9994999999999999
disco_r23,0.23,58.5,0.9994999999999999
disco_r23,0.23,58.6,0.9994999999999999
disco_r23,0.23,58.7,0.9994999999999999
disco_r23,0.23,58.8,0.9994999999999999
disco_r23,0.23,58.9,0.9994999999999999
disco_r23,0.23,59.0,0.9994999999999999
disco_r23,0.23,59.1,0.9994999999999999
disco_r23,0.23,59.2,0.9994999999999999
disco_r23,0.23,59.3,0.9994999999999999
disco_r23,0.23,59.4,0.9994999999999999
disco_r23,0.23,59.5,0.9994999999999999
disco_r23,0.23,59.6,0.9994999999999999
disco_r23,0.23,59.7,0.9994999999999999
disco_r23,0.23,59.8,0.9994999999999999
disco_r23,0.23,59.9,0.9994999999999999
disco_r23,0.23,60.0,0.9994999999999999
disco_r26,0.26,0.0,0.0
disco_r26,0.26,0.1,0.027499999999999997
disco_r26,0.26,0.2,0.04850000000000002
disco_r26,0.26,0.3,0.06400000000000003
disco_r26,0.26,0.4,0.07500000000000002
disco_r26,0.26,0.5,0.08500000000000003
disco_r26,0.26,0.6,0.09850000000000003
disco_r26,0.26,0.7,0.11300000000000003
disco_r26,0.26,0.8,0.12550000000000003
disco_r26,0.26,0.9,0.1325
disco_r26,0.26,1.0,0.14399999999999996
disco_r26,0.26,1.1,0.156
disco_r26,0.26,1.2,0.16699999999999998
disco_r26,0.26,1.3,0.17800000000000002
disco_r26,0.26,1.4,0.18750000000000003
disco_r26,0.26,1.5,0.2
disco_r26,0.26,1.6,0.21000000000000002
disco_r26,0.26,1.7,0.21850000000000006
disco_r26,0.26,1.8,0.2245
disco_r26,0.26,1.9,0.23400000000000004
disco_r26,0.26,2.0,0.24250000000000002
disco_r26,0.26,2.1,0.25450000000000006
disco_r26,0.26,2.2,0.26549999999999996
disco_r26,0.26,2.3,0.27749999999999997
disco_r26,0.26,2.4,0.286
disco_r26,0.26,2.5,0.296
disco_r26,0.26,2.6,0.304
disco_r26,0.26,2.7,0.3125
disco_r26,0.26,2.8,0.3224999999999999
disco_r26,0.26,2.9,0.33399999999999996
disco_r26,0.26,3.0,0.33999999999999997
disco_r26,0.26,3.1,0.3479999999999999
disco_r26,0.26,3.2,0.3605
disco_r26,0.26,3.3,0.368
disco_r26,0.26,3.4,0.376
disco_r26,0.26,3.5,0.38650000000000007
disco_r26,0.26,3.6,0.396
disco_r26,0.26,3.7,0.4049999999999999
disco_r26,0.26,3.8,0.41200000000000003
disco_r26,0.26,3.9,0.41800000000000004
disco_r26,0.26,4.0,0.425
disco_r26,0.26,4.1,0.429
disco_r26,0.26,4.2,0.43500000000000005
disco_r26,0.26,4.3,0.44600000000000006
disco_r26,0.26,4.4,0.4535
disco_r26,0.26,4.5,0.4585
disco_r26,0.26,4.6,0.4654999999999999
disco_r26,0.26,4.7,0.4715
disco_r26,0.26,4.8,0.4765
disco_r26,0.26,4.9,0.48349999999999993
disco_r26,0.26,5.0,0.491
disco_r26,0.26,5.1,0.4955
disco_r26,0.26,5.2,0.5
disco_r26,0.26,5.3,0.5050000000000001
disco_r26,0.26,5.4,0.5130000000000001
disco_r26,0.26,5.5,0.5165000000000002
disco_r26,0.26,5.6,0.524
disco_r26,0.26,5.7,0.5320000000000001
disco_r26,0.26,5.8,0.538
disco_r26,0.26,5.9,0.542
disco_r26,0.26,6.0,0.5485
disco_r26,0.26,6.1,0.5530000000000002
disco_r26,0.26,6.2,0.5605
disco_r26,0.26,6.3,0.5665
disco_r26,0.26,6.4,0.5685
disco_r26,0.26,6.5,0.5700000000000001
disco_r26,0.26,6.6,0.5735000000000001
disco_r26,0.26,6.7,0.5815
disco_r26,0.26,6.8,0.5854999999999999
disco_r26,0.26,6.9,0.5899999999999999
disco_r26,0.26,7.0,0.5954999999999999
disco_r26,0.26,7.1,0.603
disco_r26,0.26,7.2,0.6094999999999999
disco_r26,0.26,7.3,0.612
disco_r26,0.26,7.4,0.6185
disco_r26,0.26,7.5,0.623
disco_r26,0.26,7.6,0.6255
disco_r26,0.26,7.7,0.6305
disco_r26,0.26,7.8,0.6345000000000001
disco_r26,0.26,7.9,0.6375
disco_r26,0.26,8.0,0.643
disco_r26,0.26,8.1,0.646
disco_r26,0.26,8.2,0.6525000000000001
disco_r26,0.26,8.3,0.6580000000000001
disco_r26,0.26,8.4,0.662
disco_r26,0.26,8.5,0.663
disco_r26,0.26,8.6,0.6665
disco_r26,0.26,8.7,0.6700000000000002
disco_r26,0.26,8.8,0.6745
disco_r26,0.26,8.9,0.6779999999999999
disco_r26,0.26,9.0,0.6804999999999999
disco_r26,0.26,9.1,0.688
disco_r26,0.26,9.2,0.6915
disco_r26,0.26,9.3,0.6969999999999998
disco_r26,0.26,9.4,0.6984999999999999
disco_r26,0.26,9.5,0.7
disco_r26,0.26,9.6,0.7044999999999999
disco_r26,0.26,9.7,0.7089999999999999
disco_r26,0.26,9.8,0.7144999999999999
disco_r26,0.26,9.9,0.7190000000000001
disco_r26,0.26,10.0,0.7225
disco_r26,0.26,10.1,0.726
disco_r26,0.26,10.2,0.7264999999999999
disco_r26,0.26,10.3,0.7284999999999999
disco_r26,0.26,10.4,0.7304999999999999
disco_r26,0.26,10.5,0.7335
disco_r26,0.26,10.6,0.7380000000000001
disco_r26,0.26,10.7,0.741
disco_r26,0.26,10.8,0.7424999999999999
disco_r26,0.26,10.9,0.744
disco_r26,0.26,11.0,0.7464999999999999
disco_r26,0.26,11.1,0.7499999999999999
disco_r26,0.26,11.2,0.7525000000000001
disco_r26,0.26,11.3,0.7539999999999999
disco_r26,0.26,11.4,0.7585000000000001
disco_r26,0.26,11.5,0.7615000000000001
disco_r26,0.26,11.6,0.765
disco_r26,0.26,11.7,0.7680000000000001
disco_r26,0.26,11.8,0.7695000000000001
disco_r26,0.26,11.9,0.775
disco_r26,0.26,12.0,0.775
disco_r26,0.26,12.1,0.7769999999999999
disco_r26,0.26,12.2,0.78
disco_r26,0.26,12.3,0.7819999999999999
disco_r26,0.26,12.4,0.7859999999999999
disco_r26,0.26,12.5,0.789
disco_r26,0.26,12.6,0.7929999999999999
disco_r26,0.26,12.7,0.796
disco_r26,0.26,12.8,0.7969999999999999
disco_r26,0.26,12.9,0.7995
disco_r26,0.26,13.0,0.8029999999999999
disco_r26,0.26,13.1,0.807
disco_r26,0.26,13.2,0.8085000000000001
disco_r26,0.26,13.3,0.8100000000000002
disco_r26,0.26,13.4,0.8125
disco_r26,0.26,13.5,0.8135
disco_r26,0.26,13.6,0.8164999999999999
disco_r26,0.26,13.7,0.818
disco_r26,0.26,13.8,0.8205
disco_r26,0.26,13.9,0.8239999999999998
disco_r26,0.26,14.0,0.8275
disco_r26,0.26,14.1,0.8320000000000001
disco_r26,0.26,14.2,0.834
disco_r26,0.26,14.3,0.8370000000000001
disco_r26,0.26,14.4,0.8414999999999999
disco_r26,0.26,14.5,0.8455
disco_r26,0.26,14.6,0.849
disco_r26,0.26,14.7,0.849
disco_r26,0.26,14.8,0.8505
disco_r26,0.26,14.9,0.8515
disco_r26,0.26,15.0,0.8555000000000001
disco_r26,0.26,15.1,0.8565000000000002
disco_r26,0.26,15.2,0.8585
disco_r26,0.26,15.3,0.86
disco_r26,0.26,15.4,0.861
disco_r26,0.26,15.5,0.8619999999999999
disco_r26,0.26,15.6,0.867
disco_r26,0.26,15.7,0.868
disco_r26,0.26,15.8,0.8695
disco_r26,0.26,15.9,0.8715000000000002
disco_r26,0.26,16.0,0.873
disco_r26,0.26,16.1,0.8745
disco_r26,0.26,16.2,0.8760000000000001
disco_r26,0.26,16.3,0.8795000000000002
disco_r26,0.26,16.4,0.8815000000000002
disco_r26,0.26,16.5,0.8825000000000001
disco_r26,0.26,16.6,0.883
disco_r26,0.26,16.7,0.884
disco_r26,0.26,16.8,0.8855000000000001
disco_r26,0.26,16.9,0.8870000000000001
disco_r26,0.26,17.0,0.8885
disco_r26,0.26,17.1,0.889
disco_r26,0.26,17.2,0.889
disco_r26,0.26,17.3,0.892
disco_r26,0.26,17.4,0.8954999999999999
disco_r26,0.26,17.5,0.8969999999999999
disco_r26,0.26,17.6,0.8975
disco_r26,0.26,17.7,0.899
disco_r26,0.26,17.8,0.8995000000000001
disco_r26,0.26,17.9,0.9000000000000001
disco_r26,0.26,18.0,0.9005000000000001
disco_r26,0.26,18.1,0.9015000000000002
disco_r26,0.26,18.2,0.9020000000000001
disco_r26,0.26,18.3,0.9025000000000002
disco_r26,0.26,18.4,0.9040000000000002
disco_r26,0.26,18.5,0.9050000000000002
disco_r26,0.26,18.6,0.9050000000000002
disco_r26,0.26,18.7,0.9060000000000002
disco_r26,0.26,18.8,0.9065000000000003
disco_r26,0.26,18.9,0.9075000000000001
disco_r26,0.26,19.0,0.9099999999999999
disco_r26,0.26,19.1,0.9105000000000001
disco_r26,0.26,19.2,0.9120000000000001
disco_r26,0.26,19.3,0.913
disco_r26,0.26,19.4,0.9155
disco_r26,0.26,19.5,0.9175000000000001
disco_r26,0.26,19.6,0.9195
disco_r26,0.26,19.7,0.9195
disco_r26,0.26,19.8,0.9199999999999999
disco_r26,0.26,19.9,0.922
disco_r26,0.26,20.0,0.923
disco_r26,0.26,20.1,0.9245000000000001
disco_r26,0.26,20.2,0.9245000000000001
disco_r26,0.26,20.3,0.9245000000000001
disco_r26,0.26,20.4,0.9255000000000001
disco_r26,0.26,20.5,0.9270000000000003
disco_r26,0.26,20.6,0.9285000000000002
disco_r26,0.26,20.7,0.929
disco_r26,0.26,20.8,0.929
disco_r26,0.26,20.9,0.9295000000000002
disco_r26,0.26,21.0,0.9295000000000002
disco_r26,0.26,21.1,0.9295000000000002
disco_r26,0.26,21.2,0.9295000000000002
disco_r26,0.26,21.3,0.9315000000000001
disco_r26,0.26,21.4,0.9335000000000001
disco_r26,0.26,21.5,0.9355
disco_r26,0.26,21.6,0.9355
disco_r26,0.26,21.7,0.9375
disco_r26,0.26,21.8,0.9389999999999998
disco_r26,0.26,21.9,0.9395
disco_r26,0.26,22.0,0.9405000000000001
disco_r26,0.26,22.1,0.9410000000000001
disco_r26,0.26,22.2,0.9415000000000001
disco_r26,0.26,22.3,0.9415000000000001
disco_r26,0.26,22.4,0.9425000000000001
disco_r26,0.26,22.5,0.9430000000000002
disco_r26,0.26,22.6,0.9435
disco_r26,0.26,22.7,0.9440000000000002
disco_r26,0.26,22.8,0.9445
disco_r26,0.26,22.9,0.945
disco_r26,0.26,23.0,0.945
disco_r26,0.26,23.1,0.945
disco_r26,0.26,23.2,0.945
disco_r26,0.26,23.3,0.9455
disco_r26,0.26,23.4,0.9460000000000001
disco_r26,0.26,23.5,0.9470000000000001
disco_r26,0.26,23.6,0.9475
disco_r26,0.26,23.7,0.9479999999999998
disco_r26,0.26,23.8,0.9484999999999999
disco_r26,0.26,23.9,0.9489999999999998
disco_r26,0.26,24.0,0.9494999999999999
disco_r26,0.26,24.1,0.9499999999999998
disco_r26,0.26,24.2,0.9499999999999998
disco_r26,0.26,24.3,0.9499999999999998
disco_r26,0.26,24.4,0.9504999999999999
disco_r26,0.26,24.5,0.951
disco_r26,0.26,24.6,0.9515
disco_r26,0.26,24.7,0.9515
disco_r26,0.26,24.8,0.9525000000000002
disco_r26,0.26,24.9,0.9525000000000002
disco_r26,0.26,25.0,0.9525000000000002
disco_r26,0.26,25.1,0.9530000000000001
disco_r26,0.26,25.2,0.9545000000000001
disco_r26,0.26,25.3,0.9545000000000001
disco_r26,0.26,25.4,0.9555
disco_r26,0.26,25.5,0.9560000000000001
disco_r26,0.26,25.6,0.9570000000000001
disco_r26,0.26,25.7,0.9570000000000001
disco_r26,0.26,25.8,0.9570000000000001
disco_r26,0.26,25.9,0.9570000000000001
disco_r26,0.26,26.0,0.9574999999999999
disco_r26,0.26,26.1,0.958
disco_r26,0.26,26.2,0.958
disco_r26,0.26,26.3,0.9585000000000001
disco_r26,0.26,26.4,0.9585000000000001
disco_r26,0.26,26.5,0.9585000000000001
disco_r26,0.26,26.6,0.959
disco_r26,0.26,26.7,0.959
disco_r26,0.26,26.8,0.9595
disco_r26,0.26,26.9,0.9605
disco_r26,0.26,27.0,0.9605
disco_r26,0.26,27.1,0.9605
disco_r26,0.26,27.2,0.9615
disco_r26,0.26,27.3,0.962
disco_r26,0.26,27.4,0.9625
disco_r26,0.26,27.5,0.9629999999999999
disco_r26,0.26,27.6,0.9640000000000001
disco_r26,0.26,27.7,0.9649999999999999
disco_r26,0.26,27.8,0.9654999999999999
disco_r26,0.26,27.9,0.9654999999999999
disco_r26,0.26,28.0,0.9654999999999999
disco_r26,0.26,28.1,0.9654999999999999
disco_r26,0.26,28.2,0.9654999999999999
disco_r26,0.26,28.3,0.966
disco_r26,0.26,28.4,0.966
disco_r26,0.26,28.5,0.966
disco_r26,0.26,28.6,0.968
disco_r26,0.26,28.7,0.969
disco_r26,0.26,28.8,0.9695
disco_r26,0.26,28.9,0.9695
disco_r26,0.26,29.0,0.9695
disco_r26,0.26,29.1,0.9695
disco_r26,0.26,29.2,0.9695
disco_r26,0.26,29.3,0.9710000000000001
disco_r26,0.26,29.4,0.9719999999999999
disco_r26,0.26,29.5,0.9724999999999999
disco_r26,0.26,29.6,0.9729999999999999
disco_r26,0.26,29.7,0.9729999999999999
disco_r26,0.26,29.8,0.9729999999999999
disco_r26,0.26,29.9,0.9729999999999999
disco_r26,0.26,30.0,0.9729999999999999
disco_r26,0.26,30.1,0.9729999999999999
disco_r26,0.26,30.2,0.9729999999999999
disco_r26,0.26,30.3,0.9729999999999999
disco_r26,0.26,30.4,0.9739999999999999
disco_r26,0.26,30.5,0.9739999999999999
disco_r26,0.26,30.6,0.9744999999999999
disco_r26,0.26,30.7,0.9744999999999999
disco_r26,0.26,30.8,0.975
disco_r26,0.26,30.9,0.9754999999999999
disco_r26,0.26,31.0,0.976
disco_r26,0.26,31.1,0.976
disco_r26,0.26,31.2,0.977
disco_r26,0.26,31.3,0.977
disco_r26,0.26,31.4,0.977
disco_r26,0.26,31.5,0.977
disco_r26,0.26,31.6,0.9775
disco_r26,0.26,31.7,0.9775
disco_r26,0.26,31.8,0.9775
disco_r26,0.26,31.9,0.9775
disco_r26,0.26,32.0,0.9775
disco_r26,0.26,32.1,0.9789999999999999
disco_r26,0.26,32.2,0.9789999999999999
disco_r26,0.26,32.3,0.9789999999999999
disco_r26,0.26,32.4,0.9795
disco_r26,0.26,32.5,0.9795
disco_r26,0.26,32.6,0.9795
disco_r26,0.26,32.7,0.9795
disco_r26,0.26,32.8,0.9810000000000001
disco_r26,0.26,32.9,0.982
disco_r26,0.26,33.0,0.982
disco_r26,0.26,33.1,0.9824999999999999
disco_r26,0.26,33.2,0.9824999999999999
disco_r26,0.26,33.3,0.9834999999999999
disco_r26,0.26,33.4,0.9834999999999999
disco_r26,0.26,33.5,0.9834999999999999
disco_r26,0.26,33.6,0.9834999999999999
disco_r26,0.26,33.7,0.9834999999999999
disco_r26,0.26,33.8,0.9834999999999999
disco_r26,0.26,33.9,0.9834999999999999
disco_r26,0.26,34.0,0.9834999999999999
disco_r26,0.26,34.1,0.984
disco_r26,0.26,34.2,0.984
disco_r26,0.26,34.3,0.984
disco_r26,0.26,34.4,0.984
disco_r26,0.26,34.5,0.9844999999999999
disco_r26,0.26,34.6,0.9844999999999999
disco_r26,0.26,34.7,0.9844999999999999
disco_r26,0.26,34.8,0.9844999999999999
disco_r26,0.26,34.9,0.985
disco_r26,0.26,35.0,0.9854999999999998
disco_r26,0.26,35.1,0.9854999999999998
disco_r26,0.26,35.2,0.986
disco_r26,0.26,35.3,0.986
disco_r26,0.26,35.4,0.986
disco_r26,0.26,35.5,0.986
disco_r26,0.26,35.6,0.986
disco_r26,0.26,35.7,0.986
disco_r26,0.26,35.8,0.986
disco_r26,0.26,35.9,0.986
disco_r26,0.26,36.0,0.986
disco_r26,0.26,36.1,0.9864999999999998
disco_r26,0.26,36.2,0.9864999999999998
disco_r26,0.26,36.3,0.9864999999999998
disco_r26,0.26,36.4,0.9869999999999999
disco_r26,0.26,36.5,0.9869999999999999
disco_r26,0.26,36.6,0.9874999999999998
disco_r26,0.26,36.7,0.9874999999999998
disco_r26,0.26,36.8,0.9874999999999998
disco_r26,0.26,36.9,0.9879999999999999
disco_r26,0.26,37.0,0.9879999999999999
disco_r26,0.26,37.1,0.9879999999999999
disco_r26,0.26,37.2,0.9879999999999999
disco_r26,0.26,37.3,0.9879999999999999
disco_r26,0.26,37.4,0.9879999999999999
disco_r26,0.26,37.5,0.9879999999999999
disco_r26,0.26,37.6,0.9879999999999999
disco_r26,0.26,37.7,0.9879999999999999
disco_r26,0.26,37.8,0.9879999999999999
disco_r26,0.26,37.9,0.9879999999999999
disco_r26,0.26,38.0,0.9879999999999999
disco_r26,0.26,38.1,0.9879999999999999
disco_r26,0.26,38.2,0.9879999999999999
disco_r26,0.26,38.3,0.9879999999999999
disco_r26,0.26,38.4,0.9879999999999999
disco_r26,0.26,38.5,0.9879999999999999
disco_r26,0.26,38.6,0.9879999999999999
disco_r26,0.26,38.7,0.9879999999999999
disco_r26,0.26,38.8,0.9879999999999999
disco_r26,0.26,38.9,0.9884999999999998
disco_r26,0.26,39.0,0.9884999999999998
disco_r26,0.26,39.1,0.9884999999999998
disco_r26,0.26,39.2,0.9884999999999998
disco_r26,0.26,39.3,0.9889999999999999
disco_r26,0.26,39.4,0.9894999999999998
disco_r26,0.26,39.5,0.9894999999999998
disco_r26,0.26,39.6,0.9894999999999998
disco_r26,0.26,39.7,0.9894999999999998
disco_r26,0.26,39.8,0.9894999999999998
disco_r26,0.26,39.9,0.9894999999999998
disco_r26,0.26,40.0,0.9894999999999998
disco_r26,0.26,40.1,0.9894999999999998
disco_r26,0.26,40.2,0.9899999999999999
disco_r26,0.26,40.3,0.9899999999999999
disco_r26,0.26,40.4,0.9899999999999999
disco_r26,0.26,40.5,0.9899999999999999
disco_r26,0.26,40.6,0.9899999999999999
disco_r26,0.26,40.7,0.9899999999999999
disco_r26,0.26,40.8,0.9899999999999999
disco_r26,0.26,40.9,0.9899999999999999
disco_r26,0.26,41.0,0.9899999999999999
disco_r26,0.26,41.1,0.9904999999999997
disco_r26,0.26,41.2,0.9909999999999999
disco_r26,0.26,41.3,0.9909999999999999
disco_r26,0.26,41.4,0.9909999999999999
disco_r26,0.26,41.5,0.9909999999999999
disco_r26,0.26,41.6,0.9909999999999999
disco_r26,0.26,41.7,0.9909999999999999
disco_r26,0.26,41.8,0.9909999999999999
disco_r26,0.26,41.9,0.9909999999999999
disco_r26,0.26,42.0,0.9909999999999999
disco_r26,0.26,42.1,0.9909999999999999
disco_r26,0.26,42.2,0.9909999999999999
disco_r26,0.26,42.3,0.9914999999999997
disco_r26,0.26,42.4,0.9914999999999997
disco_r26,0.26,42.5,0.9914999999999997
disco_r26,0.26,42.6,0.9914999999999997
disco_r26,0.26,42.7,0.9914999999999997
disco_r26,0.26,42.8,0.9919999999999998
disco_r26,0.26,42.9,0.9919999999999998
disco_r26,0.26,43.0,0.9919999999999998
disco_r26,0.26,43.1,0.9919999999999998
disco_r26,0.26,43.2,0.9919999999999998
disco_r26,0.26,43.3,0.9919999999999998
disco_r26,0.26,43.4,0.9919999999999998
disco_r26,0.26,43.5,0.9919999999999998
disco_r26,0.26,43.6,0.9919999999999998
disco_r26,0.26,43.7,0.9919999999999998
disco_r26,0.26,43.8,0.9919999999999998
disco_r26,0.26,43.9,0.9919999999999998
disco_r26,0.26,44.0,0.9919999999999998
disco_r26,0.26,44.1,0.9919999999999998
disco_r26,0.26,44.2,0.9919999999999998
disco_r26,0.26,44.3,0.9919999999999998
disco_r26,0.26,44.4,0.9919999999999998
disco_r26,0.26,44.5,0.9919999999999998
disco_r26,0.26,44.6,0.9919999999999998
disco_r26,0.26,44.7,0.9919999999999998
disco_r26,0.26,44.8,0.9919999999999998
disco_r26,0.26,44.9,0.9924999999999999
disco_r26,0.26,45.0,0.9929999999999998
disco_r26,0.26,45.1,0.9929999999999998
disco_r26,0.26,45.2,0.9929999999999998
disco_r26,0.26,45.3,0.9929999999999998
disco_r26,0.26,45.4,0.9934999999999998
disco_r26,0.26,45.5,0.9934999999999998
disco_r26,0.26,45.6,0.9934999999999998
disco_r26,0.26,45.7,0.9934999999999998
disco_r26,0.26,45.8,0.9934999999999998
disco_r26,0.26,45.9,0.9934999999999998
disco_r26,0.26,46.0,0.9934999999999998
disco_r26,0.26,46.1,0.9939999999999998
disco_r26,0.26,46.2,0.9939999999999998
disco_r26,0.26,46.3,0.9939999999999998
disco_r26,0.26,46.4,0.9939999999999998
disco_r26,0.26,46.5,0.9939999999999998
disco_r26,0.26,46.6,0.9939999999999998
disco_r26,0.26,46.7,0.9939999999999998
disco_r26,0.26,46.8,0.9939999999999998
disco_r26,0.26,46.9,0.9939999999999998
disco_r26,0.26,47.0,0.9939999999999998
disco_r26,0.26,47.1,0.9939999999999998
disco_r26,0.26,47.2,0.9949999999999999
disco_r26,0.26,47.3,0.9955
disco_r26,0.26,47.4,0.9955
disco_r26,0.26,47.5,0.9955
disco_r26,0.26,47.6,0.9955
disco_r26,0.26,47.7,0.9955
disco_r26,0.26,47.8,0.9955
disco_r26,0.26,47.9,0.9955
disco_r26,0.26,48.0,0.9955
disco_r26,0.26,48.1,0.9955
disco_r26,0.26,48.2,0.9955
disco_r26,0.26,48.3,0.9955
disco_r26,0.26,48.4,0.9955
disco_r26,0.26,48.5,0.9955
disco_r26,0.26,48.6,0.9955
disco_r26,0.26,48.7,0.9955
disco_r26,0.26,48.8,0.9955
disco_r26,0.26,48.9,0.9955
disco_r26,0.26,49.0,0.9955
disco_r26,0.26,49.1,0.9955
disco_r26,0.26,49.2,0.9955
disco_r26,0.26,49.3,0.9955
disco_r26,0.26,49.4,0.9955
disco_r26,0.26,49.5,0.9955
disco_r26,0.26,49.6,0.9955
disco_r26,0.26,49.7,0.9955
disco_r26,0.26,49.8,0.9959999999999999
disco_r26,0.26,49.9,0.9959999999999999
disco_r26,0.26,50.0,0.9959999999999999
disco_r26,0.26,50.1,0.9959999999999999
disco_r26,0.26,50.2,0.9959999999999999
disco_r26,0.26,50.3,0.9959999999999999
disco_r26,0.26,50.4,0.9959999999999999
disco_r26,0.26,50.5,0.9959999999999999
disco_r26,0.26,50.6,0.9959999999999999
disco_r26,0.26,50.7,0.9959999999999999
disco_r26,0.26,50.8,0.9959999999999999
disco_r26,0.26,50.9,0.9959999999999999
disco_r26,0.26,51.0,0.9959999999999999
disco_r26,0.26,51.1,0.9959999999999999
disco_r26,0.26,51.2,0.9964999999999998
disco_r26,0.26,51.3,0.9964999999999998
disco_r26,0.26,51.4,0.9964999999999998
disco_r26,0.26,51.5,0.9964999999999998
disco_r26,0.26,51.6,0.9964999999999998
disco_r26,0.26,51.7,0.9964999999999998
disco_r26,0.26,51.8,0.9964999999999998
disco_r26,0.26,51.9,0.9964999999999998
disco_r26,0.26,52.0,0.9964999999999998
disco_r26,0.26,52.1,0.9970000000000001
disco_r26,0.26,52.2,0.9970000000000001
disco_r26,0.26,52.3,0.9970000000000001
disco_r26,0.26,52.4,0.9970000000000001
disco_r26,0.26,52.5,0.9970000000000001
disco_r26,0.26,52.6,0.9970000000000001
disco_r26,0.26,52.7,0.9970000000000001
disco_r26,0.26,52.8,0.9970000000000001
disco_r26,0.26,52.9,0.9970000000000001
disco_r26,0.26,53.0,0.9970000000000001
disco_r26,0.26,53.1,0.9970000000000001
disco_r26,0.26,53.2,0.9970000000000001
disco_r26,0.26,53.3,0.9970000000000001
disco_r26,0.26,53.4,0.9970000000000001
disco_r26,0.26,53.5,0.9970000000000001
disco_r26,0.26,53.6,0.9970000000000001
disco_r26,0.26,53.7,0.9970000000000001
disco_r26,0.26,53.8,0.9974999999999999
disco_r26,0.26,53.9,0.9974999999999999
disco_r26,0.26,54.0,0.9974999999999999
disco_r26,0.26,54.1,0.9974999999999999
disco_r26,0.26,54.2,0.9974999999999999
disco_r26,0.26,54.3,0.9974999999999999
disco_r26,0.26,54.4,0.9974999999999999
disco_r26,0.26,54.5,0.9974999999999999
disco_r26,0.26,54.6,0.9974999999999999
disco_r26,0.26,54.7,0.9974999999999999
disco_r26,0.26,54.8,0.9974999999999999
disco_r26,0.26,54.9,0.9974999999999999
disco_r26,0.26,55.0,0.9974999999999999
disco_r26,0.26,55.1,0.9979999999999999
disco_r26,0.26,55.2,0.9979999999999999
disco_r26,0.26,55.3,0.9979999999999999
disco_r26,0.26,55.4,0.9979999999999999
disco_r26,0.26,55.5,0.9979999999999999
disco_r26,0.26,55.6,0.9979999999999999
disco_r26,0.26,55.7,0.9979999999999999
disco_r26,0.26,55.8,0.9979999999999999
disco_r26,0.26,55.9,0.9979999999999999
disco_r26,0.26,56.0,0.9979999999999999
disco_r26,0.26,56.1,0.9979999999999999
disco_r26,0.26,56.2,0.9979999999999999
disco_r26,0.26,56.3,0.9979999999999999
disco_r26,0.26,56.4,0.9979999999999999
disco_r26,0.26,56.5,0.9979999999999999
disco_r26,0.26,56.6,0.9979999999999999
disco_r26,0.26,56.7,0.9979999999999999
disco_r26,0.26,56.8,0.9979999999999999
disco_r26,0.26,56.9,0.9979999999999999
disco_r26,0.26,57.0,0.9979999999999999
disco_r26,0.26,57.1,0.9979999999999999
disco_r26,0.26,57.2,0.9984999999999999
disco_r26,0.26,57.3,0.9984999999999999
disco_r26,0.26,57.4,0.9984999999999999
disco_r26,0.26,57.5,0.9984999999999999
disco_r26,0.26,57.6,0.9984999999999999
disco_r26,0.26,57.7,0.9984999999999999
disco_r26,0.26,57.8,0.9984999999999999
disco_r26,0.26,57.9,0.9984999999999999
disco_r26,0.26,58.0,0.9984999999999999
disco_r26,0.26,58.1,0.9984999999999999
disco_r26,0.26,58.2,0.9984999999999999
disco_r26,0.26,58.3,0.9984999999999999
disco_r26,0.26,58.4,0.9984999999999999
disco_r26,0.26,58.5,0.9984999999999999
disco_r26,0.26,58.6,0.9984999999999999
disco_r26,0.26,58.7,0.9984999999999999
disco_r26,0.26,58.8,0.9984999999999999
disco_r26,0.26,58.9,0.999
disco_r26,0.26,59.0,0.999
disco_r26,0.26,59.1,0.999
disco_r26,0.26,59.2,0.999
disco_r26,0.26,59.3,0.999
disco_r26,0.26,59.4,0.999
disco_r26,0.26,59.5,0.999
disco_r26,0.26,59.6,0.999
disco_r26,0.26,59.7,0.999
disco_r26,0.26,59.8,0.999
disco_r26,0.26,59.9,0.999
disco_r26,0.26,60.0,0.999
disco_r29,0.29,0.0,0.0
disco_r29,0.29,0.1,0.024500000000000004
disco_r29,0.29,0.2,0.04850000000000002
disco_r29,0.29,0.3,0.06750000000000003
disco_r29,0.29,0.4,0.08250000000000002
disco_r29,0.29,0.5,0.09550000000000003
disco_r29,0.29,0.6,0.10850000000000004
disco_r29,0.29,0.7,0.12400000000000004
disco_r29,0.29,0.8,0.13850000000000004
disco_r29,0.29,0.9,0.151
disco_r29,0.29,1.0,0.1615
disco_r29,0.29,1.1,0.17400000000000002
disco_r29,0.29,1.2,0.183
disco_r29,0.29,1.3,0.196
disco_r29,0.29,1.4,0.20900000000000002
disco_r29,0.29,1.5,0.22000000000000003
disco_r29,0.29,1.6,0.2325
disco_r29,0.29,1.7,0.242
disco_r29,0.29,1.8,0.24749999999999997
disco_r29,0.29,1.9,0.2575
disco_r29,0.29,2.0,0.2695000000000001
disco_r29,0.29,2.1,0.27999999999999997
disco_r29,0.29,2.2,0.2875
disco_r29,0.29,2.3,0.2955
disco_r29,0.29,2.4,0.30449999999999994
disco_r29,0.29,2.5,0.3155
disco_r29,0.29,2.6,0.32449999999999996
disco_r29,0.29,2.7,0.33199999999999996
disco_r29,0.29,2.8,0.3404999999999999
disco_r29,0.29,2.9,0.3489999999999999
disco_r29,0.29,3.0,0.3585000000000001
disco_r29,0.29,3.1,0.366
disco_r29,0.29,3.2,0.375
disco_r29,0.29,3.3,0.3845
disco_r29,0.29,3.4,0.396
disco_r29,0.29,3.5,0.4050000000000001
disco_r29,0.29,3.6,0.4090000000000001
disco_r29,0.29,3.7,0.4165000000000001
disco_r29,0.29,3.8,0.42250000000000004
disco_r29,0.29,3.9,0.43150000000000005
disco_r29,0.29,4.0,0.438
disco_r29,0.29,4.1,0.446
disco_r29,0.29,4.2,0.4525
disco_r29,0.29,4.3,0.4590000000000001
disco_r29,0.29,4.4,0.466
disco_r29,0.29,4.5,0.473
disco_r29,0.29,4.6,0.48149999999999993
disco_r29,0.29,4.7,0.48950000000000005
disco_r29,0.29,4.8,0.4955
disco_r29,0.29,4.9,0.4995
disco_r29,0.29,5.0,0.5045
disco_r29,0.29,5.1,0.5119999999999999
disco_r29,0.29,5.2,0.5179999999999999
disco_r29,0.29,5.3,0.525
disco_r29,0.29,5.4,0.5294999999999999
disco_r29,0.29,5.5,0.5374999999999999
disco_r29,0.29,5.6,0.5425000000000001
disco_r29,0.29,5.7,0.5455000000000001
disco_r29,0.29,5.8,0.5505000000000001
disco_r29,0.29,5.9,0.56
disco_r29,0.29,6.0,0.5640000000000001
disco_r29,0.29,6.1,0.5685
disco_r29,0.29,6.2,0.5730000000000001
disco_r29,0.29,6.3,0.5800000000000001
disco_r29,0.29,6.4,0.5845
disco_r29,0.29,6.5,0.588
disco_r29,0.29,6.6,0.5915
disco_r29,0.29,6.7,0.599
disco_r29,0.29,6.8,0.605
disco_r29,0.29,6.9,0.6075
disco_r29,0.29,7.0,0.6134999999999999
disco_r29,0.29,7.1,0.619
disco_r29,0.29,7.2,0.6245
disco_r29,0.29,7.3,0.6305
disco_r29,0.29,7.4,0.635
disco_r29,0.29,7.5,0.6399999999999999
disco_r29,0.29,7.6,0.647
disco_r29,0.29,7.7,0.6519999999999999
disco_r29,0.29,7.8,0.656
disco_r29,0.29,7.9,0.6595
disco_r29,0.29,8.0,0.6645000000000001
disco_r29,0.29,8.1,0.6695
disco_r29,0.29,8.2,0.6745000000000001
disco_r29,0.29,8.3,0.679
disco_r29,0.29,8.4,0.682
disco_r29,0.29,8.5,0.687
disco_r29,0.29,8.6,0.6900000000000002
disco_r29,0.29,8.7,0.6950000000000001
disco_r29,0.29,8.8,0.6995
disco_r29,0.29,8.9,0.7020000000000001
disco_r29,0.29,9.0,0.706
disco_r29,0.29,9.1,0.7115
disco_r29,0.29,9.2,0.715
disco_r29,0.29,9.3,0.7185
disco_r29,0.29,9.4,0.7225
disco_r29,0.29,9.5,0.7255
disco_r29,0.29,9.6,0.7310000000000001
disco_r29,0.29,9.7,0.7344999999999999
disco_r29,0.29,9.8,0.7399999999999999
disco_r29,0.29,9.9,0.7424999999999999
disco_r29,0.29,10.0,0.7439999999999999
disco_r29,0.29,10.1,0.7474999999999998
disco_r29,0.29,10.2,0.7515
disco_r29,0.29,10.3,0.752
disco_r29,0.29,10.4,0.755
disco_r29,0.29,10.5,0.7585
disco_r29,0.29,10.6,0.7635
disco_r29,0.29,10.7,0.7655
disco_r29,0.29,10.8,0.7689999999999999
disco_r29,0.29,10.9,0.7725000000000001
disco_r29,0.29,11.0,0.773
disco_r29,0.29,11.1,0.7745
disco_r29,0.29,11.2,0.7799999999999999
disco_r29,0.29,11.3,0.7839999999999999
disco_r29,0.29,11.4,0.7849999999999999
disco_r29,0.29,11.5,0.7889999999999999
disco_r29,0.29,11.6,0.7909999999999998
disco_r29,0.29,11.7,0.7935000000000001
disco_r29,0.29,11.8,0.7969999999999999
disco_r29,0.29,11.9,0.7984999999999999
disco_r29,0.29,12.0,0.8029999999999999
disco_r29,0.29,12.1,0.8065000000000001
disco_r29,0.29,12.2,0.8070000000000002
disco_r29,0.29,12.3,0.8095000000000002
disco_r29,0.29,12.4,0.8125000000000002
disco_r29,0.29,12.5,0.8145000000000003
disco_r29,0.29,12.6,0.8185000000000002
disco_r29,0.29,12.7,0.8195000000000002
disco_r29,0.29,12.8,0.8205000000000002
disco_r29,0.29,12.9,0.8230000000000001
disco_r29,0.29,13.0,0.8240000000000001
disco_r29,0.29,13.1,0.8255000000000001
disco_r29,0.29,13.2,0.827
disco_r29,0.29,13.3,0.8300000000000001
disco_r29,0.29,13.4,0.8320000000000001
disco_r29,0.29,13.5,0.8344999999999999
disco_r29,0.29,13.6,0.837
disco_r29,0.29,13.7,0.8404999999999999
disco_r29,0.29,13.8,0.8424999999999999
disco_r29,0.29,13.9,0.844
disco_r29,0.29,14.0,0.8479999999999999
disco_r29,0.29,14.1,0.8489999999999999
disco_r29,0.29,14.2,0.8499999999999999
disco_r29,0.29,14.3,0.8509999999999998
disco_r29,0.29,14.4,0.8549999999999999
disco_r29,0.29,14.5,0.8579999999999999
disco_r29,0.29,14.6,0.8604999999999998
disco_r29,0.29,14.7,0.8619999999999999
disco_r29,0.29,14.8,0.8640000000000001
disco_r29,0.29,14.9,0.8654999999999999
disco_r29,0.29,15.0,0.866
disco_r29,0.29,15.1,0.867
disco_r29,0.29,15.2,0.868
disco_r29,0.29,15.3,0.8700000000000001
disco_r29,0.29,15.4,0.8724999999999999
disco_r29,0.29,15.5,0.8735000000000002
disco_r29,0.29,15.6,0.8735000000000002
disco_r29,0.29,15.7,0.876
disco_r29,0.29,15.8,0.8790000000000001
disco_r29,0.29,15.9,0.8805
disco_r29,0.29,16.0,0.881
disco_r29,0.29,16.1,0.8819999999999999
disco_r29,0.29,16.2,0.884
disco_r29,0.29,16.3,0.8844999999999998
disco_r29,0.29,16.4,0.8855000000000001
disco_r29,0.29,16.5,0.8870000000000001
disco_r29,0.29,16.6,0.8879999999999999
disco_r29,0.29,16.7,0.8889999999999999
disco_r29,0.29,16.8,0.89
disco_r29,0.29,16.9,0.8905
disco_r29,0.29,17.0,0.8939999999999999
disco_r29,0.29,17.1,0.8954999999999999
disco_r29,0.29,17.2,0.8964999999999999
disco_r29,0.29,17.3,0.8974999999999997
disco_r29,0.29,17.4,0.9004999999999999
disco_r29,0.29,17.5,0.9004999999999999
disco_r29,0.29,17.6,0.9025000000000001
disco_r29,0.29,17.7,0.9029999999999999
disco_r29,0.29,17.8,0.9035
disco_r29,0.29,17.9,0.9049999999999999
disco_r29,0.29,18.0,0.9055
disco_r29,0.29,18.1,0.9069999999999998
disco_r29,0.29,18.2,0.9084999999999999
disco_r29,0.29,18.3,0.9095000000000001
disco_r29,0.29,18.4,0.9105000000000001
disco_r29,0.29,18.5,0.9105000000000001
disco_r29,0.29,18.6,0.9114999999999999
disco_r29,0.29,18.7,0.9125
disco_r29,0.29,18.8,0.9129999999999999
disco_r29,0.29,18.9,0.9135
disco_r29,0.29,19.0,0.9139999999999999
disco_r29,0.29,19.1,0.9145
disco_r29,0.29,19.2,0.915
disco_r29,0.29,19.3,0.9155000000000001
disco_r29,0.29,19.4,0.9175000000000001
disco_r29,0.29,19.5,0.9205000000000002
disco_r29,0.29,19.6,0.921
disco_r29,0.29,19.7,0.922
disco_r29,0.29,19.8,0.923
disco_r29,0.29,19.9,0.924
disco_r29,0.29,20.0,0.9250000000000002
disco_r29,0.29,20.1,0.9255000000000001
disco_r29,0.29,20.2,0.9260000000000002
disco_r29,0.29,20.3,0.9265000000000001
disco_r29,0.29,20.4,0.9280000000000002
disco_r29,0.29,20.5,0.9285
disco_r29,0.29,20.6,0.9300000000000003
disco_r29,0.29,20.7,0.9305000000000001
disco_r29,0.29,20.8,0.9315000000000001
disco_r29,0.29,20.9,0.9345000000000001
disco_r29,0.29,21.0,0.9360000000000002
disco_r29,0.29,21.1,0.9365
disco_r29,0.29,21.2,0.9375
disco_r29,0.29,21.3,0.9380000000000001
disco_r29,0.29,21.4,0.9380000000000001
disco_r29,0.29,21.5,0.9415000000000001
disco_r29,0.29,21.6,0.9435
disco_r29,0.29,21.7,0.944
disco_r29,0.29,21.8,0.9445
disco_r29,0.29,21.9,0.9455
disco_r29,0.29,22.0,0.9470000000000001
disco_r29,0.29,22.1,0.9480000000000001
disco_r29,0.29,22.2,0.9494999999999999
disco_r29,0.29,22.3,0.9494999999999999
disco_r29,0.29,22.4,0.95
disco_r29,0.29,22.5,0.952
disco_r29,0.29,22.6,0.9534999999999998
disco_r29,0.29,22.7,0.9534999999999998
disco_r29,0.29,22.8,0.954
disco_r29,0.29,22.9,0.954
disco_r29,0.29,23.0,0.9545
disco_r29,0.29,23.1,0.9555
disco_r29,0.29,23.2,0.9559999999999998
disco_r29,0.29,23.3,0.9569999999999999
disco_r29,0.29,23.4,0.9569999999999999
disco_r29,0.29,23.5,0.9569999999999999
disco_r29,0.29,23.6,0.9574999999999999
disco_r29,0.29,23.7,0.958
disco_r29,0.29,23.8,0.9585000000000001
disco_r29,0.29,23.9,0.9594999999999999
disco_r29,0.29,24.0,0.9604999999999999
disco_r29,0.29,24.1,0.9615
disco_r29,0.29,24.2,0.9620000000000001
disco_r29,0.29,24.3,0.9625000000000001
disco_r29,0.29,24.4,0.9625000000000001
disco_r29,0.29,24.5,0.9640000000000002
disco_r29,0.29,24.6,0.9645000000000004
disco_r29,0.29,24.7,0.9650000000000002
disco_r29,0.29,24.8,0.9650000000000002
disco_r29,0.29,24.9,0.966
disco_r29,0.29,25.0,0.966
disco_r29,0.29,25.1,0.9665000000000001
disco_r29,0.29,25.2,0.967
disco_r29,0.29,25.3,0.9675
disco_r29,0.29,25.4,0.9680000000000002
disco_r29,0.29,25.5,0.9685000000000002
disco_r29,0.29,25.6,0.9690000000000001
disco_r29,0.29,25.7,0.9690000000000001
disco_r29,0.29,25.8,0.9695
disco_r29,0.29,25.9,0.9705
disco_r29,0.29,26.0,0.9705
disco_r29,0.29,26.1,0.9705
disco_r29,0.29,26.2,0.9714999999999998
disco_r29,0.29,26.3,0.9714999999999998
disco_r29,0.29,26.4,0.9719999999999999
disco_r29,0.29,26.5,0.9719999999999999
disco_r29,0.29,26.6,0.9719999999999999
disco_r29,0.29,26.7,0.9724999999999999
disco_r29,0.29,26.8,0.9724999999999999
disco_r29,0.29,26.9,0.9724999999999999
disco_r29,0.29,27.0,0.9724999999999999
disco_r29,0.29,27.1,0.9724999999999999
disco_r29,0.29,27.2,0.9724999999999999
disco_r29,0.29,27.3,0.9724999999999999
disco_r29,0.29,27.4,0.9730000000000001
disco_r29,0.29,27.5,0.9730000000000001
disco_r29,0.29,27.6,0.9730000000000001
disco_r29,0.29,27.7,0.9734999999999999
disco_r29,0.29,27.8,0.974
disco_r29,0.29,27.9,0.9745000000000001
disco_r29,0.29,28.0,0.9745000000000001
disco_r29,0.29,28.1,0.975
disco_r29,0.29,28.2,0.9755
disco_r29,0.29,28.3,0.9760000000000002
disco_r29,0.29,28.4,0.9765
disco_r29,0.29,28.5,0.9770000000000001
disco_r29,0.29,28.6,0.9770000000000001
disco_r29,0.29,28.7,0.9770000000000001
disco_r29,0.29,28.8,0.9780000000000001
disco_r29,0.29,28.9,0.9780000000000001
disco_r29,0.29,29.0,0.9780000000000001
disco_r29,0.29,29.1,0.9780000000000001
disco_r29,0.29,29.2,0.9785
disco_r29,0.29,29.3,0.9785
disco_r29,0.29,29.4,0.9785
disco_r29,0.29,29.5,0.9785
disco_r29,0.29,29.6,0.9785
disco_r29,0.29,29.7,0.9790000000000001
disco_r29,0.29,29.8,0.9800000000000001
disco_r29,0.29,29.9,0.9800000000000001
disco_r29,0.29,30.0,0.9804999999999999
disco_r29,0.29,30.1,0.9804999999999999
disco_r29,0.29,30.2,0.9804999999999999
disco_r29,0.29,30.3,0.9804999999999999
disco_r29,0.29,30.4,0.9804999999999999
disco_r29,0.29,30.5,0.9804999999999999
disco_r29,0.29,30.6,0.9804999999999999
disco_r29,0.29,30.7,0.9810000000000001
disco_r29,0.29,30.8,0.9814999999999999
disco_r29,0.29,30.9,0.9814999999999999
disco_r29,0.29,31.0,0.982
disco_r29,0.29,31.1,0.9825000000000002
disco_r29,0.29,31.2,0.9825000000000002
disco_r29,0.29,31.3,0.9825000000000002
disco_r29,0.29,31.4,0.9825000000000002
disco_r29,0.29,31.5,0.9825000000000002
disco_r29,0.29,31.6,0.9825000000000002
disco_r29,0.29,31.7,0.9825000000000002
disco_r29,0.29,31.8,0.9825000000000002
disco_r29,0.29,31.9,0.983
disco_r29,0.29,32.0,0.9834999999999999
disco_r29,0.29,32.1,0.9834999999999999
disco_r29,0.29,32.2,0.9834999999999999
disco_r29,0.29,32.3,0.984
disco_r29,0.29,32.4,0.9845
disco_r29,0.29,32.5,0.9845
disco_r29,0.29,32.6,0.9845
disco_r29,0.29,32.7,0.9845
disco_r29,0.29,32.8,0.985
disco_r29,0.29,32.9,0.985
disco_r29,0.29,33.0,0.985
disco_r29,0.29,33.1,0.986
disco_r29,0.29,33.2,0.9869999999999999
disco_r29,0.29,33.3,0.9869999999999999
disco_r29,0.29,33.4,0.9869999999999999
disco_r29,0.29,33.5,0.9869999999999999
disco_r29,0.29,33.6,0.9875
disco_r29,0.29,33.7,0.9875
disco_r29,0.29,33.8,0.9875
disco_r29,0.29,33.9,0.9875
disco_r29,0.29,34.0,0.9875
disco_r29,0.29,34.1,0.9875
disco_r29,0.29,34.2,0.9875
disco_r29,0.29,34.3,0.9875
disco_r29,0.29,34.4,0.9875
disco_r29,0.29,34.5,0.9875
disco_r29,0.29,34.6,0.9875
disco_r29,0.29,34.7,0.9879999999999999
disco_r29,0.29,34.8,0.9879999999999999
disco_r29,0.29,34.9,0.9879999999999999
disco_r29,0.29,35.0,0.9884999999999999
disco_r29,0.29,35.1,0.9884999999999999
disco_r29,0.29,35.2,0.9884999999999999
disco_r29,0.29,35.3,0.9884999999999999
disco_r29,0.29,35.4,0.9884999999999999
disco_r29,0.29,35.5,0.9884999999999999
disco_r29,0.29,35.6,0.9884999999999999
disco_r29,0.29,35.7,0.9884999999999999
disco_r29,0.29,35.8,0.9884999999999999
disco_r29,0.29,35.9,0.9884999999999999
disco_r29,0.29,36.0,0.9884999999999999
disco_r29,0.29,36.1,0.9884999999999999
disco_r29,0.29,36.2,0.9884999999999999
disco_r29,0.29,36.3,0.9889999999999999
disco_r29,0.29,36.4,0.9894999999999999
disco_r29,0.29,36.5,0.99
disco_r29,0.29,36.6,0.99
disco_r29,0.29,36.7,0.99
disco_r29,0.29,36.8,0.99
disco_r29,0.29,36.9,0.9904999999999999
disco_r29,0.29,37.0,0.9904999999999999
disco_r29,0.29,37.1,0.9904999999999999
disco_r29,0.29,37.2,0.9904999999999999
disco_r29,0.29,37.3,0.9915
disco_r29,0.29,37.4,0.9915
disco_r29,0.29,37.5,0.9924999999999999
disco_r29,0.29,37.6,0.9924999999999999
disco_r29,0.29,37.7,0.9924999999999999
disco_r29,0.29,37.8,0.9924999999999999
disco_r29,0.29,37.9,0.9924999999999999
disco_r29,0.29,38.0,0.9924999999999999
disco_r29,0.29,38.1,0.9924999999999999
disco_r29,0.29,38.2,0.9924999999999999
disco_r29,0.29,38.3,0.9924999999999999
disco_r29,0.29,38.4,0.9924999999999999
disco_r29,0.29,38.5,0.9924999999999999
disco_r29,0.29,38.6,0.9924999999999999
disco_r29,0.29,38.7,0.9924999999999999
disco_r29,0.29,38.8,0.993
disco_r29,0.29,38.9,0.9935
disco_r29,0.29,39.0,0.9935
disco_r29,0.29,39.1,0.9935
disco_r29,0.29,39.2,0.9935
disco_r29,0.29,39.3,0.9935
disco_r29,0.29,39.4,0.9935
disco_r29,0.29,39.5,0.994
disco_r29,0.29,39.6,0.9945
disco_r29,0.29,39.7,0.9945
disco_r29,0.29,39.8,0.9945
disco_r29,0.29,39.9,0.9945
disco_r29,0.29,40.0,0.9945
disco_r29,0.29,40.1,0.9945
disco_r29,0.29,40.2,0.9950000000000001
disco_r29,0.29,40.3,0.9950000000000001
disco_r29,0.29,40.4,0.9950000000000001
disco_r29,0.29,40.5,0.9950000000000001
disco_r29,0.29,40.6,0.9950000000000001
disco_r29,0.29,40.7,0.9950000000000001
disco_r29,0.29,40.8,0.9950000000000001
disco_r29,0.29,40.9,0.9950000000000001
disco_r29,0.29,41.0,0.9950000000000001
disco_r29,0.29,41.1,0.9955
disco_r29,0.29,41.2,0.9955
disco_r29,0.29,41.3,0.9955
disco_r29,0.29,41.4,0.9955
disco_r29,0.29,41.5,0.9955
disco_r29,0.29,41.6,0.9955
disco_r29,0.29,41.7,0.9955
disco_r29,0.29,41.8,0.9955
disco_r29,0.29,41.9,0.9955
disco_r29,0.29,42.0,0.9955
disco_r29,0.29,42.1,0.9955
disco_r29,0.29,42.2,0.9960000000000001
disco_r29,0.29,42.3,0.9960000000000001
disco_r29,0.29,42.4,0.9960000000000001
disco_r29,0.29,42.5,0.9964999999999999
disco_r29,0.29,42.6,0.9964999999999999
disco_r29,0.29,42.7,0.9964999999999999
disco_r29,0.29,42.8,0.9964999999999999
disco_r29,0.29,42.9,0.9964999999999999
disco_r29,0.29,43.0,0.9964999999999999
disco_r29,0.29,43.1,0.9964999999999999
disco_r29,0.29,43.2,0.9964999999999999
disco_r29,0.29,43.3,0.9964999999999999
disco_r29,0.29,43.4,0.9964999999999999
disco_r29,0.29,43.5,0.9964999999999999
disco_r29,0.29,43.6,0.9964999999999999
disco_r29,0.29,43.7,0.9970000000000001
disco_r29,0.29,43.8,0.9970000000000001
disco_r29,0.29,43.9,0.9970000000000001
disco_r29,0.29,44.0,0.9970000000000001
disco_r29,0.29,44.1,0.9970000000000001
disco_r29,0.29,44.2,0.9970000000000001
disco_r29,0.29,44.3,0.9970000000000001
disco_r29,0.29,44.4,0.9970000000000001
disco_r29,0.29,44.5,0.9970000000000001
disco_r29,0.29,44.6,0.9970000000000001
disco_r29,0.29,44.7,0.9970000000000001
disco_r29,0.29,44.8,0.9970000000000001
disco_r29,0.29,44.9,0.9970000000000001
disco_r29,0.29,45.0,0.9970000000000001
disco_r29,0.29,45.1,0.9970000000000001
disco_r29,0.29,45.2,0.9970000000000001
disco_r29,0.29,45.3,0.9970000000000001
disco_r29,0.29,45.4,0.9970000000000001
disco_r29,0.29,45.5,0.9970000000000001
disco_r29,0.29,45.6,0.9970000000000001
disco_r29,0.29,45.7,0.9970000000000001
disco_r29,0.29,45.8,0.9970000000000001
disco_r29,0.29,45.9,0.9970000000000001
disco_r29,0.29,46.0,0.9970000000000001
disco_r29,0.29,46.1,0.9970000000000001
disco_r29,0.29,46.2,0.9970000000000001
disco_r29,0.29,46.3,0.9970000000000001
disco_r29,0.29,46.4,0.9970000000000001
disco_r29,0.29,46.5,0.9970000000000001
disco_r29,0.29,46.6,0.9970000000000001
disco_r29,0.29,46.7,0.9970000000000001
disco_r29,0.29,46.8,0.9970000000000001
disco_r29,0.29,46.9,0.9970000000000001
disco_r29,0.29,47.0,0.9970000000000001
disco_r29,0.29,47.1,0.9970000000000001
disco_r29,0.29,47.2,0.9970000000000001
disco_r29,0.29,47.3,0.9970000000000001
disco_r29,0.29,47.4,0.9975000000000002
disco_r29,0.29,47.5,0.9975000000000002
disco_r29,0.29,47.6,0.998
disco_r29,0.29,47.7,0.998
disco_r29,0.29,47.8,0.998
disco_r29,0.29,47.9,0.998
disco_r29,0.29,48.0,0.998
disco_r29,0.29,48.1,0.998
disco_r29,0.29,48.2,0.998
disco_r29,0.29,48.3,0.998
disco_r29,0.29,48.4,0.998
disco_r29,0.29,48.5,0.998
disco_r29,0.29,48.6,0.998
disco_r29,0.29,48.7,0.998
disco_r29,0.29,48.8,0.998
disco_r29,0.29,48.9,0.998
disco_r29,0.29,49.0,0.998
disco_r29,0.29,49.1,0.998
disco_r29,0.29,49.2,0.998
disco_r29,0.29,49.3,0.998
disco_r29,0.29,49.4,0.998
disco_r29,0.29,49.5,0.998
disco_r29,0.29,49.6,0.998
disco_r29,0.29,49.7,0.9984999999999999
disco_r29,0.29,49.8,0.9984999999999999
disco_r29,0.29,49.9,0.9984999999999999
disco_r29,0.29,50.0,0.9984999999999999
disco_r29,0.29,50.1,0.9984999999999999
disco_r29,0.29,50.2,0.9984999999999999
disco_r29,0.29,50.3,0.9984999999999999
disco_r29,0.29,50.4,0.9984999999999999
disco_r29,0.29,50.5,0.9984999999999999
disco_r29,0.29,50.6,0.9984999999999999
disco_r29,0.29,50.7,0.9984999999999999
disco_r29,0.29,50.8,0.9984999999999999
disco_r29,0.29,50.9,0.9984999999999999
disco_r29,0.29,51.0,0.9984999999999999
disco_r29,0.29,51.1,0.9984999999999999
disco_r29,0.29,51.2,0.9984999999999999
disco_r29,0.29,51.3,0.9984999999999999
disco_r29,0.29,51.4,0.9984999999999999
disco_r29,0.29,51.5,0.9984999999999999
disco_r29,0.29,51.6,0.9984999999999999
disco_r29,0.29,51.7,0.9984999999999999
disco_r29,0.29,51.8,0.9984999999999999
disco_r29,0.29,51.9,0.9984999999999999
disco_r29,0.29,52.0,0.9984999999999999
disco_r29,0.29,52.1,0.9984999999999999
disco_r29,0.29,52.2,0.9984999999999999
disco_r29,0.29,52.3,0.9984999999999999
disco_r29,0.29,52.4,0.9984999999999999
disco_r29,0.29,52.5,0.9984999999999999
disco_r29,0.29,52.6,0.9984999999999999
disco_r29,0.29,52.7,0.9984999999999999
disco_r29,0.29,52.8,0.9984999999999999
disco_r29,0.29,52.9,0.9984999999999999
disco_r29,0.29,53.0,0.9984999999999999
disco_r29,0.29,53.1,0.9984999999999999
disco_r29,0.29,53.2,0.9984999999999999
disco_r29,0.29,53.3,0.9984999999999999
disco_r29,0.29,53.4,0.9984999999999999
disco_r29,0.29,53.5,0.9984999999999999
disco_r29,0.29,53.6,0.9984999999999999
disco_r29,0.29,53.7,0.9984999999999999
disco_r29,0.29,53.8,0.9984999999999999
disco_r29,0.29,53.9,0.9984999999999999
disco_r29,0.29,54.0,0.9984999999999999
disco_r29,0.29,54.1,0.9984999999999999
disco_r29,0.29,54.2,0.9984999999999999
disco_r29,0.29,54.3,0.9984999999999999
disco_r29,0.29,54.4,0.9984999999999999
disco_r29,0.29,54.5,0.9984999999999999
disco_r29,0.29,54.6,0.9984999999999999
disco_r29,0.29,54.7,0.9984999999999999
disco_r29,0.29,54.8,0.9984999999999999
disco_r29,0.29,54.9,0.9984999999999999
disco_r29,0.29,55.0,0.9984999999999999
disco_r29,0.29,55.1,0.9984999999999999
disco_r29,0.29,55.2,0.9984999999999999
disco_r29,0.29,55.3,0.9984999999999999
disco_r29,0.29,55.4,0.9984999999999999
disco_r29,0.29,55.5,0.9984999999999999
disco_r29,0.29,55.6,0.9984999999999999
disco_r29,0.29,55.7,0.9984999999999999
disco_r29,0.29,55.8,0.9984999999999999
disco_r29,0.29,55.9,0.9984999999999999
disco_r29,0.29,56.0,0.9984999999999999
disco_r29,0.29,56.1,0.9984999999999999
disco_r29,0.29,56.2,0.9984999999999999
disco_r29,0.29,56.3,0.9984999999999999
disco_r29,0.29,56.4,0.9984999999999999
disco_r29,0.29,56.5,0.9984999999999999
disco_r29,0.29,56.6,0.9984999999999999
disco_r29,0.29,56.7,0.9984999999999999
disco_r29,0.29,56.8,0.9984999999999999
disco_r29,0.29,56.9,0.9984999999999999
disco_r29,0.29,57.0,0.999
disco_r29,0.29,57.1,0.999
disco_r29,0.29,57.2,0.999
disco_r29,0.29,57.3,0.999
disco_r29,0.29,57.4,0.999
disco_r29,0.29,57.5,0.999
disco_r29,0.29,57.6,0.999
disco_r29,0.29,57.7,0.999
disco_r29,0.29,57.8,0.999
disco_r29,0.29,57.9,0.999
disco_r29,0.29,58.0,0.999
disco_r29,0.29,58.1,0.999
disco_r29,0.29,58.2,0.999
disco_r29,0.29,58.3,0.999
disco_r29,0.29,58.4,0.999
disco_r29,0.29,58.5,0.999
disco_r29,0.29,58.6,0.999
disco_r29,0.29,58.7,0.999
disco_r29,0.29,58.8,0.999
disco_r29,0.29,58.9,0.999
disco_r29,0.29,59.0,0.999
disco_r29,0.29,59.1,0.999
disco_r29,0.29,59.2,0.999
disco_r29,0.29,59.3,0.999
disco_r29,0.29,59.4,0.999
disco_r29,0.29,59.5,0.999
disco_r29,0.29,59.6,0.999
disco_r29,0.29,59.7,0.999
disco_r29,0.29,59.8,0.9995
disco_r29,0.29,59.9,0.9995
disco_r29,0.29,60.0,0.9995
disco_r32,0.32,0.0,0.0
disco_r32,0.32,0.1,0.0305
disco_r32,0.32,0.2,0.056500000000000015
disco_r32,0.32,0.3,0.07350000000000001
disco_r32,0.32,0.4,0.08750000000000004
disco_r32,0.32,0.5,0.10450000000000001
disco_r32,0.32,0.6,0.11850000000000001
disco_r32,0.32,0.7,0.13400000000000006
disco_r32,0.32,0.8,0.14950000000000002
disco_r32,0.32,0.9,0.16400000000000003
disco_r32,0.32,1.0,0.1785
disco_r32,0.32,1.1,0.1885
disco_r32,0.32,1.2,0.202
disco_r32,0.32,1.3,0.21000000000000002
disco_r32,0.32,1.4,0.22000000000000003
disco_r32,0.32,1.5,0.23349999999999999
disco_r32,0.32,1.6,0.2435
disco_r32,0.32,1.7,0.25749999999999995
disco_r32,0.32,1.8,0.26949999999999996
disco_r32,0.32,1.9,0.281
disco_r32,0.32,2.0,0.2915
disco_r32,0.32,2.1,0.2975
disco_r32,0.32,2.2,0.30499999999999994
disco_r32,0.32,2.3,0.314
disco_r32,0.32,2.4,0.3264999999999999
disco_r32,0.32,2.5,0.3349999999999999
disco_r32,0.32,2.6,0.34700000000000003
disco_r32,0.32,2.7,0.35450000000000004
disco_r32,0.32,2.8,0.36150000000000004
disco_r32,0.32,2.9,0.37000000000000005
disco_r32,0.32,3.0,0.378
disco_r32,0.32,3.1,0.386
disco_r32,0.32,3.2,0.396
disco_r32,0.32,3.3,0.40449999999999997
disco_r32,0.32,3.4,0.41
disco_r32,0.32,3.5,0.41950000000000004
disco_r32,0.32,3.6,0.4245
disco_r32,0.32,3.7,0.43550000000000005
disco_r32,0.32,3.8,0.44299999999999995
disco_r32,0.32,3.9,0.4539999999999999
disco_r32,0.32,4.0,0.46049999999999996
disco_r32,0.32,4.1,0.4665
disco_r32,0.32,4.2,0.47350000000000003
disco_r32,0.32,4.3,0.4830000000000001
disco_r32,0.32,4.4,0.48950000000000005
disco_r32,0.32,4.5,0.4980000000000001
disco_r32,0.32,4.6,0.504
disco_r32,0.32,4.7,0.5079999999999999
disco_r32,0.32,4.8,0.515
disco_r32,0.32,4.9,0.5219999999999999
disco_r32,0.32,5.0,0.5274999999999999
disco_r32,0.32,5.1,0.5325
disco_r32,0.32,5.2,0.5409999999999998
disco_r32,0.32,5.3,0.5469999999999999
disco_r32,0.32,5.4,0.5525
disco_r32,0.32,5.5,0.5640000000000001
disco_r32,0.32,5.6,0.5695
disco_r32,0.32,5.7,0.5710000000000001
disco_r32,0.32,5.8,0.5785000000000001
disco_r32,0.32,5.9,0.5850000000000001
disco_r32,0.32,6.0,0.5900000000000001
disco_r32,0.32,6.1,0.5955
disco_r32,0.32,6.2,0.601
disco_r32,0.32,6.3,0.6060000000000001
disco_r32,0.32,6.4,0.6090000000000001
disco_r32,0.32,6.5,0.6160000000000001
disco_r32,0.32,6.6,0.6195
disco_r32,0.32,6.7,0.6234999999999999
disco_r32,0.32,6.8,0.627
disco_r32,0.32,6.9,0.635
disco_r32,0.32,7.0,0.6395000000000001
disco_r32,0.32,7.1,0.643
disco_r32,0.32,7.2,0.6485000000000001
disco_r32,0.32,7.3,0.6565
disco_r32,0.32,7.4,0.6615
disco_r32,0.32,7.5,0.6664999999999999
disco_r32,0.32,7.6,0.6719999999999999
disco_r32,0.32,7.7,0.6739999999999998
disco_r32,0.32,7.8,0.6775
disco_r32,0.32,7.9,0.6819999999999998
disco_r32,0.32,8.0,0.6844999999999999
disco_r32,0.32,8.1,0.6880000000000001
disco_r32,0.32,8.2,0.6945
disco_r32,0.32,8.3,0.6985000000000002
disco_r32,0.32,8.4,0.7005000000000001
disco_r32,0.32,8.5,0.7045
disco_r32,0.32,8.6,0.7095
disco_r32,0.32,8.7,0.7140000000000001
disco_r32,0.32,8.8,0.7175
disco_r32,0.32,8.9,0.7215
disco_r32,0.32,9.0,0.726
disco_r32,0.32,9.1,0.729
disco_r32,0.32,9.2,0.732
disco_r32,0.32,9.3,0.7344999999999999
disco_r32,0.32,9.4,0.7384999999999999
disco_r32,0.32,9.5,0.741
disco_r32,0.32,9.6,0.7469999999999999
disco_r32,0.32,9.7,0.7495
disco_r32,0.32,9.8,0.7545
disco_r32,0.32,9.9,0.757
disco_r32,0.32,10.0,0.7595
disco_r32,0.32,10.1,0.761
disco_r32,0.32,10.2,0.764
disco_r32,0.32,10.3,0.7665
disco_r32,0.32,10.4,0.7705
disco_r32,0.32,10.5,0.7725
disco_r32,0.32,10.6,0.7775000000000001
disco_r32,0.32,10.7,0.7795000000000001
disco_r32,0.32,10.8,0.7820000000000001
disco_r32,0.32,10.9,0.7855000000000001
disco_r32,0.32,11.0,0.7895000000000001
disco_r32,0.32,11.1,0.792
disco_r32,0.32,11.2,0.793
disco_r32,0.32,11.3,0.7955
disco_r32,0.32,11.4,0.7995
disco_r32,0.32,11.5,0.8015000000000001
disco_r32,0.32,11.6,0.8025
disco_r32,0.32,11.7,0.804
disco_r32,0.32,11.8,0.8065000000000001
disco_r32,0.32,11.9,0.8105
disco_r32,0.32,12.0,0.8150000000000001
disco_r32,0.32,12.1,0.8170000000000002
disco_r32,0.32,12.2,0.8200000000000001
disco_r32,0.32,12.3,0.8215
disco_r32,0.32,12.4,0.8230000000000001
disco_r32,0.32,12.5,0.825
disco_r32,0.32,12.6,0.8295
disco_r32,0.32,12.7,0.834
disco_r32,0.32,12.8,0.837
disco_r32,0.32,12.9,0.8384999999999998
disco_r32,0.32,13.0,0.8409999999999999
disco_r32,0.32,13.1,0.845
disco_r32,0.32,13.2,0.8480000000000001
disco_r32,0.32,13.3,0.85
disco_r32,0.32,13.4,0.853
disco_r32,0.32,13.5,0.8569999999999999
disco_r32,0.32,13.6,0.8584999999999999
disco_r32,0.32,13.7,0.8594999999999999
disco_r32,0.32,13.8,0.86
disco_r32,0.32,13.9,0.8615
disco_r32,0.32,14.0,0.8640000000000001
disco_r32,0.32,14.1,0.867
disco_r32,0.32,14.2,0.8700000000000001
disco_r32,0.32,14.3,0.8705
disco_r32,0.32,14.4,0.8720000000000001
disco_r32,0.32,14.5,0.8744999999999999
disco_r32,0.32,14.6,0.8765000000000001
disco_r32,0.32,14.7,0.8785000000000001
disco_r32,0.32,14.8,0.8790000000000001
disco_r32,0.32,14.9,0.8795
disco_r32,0.32,15.0,0.8820000000000002
disco_r32,0.32,15.1,0.8850000000000001
disco_r32,0.32,15.2,0.8870000000000001
disco_r32,0.32,15.3,0.8885000000000002
disco_r32,0.32,15.4,0.8905000000000001
disco_r32,0.32,15.5,0.8934999999999998
disco_r32,0.32,15.6,0.8944999999999999
disco_r32,0.32,15.7,0.8955
disco_r32,0.32,15.8,0.8965
disco_r32,0.32,15.9,0.8989999999999998
disco_r32,0.32,16.0,0.8999999999999998
disco_r32,0.32,16.1,0.9004999999999999
disco_r32,0.32,16.2,0.9004999999999999
disco_r32,0.32,16.3,0.9019999999999999
disco_r32,0.32,16.4,0.9035
disco_r32,0.32,16.5,0.9060000000000002
disco_r32,0.32,16.6,0.9085000000000001
disco_r32,0.32,16.7,0.9090000000000001
disco_r32,0.32,16.8,0.9100000000000001
disco_r32,0.32,16.9,0.9115
disco_r32,0.32,17.0,0.9135
disco_r32,0.32,17.1,0.9145
disco_r32,0.32,17.2,0.9164999999999999
disco_r32,0.32,17.3,0.9164999999999999
disco_r32,0.32,17.4,0.917
disco_r32,0.32,17.5,0.9195
disco_r32,0.32,17.6,0.9205
disco_r32,0.32,17.7,0.921
disco_r32,0.32,17.8,0.9225
disco_r32,0.32,17.9,0.9244999999999999
disco_r32,0.32,18.0,0.9259999999999998
disco_r32,0.32,18.1,0.9264999999999999
disco_r32,0.32,18.2,0.9274999999999999
disco_r32,0.32,18.3,0.9279999999999999
disco_r32,0.32,18.4,0.9295
disco_r32,0.32,18.5,0.9305
disco_r32,0.32,18.6,0.9305
disco_r32,0.32,18.7,0.9315000000000001
disco_r32,0.32,18.8,0.933
disco_r32,0.32,18.9,0.9355
disco_r32,0.32,19.0,0.9369999999999999
disco_r32,0.32,19.1,0.9369999999999999
disco_r32,0.32,19.2,0.9385
disco_r32,0.32,19.3,0.9404999999999999
disco_r32,0.32,19.4,0.9410000000000001
disco_r32,0.32,19.5,0.9414999999999999
disco_r32,0.32,19.6,0.9424999999999999
disco_r32,0.32,19.7,0.9434999999999999
disco_r32,0.32,19.8,0.9434999999999999
disco_r32,0.32,19.9,0.9434999999999999
disco_r32,0.32,20.0,0.944
disco_r32,0.32,20.1,0.9454999999999998
disco_r32,0.32,20.2,0.9454999999999998
disco_r32,0.32,20.3,0.9454999999999998
disco_r32,0.32,20.4,0.9469999999999998
disco_r32,0.32,20.5,0.9469999999999998
disco_r32,0.32,20.6,0.9474999999999998
disco_r32,0.32,20.7,0.9484999999999999
disco_r32,0.32,20.8,0.9484999999999999
disco_r32,0.32,20.9,0.9484999999999999
disco_r32,0.32,21.0,0.951
disco_r32,0.32,21.1,0.9514999999999999
disco_r32,0.32,21.2,0.952
disco_r32,0.32,21.3,0.953
disco_r32,0.32,21.4,0.9534999999999998
disco_r32,0.32,21.5,0.954
disco_r32,0.32,21.6,0.9549999999999998
disco_r32,0.32,21.7,0.9559999999999998
disco_r32,0.32,21.8,0.9559999999999998
disco_r32,0.32,21.9,0.9569999999999999
disco_r32,0.32,22.0,0.9569999999999999
disco_r32,0.32,22.1,0.9569999999999999
disco_r32,0.32,22.2,0.9579999999999999
disco_r32,0.32,22.3,0.9589999999999999
disco_r32,0.32,22.4,0.9594999999999997
disco_r32,0.32,22.5,0.9604999999999999
disco_r32,0.32,22.6,0.9615
disco_r32,0.32,22.7,0.9624999999999998
disco_r32,0.32,22.8,0.9629999999999999
disco_r32,0.32,22.9,0.9629999999999999
disco_r32,0.32,23.0,0.9629999999999999
disco_r32,0.32,23.1,0.9640000000000001
disco_r32,0.32,23.2,0.9649999999999999
disco_r32,0.32,23.3,0.9654999999999999
disco_r32,0.32,23.4,0.9654999999999999
disco_r32,0.32,23.5,0.966
disco_r32,0.32,23.6,0.966
disco_r32,0.32,23.7,0.966
disco_r32,0.32,23.8,0.966
disco_r32,0.32,23.9,0.9674999999999999
disco_r32,0.32,24.0,0.9679999999999997
disco_r32,0.32,24.1,0.9684999999999999
disco_r32,0.32,24.2,0.9689999999999998
disco_r32,0.32,24.3,0.97
disco_r32,0.32,24.4,0.97
disco_r32,0.32,24.5,0.9705
disco_r32,0.32,24.6,0.9710000000000001
disco_r32,0.32,24.7,0.9710000000000001
disco_r32,0.32,24.8,0.9710000000000001
disco_r32,0.32,24.9,0.9719999999999999
disco_r32,0.32,25.0,0.9724999999999999
disco_r32,0.32,25.1,0.9729999999999999
disco_r32,0.32,25.2,0.9734999999999998
disco_r32,0.32,25.3,0.9749999999999999
disco_r32,0.32,25.4,0.9759999999999998
disco_r32,0.32,25.5,0.9759999999999998
disco_r32,0.32,25.6,0.977
disco_r32,0.32,25.7,0.9775
disco_r32,0.32,25.8,0.9780000000000001
disco_r32,0.32,25.9,0.9780000000000001
disco_r32,0.32,26.0,0.9780000000000001
disco_r32,0.32,26.1,0.9780000000000001
disco_r32,0.32,26.2,0.9785
disco_r32,0.32,26.3,0.9790000000000001
disco_r32,0.32,26.4,0.9795000000000001
disco_r32,0.32,26.5,0.9795000000000001
disco_r32,0.32,26.6,0.9800000000000001
disco_r32,0.32,26.7,0.9805000000000001
disco_r32,0.32,26.8,0.9810000000000001
disco_r32,0.32,26.9,0.9810000000000001
disco_r32,0.32,27.0,0.9810000000000001
disco_r32,0.32,27.1,0.9810000000000001
disco_r32,0.32,27.2,0.9810000000000001
disco_r32,0.32,27.3,0.982
disco_r32,0.32,27.4,0.9825000000000002
disco_r32,0.32,27.5,0.9825000000000002
disco_r32,0.32,27.6,0.9825000000000002
disco_r32,0.32,27.7,0.9825000000000002
disco_r32,0.32,27.8,0.9825000000000002
disco_r32,0.32,27.9,0.9825000000000002
disco_r32,0.32,28.0,0.9835
disco_r32,0.32,28.1,0.9835
disco_r32,0.32,28.2,0.9835
disco_r32,0.32,28.3,0.9835
disco_r32,0.32,28.4,0.984
disco_r32,0.32,28.5,0.984
disco_r32,0.32,28.6,0.984
disco_r32,0.32,28.7,0.9845000000000003
disco_r32,0.32,28.8,0.9845000000000003
disco_r32,0.32,28.9,0.9845000000000003
disco_r32,0.32,29.0,0.9850000000000001
disco_r32,0.32,29.1,0.9850000000000001
disco_r32,0.32,29.2,0.9860000000000001
disco_r32,0.32,29.3,0.9865
disco_r32,0.32,29.4,0.9865
disco_r32,0.32,29.5,0.9865
disco_r32,0.32,29.6,0.9870000000000001
disco_r32,0.32,29.7,0.9870000000000001
disco_r32,0.32,29.8,0.9870000000000001
disco_r32,0.32,29.9,0.9870000000000001
disco_r32,0.32,30.0,0.9870000000000001
disco_r32,0.32,30.1,0.9880000000000001
disco_r32,0.32,30.2,0.9880000000000001
disco_r32,0.32,30.3,0.9880000000000001
disco_r32,0.32,30.4,0.9880000000000001
disco_r32,0.32,30.5,0.9880000000000001
disco_r32,0.32,30.6,0.9880000000000001
disco_r32,0.32,30.7,0.9880000000000001
disco_r32,0.32,30.8,0.9885000000000002
disco_r32,0.32,30.9,0.9885000000000002
disco_r32,0.32,31.0,0.9885000000000002
disco_r32,0.32,31.1,0.9885000000000002
disco_r32,0.32,31.2,0.9885000000000002
disco_r32,0.32,31.3,0.9885000000000002
disco_r32,0.32,31.4,0.9890000000000001
disco_r32,0.32,31.5,0.9890000000000001
disco_r32,0.32,31.6,0.9890000000000001
disco_r32,0.32,31.7,0.9890000000000001
disco_r32,0.32,31.8,0.9890000000000001
disco_r32,0.32,31.9,0.9890000000000001
disco_r32,0.32,32.0,0.9890000000000001
disco_r32,0.32,32.1,0.9890000000000001
disco_r32,0.32,32.2,0.9890000000000001
disco_r32,0.32,32.3,0.9894999999999999
disco_r32,0.32,32.4,0.9894999999999999
disco_r32,0.32,32.5,0.9894999999999999
disco_r32,0.32,32.6,0.99
disco_r32,0.32,32.7,0.99
disco_r32,0.32,32.8,0.9905000000000002
disco_r32,0.32,32.9,0.9905000000000002
disco_r32,0.32,33.0,0.9905000000000002
disco_r32,0.32,33.1,0.991
disco_r32,0.32,33.2,0.991
disco_r32,0.32,33.3,0.991
disco_r32,0.32,33.4,0.9920000000000002
disco_r32,0.32,33.5,0.9920000000000002
disco_r32,0.32,33.6,0.9925
disco_r32,0.32,33.7,0.9925
disco_r32,0.32,33.8,0.9925
disco_r32,0.32,33.9,0.993
disco_r32,0.32,34.0,0.993
disco_r32,0.32,34.1,0.993
disco_r32,0.32,34.2,0.993
disco_r32,0.32,34.3,0.9940000000000001
disco_r32,0.32,34.4,0.9940000000000001
disco_r32,0.32,34.5,0.9940000000000001
disco_r32,0.32,34.6,0.9940000000000001
disco_r32,0.32,34.7,0.9945
disco_r32,0.32,34.8,0.9949999999999999
disco_r32,0.32,34.9,0.9954999999999998
disco_r32,0.32,35.0,0.9954999999999998
disco_r32,0.32,35.1,0.9954999999999998
disco_r32,0.32,35.2,0.9959999999999999
disco_r32,0.32,35.3,0.9959999999999999
disco_r32,0.32,35.4,0.9959999999999999
disco_r32,0.32,35.5,0.9959999999999999
disco_r32,0.32,35.6,0.9959999999999999
disco_r32,0.32,35.7,0.9959999999999999
disco_r32,0.32,35.8,0.9959999999999999
disco_r32,0.32,35.9,0.9959999999999999
disco_r32,0.32,36.0,0.9959999999999999
disco_r32,0.32,36.1,0.9959999999999999
disco_r32,0.32,36.2,0.9959999999999999
disco_r32,0.32,36.3,0.9959999999999999
disco_r32,0.32,36.4,0.9959999999999999
disco_r32,0.32,36.5,0.9959999999999999
disco_r32,0.32,36.6,0.9959999999999999
disco_r32,0.32,36.7,0.9959999999999999
disco_r32,0.32,36.8,0.9959999999999999
disco_r32,0.32,36.9,0.9959999999999999
disco_r32,0.32,37.0,0.9959999999999999
disco_r32,0.32,37.1,0.9959999999999999
disco_r32,0.32,37.2,0.9959999999999999
disco_r32,0.32,37.3,0.9959999999999999
disco_r32,0.32,37.4,0.9959999999999999
disco_r32,0.32,37.5,0.9959999999999999
disco_r32,0.32,37.6,0.9959999999999999
disco_r32,0.32,37.7,0.9959999999999999
disco_r32,0.32,37.8,0.9959999999999999
disco_r32,0.32,37.9,0.9959999999999999
disco_r32,0.32,38.0,0.9959999999999999
disco_r32,0.32,38.1,0.9959999999999999
disco_r32,0.32,38.2,0.9959999999999999
disco_r32,0.32,38.3,0.9959999999999999
disco_r32,0.32,38.4,0.9959999999999999
disco_r32,0.32,38.5,0.9959999999999999
disco_r32,0.32,38.6,0.9959999999999999
disco_r32,0.32,38.7,0.9959999999999999
disco_r32,0.32,38.8,0.9959999999999999
disco_r32,0.32,38.9,0.9959999999999999
disco_r32,0.32,39.0,0.9959999999999999
disco_r32,0.32,39.1,0.9959999999999999
disco_r32,0.32,39.2,0.9964999999999999
disco_r32,0.32,39.3,0.9964999999999999
disco_r32,0.32,39.4,0.9964999999999999
disco_r32,0.32,39.5,0.9964999999999999
disco_r32,0.32,39.6,0.9964999999999999
disco_r32,0.32,39.7,0.9964999999999999
disco_r32,0.32,39.8,0.9964999999999999
disco_r32,0.32,39.9,0.9964999999999999
disco_r32,0.32,40.0,0.9964999999999999
disco_r32,0.32,40.1,0.9964999999999999
disco_r32,0.32,40.2,0.9964999999999999
disco_r32,0.32,40.3,0.9964999999999999
disco_r32,0.32,40.4,0.9964999999999999
disco_r32,0.32,40.5,0.9964999999999999
disco_r32,0.32,40.6,0.9964999999999999
disco_r32,0.32,40.7,0.9964999999999999
disco_r32,0.32,40.8,0.9964999999999999
disco_r32,0.32,40.9,0.9964999999999999
disco_r32,0.32,41.0,0.9969999999999999
disco_r32,0.32,41.1,0.9969999999999999
disco_r32,0.32,41.2,0.9969999999999999
disco_r32,0.32,41.3,0.9969999999999999
disco_r32,0.32,41.4,0.9969999999999999
disco_r32,0.32,41.5,0.9969999999999999
disco_r32,0.32,41.6,0.9969999999999999
disco_r32,0.32,41.7,0.9974999999999998
disco_r32,0.32,41.8,0.9974999999999998
disco_r32,0.32,41.9,0.9974999999999998
disco_r32,0.32,42.0,0.9974999999999998
disco_r32,0.32,42.1,0.9974999999999998
disco_r32,0.32,42.2,0.9974999999999998
disco_r32,0.32,42.3,0.9974999999999998
disco_r32,0.32,42.4,0.9979999999999999
disco_r32,0.32,42.5,0.9979999999999999
disco_r32,0.32,42.6,0.9979999999999999
disco_r32,0.32,42.7,0.9979999999999999
disco_r32,0.32,42.8,0.9979999999999999
disco_r32,0.32,42.9,0.9979999999999999
disco_r32,0.32,43.0,0.9979999999999999
disco_r32,0.32,43.1,0.9979999999999999
disco_r32,0.32,43.2,0.9979999999999999
disco_r32,0.32,43.3,0.9979999999999999
disco_r32,0.32,43.4,0.9979999999999999
disco_r32,0.32,43.5,0.9979999999999999
disco_r32,0.32,43.6,0.9979999999999999
disco_r32,0.32,43.7,0.9979999999999999
disco_r32,0.32,43.8,0.9979999999999999
disco_r32,0.32,43.9,0.9984999999999999
disco_r32,0.32,44.0,0.9984999999999999
disco_r32,0.32,44.1,0.9984999999999999
disco_r32,0.32,44.2,0.9984999999999999
disco_r32,0.32,44.3,0.9984999999999999
disco_r32,0.32,44.4,0.9984999999999999
disco_r32,0.32,44.5,0.9984999999999999
disco_r32,0.32,44.6,0.9984999999999999
disco_r32,0.32,44.7,0.9984999999999999
disco_r32,0.32,44.8,0.9984999999999999
disco_r32,0.32,44.9,0.9984999999999999
disco_r32,0.32,45.0,0.9984999999999999
disco_r32,0.32,45.1,0.9984999999999999
disco_r32,0.32,45.2,0.9984999999999999
disco_r32,0.32,45.3,0.9984999999999999
disco_r32,0.32,45.4,0.9984999999999999
disco_r32,0.32,45.5,0.9984999999999999
disco_r32,0.32,45.6,0.9984999999999999
disco_r32,0.32,45.7,0.9984999999999999
disco_r32,0.32,45.8,0.9984999999999999
disco_r32,0.32,45.9,0.9984999999999999
disco_r32,0.32,46.0,0.9984999999999999
disco_r32,0.32,46.1,0.9984999999999999
disco_r32,0.32,46.2,0.9984999999999999
disco_r32,0.32,46.3,0.9984999999999999
disco_r32,0.32,46.4,0.9984999999999999
disco_r32,0.32,46.5,0.9984999999999999
disco_r32,0.32,46.6,0.9984999999999999
disco_r32,0.32,46.7,0.9984999999999999
disco_r32,0.32,46.8,0.9984999999999999
disco_r32,0.32,46.9,0.9984999999999999
disco_r32,0.32,47.0,0.9984999999999999
disco_r32,0.32,47.1,0.9984999999999999
disco_r32,0.32,47.2,0.9984999999999999
disco_r32,0.32,47.3,0.9984999999999999
disco_r32,0.32,47.4,0.9984999999999999
disco_r32,0.32,47.5,0.9984999999999999
disco_r32,0.32,47.6,0.9984999999999999
disco_r32,0.32,47.7,0.9984999999999999
disco_r32,0.32,47.8,0.9984999999999999
disco_r32,0.32,47.9,0.9984999999999999
disco_r32,0.32,48.0,0.9984999999999999
disco_r32,0.32,48.1,0.9984999999999999
disco_r32,0.32,48.2,0.9984999999999999
disco_r32,0.32,48.3,0.9984999999999999
disco_r32,0.32,48.4,0.9984999999999999
disco_r32,0.32,48.5,0.9984999999999999
disco_r32,0.32,48.6,0.9984999999999999
disco_r32,0.32,48.7,0.9984999999999999
disco_r32,0.32,48.8,0.9984999999999999
disco_r32,0.32,48.9,0.9989999999999999
disco_r32,0.32,49.0,0.9989999999999999
disco_r32,0.32,49.1,0.9989999999999999
disco_r32,0.32,49.2,0.9989999999999999
disco_r32,0.32,49.3,0.9989999999999999
disco_r32,0.32,49.4,0.9989999999999999
disco_r32,0.32,49.5,0.9989999999999999
disco_r32,0.32,49.6,0.9989999999999999
disco_r32,0.32,49.7,0.9989999999999999
disco_r32,0.32,49.8,0.9989999999999999
disco_r32,0.32,49.9,0.9989999999999999
disco_r32,0.32,50.0,0.9989999999999999
disco_r32,0.32,50.1,0.9989999999999999
disco_r32,0.32,50.2,0.9989999999999999
disco_r32,0.32,50.3,0.9989999999999999
disco_r32,0.32,50.4,0.9989999999999999
disco_r32,0.32,50.5,0.9989999999999999
disco_r32,0.32,50.6,0.9989999999999999
disco_r32,0.32,50.7,0.9989999999999999
disco_r32,0.32,50.8,0.9989999999999999
disco_r32,0.32,50.9,0.9989999999999999
disco_r32,0.32,51.0,0.9989999999999999
disco_r32,0.32,51.1,0.9989999999999999
disco_r32,0.32,51.2,0.9989999999999999
disco_r32,0.32,51.3,0.9989999999999999
disco_r32,0.32,51.4,0.9989999999999999
disco_r32,0.32,51.5,0.9989999999999999
disco_r32,0.32,51.6,0.9989999999999999
disco_r32,0.32,51.7,0.9989999999999999
disco_r32,0.32,51.8,0.9989999999999999
disco_r32,0.32,51.9,0.9989999999999999
disco_r32,0.32,52.0,0.9989999999999999
disco_r32,0.32,52.1,0.9989999999999999
disco_r32,0.32,52.2,0.9989999999999999
disco_r32,0.32,52.3,0.9989999999999999
disco_r32,0.32,52.4,0.9989999999999999
disco_r32,0.32,52.5,0.9989999999999999
disco_r32,0.32,52.6,0.9989999999999999
disco_r32,0.32,52.7,0.9989999999999999
disco_r32,0.32,52.8,0.9989999999999999
disco_r32,0.32,52.9,0.9989999999999999
disco_r32,0.32,53.0,0.9989999999999999
disco_r32,0.32,53.1,0.9989999999999999
disco_r32,0.32,53.2,0.9989999999999999
disco_r32,0.32,53.3,0.9989999999999999
disco_r32,0.32,53.4,0.9989999999999999
disco_r32,0.32,53.5,0.9989999999999999
disco_r32,0.32,53.6,0.9989999999999999
disco_r32,0.32,53.7,0.9989999999999999
disco_r32,0.32,53.8,0.9989999999999999
disco_r32,0.32,53.9,0.9989999999999999
disco_r32,0.32,54.0,0.9989999999999999
disco_r32,0.32,54.1,0.9989999999999999
disco_r32,0.32,54.2,0.9989999999999999
disco_r32,0.32,54.3,0.9989999999999999
disco_r32,0.32,54.4,0.9989999999999999
disco_r32,0.32,54.5,0.9989999999999999
disco_r32,0.32,54.6,0.9989999999999999
disco_r32,0.32,54.7,0.9989999999999999
disco_r32,0.32,54.8,0.9989999999999999
disco_r32,0.32,54.9,0.9989999999999999
disco_r32,0.32,55.0,0.9989999999999999
disco_r32,0.32,55.1,0.9989999999999999
disco_r32,0.32,55.2,0.9989999999999999
disco_r32,0.32,55.3,0.9989999999999999
disco_r32,0.32,55.4,0.9989999999999999
disco_r32,0.32,55.5,0.9989999999999999
disco_r32,0.32,55.6,0.9989999999999999
disco_r32,0.32,55.7,0.9989999999999999
disco_r32,0.32,55.8,0.9989999999999999
disco_r32,0.32,55.9,0.9989999999999999
disco_r32,0.32,56.0,0.9989999999999999
disco_r32,0.32,56.1,0.9989999999999999
disco_r32,0.32,56.2,0.9989999999999999
disco_r32,0.32,56.3,0.9989999999999999
disco_r32,0.32,56.4,0.9989999999999999
disco_r32,0.32,56.5,0.9989999999999999
disco_r32,0.32,56.6,0.9989999999999999
disco_r32,0.32,56.7,0.9989999999999999
disco_r32,0.32,56.8,0.9989999999999999
disco_r32,0.32,56.9,0.9989999999999999
disco_r32,0.32,57.0,0.9989999999999999
disco_r32,0.32,57.1,0.9989999999999999
disco_r32,0.32,57.2,0.9989999999999999
disco_r32,0.32,57.3,0.9989999999999999
disco_r32,0.32,57.4,0.9989999999999999
disco_r32,0.32,57.5,0.9989999999999999
disco_r32,0.32,57.6,0.9989999999999999
disco_r32,0.32,57.7,0.9989999999999999
disco_r32,0.32,57.8,0.9989999999999999
disco_r32,0.32,57.9,0.9989999999999999
disco_r32,0.32,58.0,0.9989999999999999
disco_r32,0.32,58.1,0.9989999999999999
disco_r32,0.32,58.2,0.9989999999999999
disco_r32,0.32,58.3,0.9989999999999999
disco_r32,0.32,58.4,0.9989999999999999
disco_r32,0.32,58.5,0.9989999999999999
disco_r32,0.32,58.6,0.9989999999999999
disco_r32,0.32,58.7,0.9989999999999999
disco_r32,0.32,58.8,0.9989999999999999
disco_r32,0.32,58.9,0.9989999999999999
disco_r32,0.32,59.0,0.9989999999999999
disco_r32,0.32,59.1,0.9989999999999999
disco_r32,0.32,59.2,0.9989999999999999
disco_r32,0.32,59.3,0.9989999999999999
disco_r32,0.32,59.4,0.9989999999999999
disco_r32,0.32,59.5,0.9989999999999999
disco_r32,0.32,59.6,0.9989999999999999
disco_r32,0.32,59.7,0.9989999999999999
disco_r32,0.32,59.8,0.9989999999999999
disco_r32,0.32,59.9,0.9989999999999999
disco_r32,0.32,60.0,0.9989999999999999
disco_r34,0.34,0.0,0.0
disco_r34,0.34,0.1,0.03600000000000001
disco_r34,0.34,0.2,0.06450000000000003
disco_r34,0.34,0.3,0.08000000000000003
disco_r34,0.34,0.4,0.10100000000000005
disco_r34,0.34,0.5,0.11750000000000002
disco_r34,0.34,0.6,0.1355
disco_r34,0.34,0.7,0.14650000000000002
disco_r34,0.34,0.8,0.1595
disco_r34,0.34,0.9,0.1735
disco_r34,0.34,1.0,0.183
disco_r34,0.34,1.1,0.19550000000000006
disco_r34,0.34,1.2,0.211
disco_r34,0.34,1.3,0.22349999999999998
disco_r34,0.34,1.4,0.23200000000000004
disco_r34,0.34,1.5,0.24600000000000005
disco_r34,0.34,1.6,0.258
disco_r34,0.34,1.7,0.2655
disco_r34,0.34,1.8,0.274
disco_r34,0.34,1.9,0.2834999999999999
disco_r34,0.34,2.0,0.294
disco_r34,0.34,2.1,0.3015
disco_r34,0.34,2.2,0.31199999999999994
disco_r34,0.34,2.3,0.32100000000000006
disco_r34,0.34,2.4,0.3315
disco_r34,0.34,2.5,0.3395
disco_r34,0.34,2.6,0.352
disco_r34,0.34,2.7,0.365
disco_r34,0.34,2.8,0.3725
disco_r34,0.34,2.9,0.38100000000000006
disco_r34,0.34,3.0,0.3895
disco_r34,0.34,3.1,0.4005000000000001
disco_r34,0.34,3.2,0.41050000000000003
disco_r34,0.34,3.3,0.41950000000000004
disco_r34,0.34,3.4,0.42350000000000004
disco_r34,0.34,3.5,0.4295000000000001
disco_r34,0.34,3.6,0.43899999999999995
disco_r34,0.34,3.7,0.446
disco_r34,0.34,3.8,0.45450000000000007
disco_r34,0.34,3.9,0.4665000000000001
disco_r34,0.34,4.0,0.4750000000000001
disco_r34,0.34,4.1,0.48050000000000004
disco_r34,0.34,4.2,0.49000000000000005
disco_r34,0.34,4.3,0.4955
disco_r34,0.34,4.4,0.504
disco_r34,0.34,4.5,0.5105000000000001
disco_r34,0.34,4.6,0.5165
disco_r34,0.34,4.7,0.5205
disco_r34,0.34,4.8,0.5295
disco_r34,0.34,4.9,0.5345000000000001
disco_r34,0.34,5.0,0.5415
disco_r34,0.34,5.1,0.5475000000000001
disco_r34,0.34,5.2,0.551
disco_r34,0.34,5.3,0.5575000000000002
disco_r34,0.34,5.4,0.5645000000000001
disco_r34,0.34,5.5,0.5730000000000001
disco_r34,0.34,5.6,0.5790000000000001
disco_r34,0.34,5.7,0.5860000000000001
disco_r34,0.34,5.8,0.5915
disco_r34,0.34,5.9,0.598
disco_r34,0.34,6.0,0.6014999999999999
disco_r34,0.34,6.1,0.6064999999999999
disco_r34,0.34,6.2,0.614
disco_r34,0.34,6.3,0.6214999999999999
disco_r34,0.34,6.4,0.6275
disco_r34,0.34,6.5,0.632
disco_r34,0.34,6.6,0.638
disco_r34,0.34,6.7,0.6435
disco_r34,0.34,6.8,0.6475000000000001
disco_r34,0.34,6.9,0.6525000000000001
disco_r34,0.34,7.0,0.657
disco_r34,0.34,7.1,0.6649999999999999
disco_r34,0.34,7.2,0.6685
disco_r34,0.34,7.3,0.6729999999999999
disco_r34,0.34,7.4,0.6775
disco_r34,0.34,7.5,0.6815
disco_r34,0.34,7.6,0.6854999999999999
disco_r34,0.34,7.7,0.6910000000000001
disco_r34,0.34,7.8,0.695
disco_r34,0.34,7.9,0.7
disco_r34,0.34,8.0,0.704
disco_r34,0.34,8.1,0.7104999999999999
disco_r34,0.34,8.2,0.7139999999999999
disco_r34,0.34,8.3,0.717
disco_r34,0.34,8.4,0.7219999999999999
disco_r34,0.34,8.5,0.7274999999999999
disco_r34,0.34,8.6,0.7314999999999998
disco_r34,0.34,8.7,0.7344999999999999
disco_r34,0.34,8.8,0.7390000000000001
disco_r34,0.34,8.9,0.7420000000000002
disco_r34,0.34,9.0,0.7464999999999999
disco_r34,0.34,9.1,0.7489999999999999
disco_r34,0.34,9.2,0.7535
disco_r34,0.34,9.3,0.7575000000000001
disco_r34,0.34,9.4,0.7615000000000001
disco_r34,0.34,9.5,0.7645
disco_r34,0.34,9.6,0.7674999999999998
disco_r34,0.34,9.7,0.772
disco_r34,0.34,9.8,0.776
disco_r34,0.34,9.9,0.7779999999999999
disco_r34,0.34,10.0,0.779
disco_r34,0.34,10.1,0.784
disco_r34,0.34,10.2,0.788
disco_r34,0.34,10.3,0.7925
disco_r34,0.34,10.4,0.7965
disco_r34,0.34,10.5,0.7985
disco_r34,0.34,10.6,0.8009999999999999
disco_r34,0.34,10.7,0.805
disco_r34,0.34,10.8,0.807
disco_r34,0.34,10.9,0.8115
disco_r34,0.34,11.0,0.8135
disco_r34,0.34,11.1,0.8165000000000001
disco_r34,0.34,11.2,0.8200000000000001
disco_r34,0.34,11.3,0.8215000000000001
disco_r34,0.34,11.4,0.8234999999999999
disco_r34,0.34,11.5,0.8285000000000002
disco_r34,0.34,11.6,0.8300000000000003
disco_r34,0.34,11.7,0.8325000000000001
disco_r34,0.34,11.8,0.8360000000000001
disco_r34,0.34,11.9,0.8405000000000001
disco_r34,0.34,12.0,0.8420000000000002
disco_r34,0.34,12.1,0.8440000000000001
disco_r34,0.34,12.2,0.8475000000000001
disco_r34,0.34,12.3,0.8485000000000001
disco_r34,0.34,12.4,0.8515000000000003
disco_r34,0.34,12.5,0.8540000000000001
disco_r34,0.34,12.6,0.8554999999999999
disco_r34,0.34,12.7,0.858
disco_r34,0.34,12.8,0.8604999999999998
disco_r34,0.34,12.9,0.8620000000000001
disco_r34,0.34,13.0,0.8625
disco_r34,0.34,13.1,0.8634999999999999
disco_r34,0.34,13.2,0.867
disco_r34,0.34,13.3,0.8684999999999998
disco_r34,0.34,13.4,0.8694999999999998
disco_r34,0.34,13.5,0.8709999999999999
disco_r34,0.34,13.6,0.8719999999999999
disco_r34,0.34,13.7,0.8734999999999997
disco_r34,0.34,13.8,0.8744999999999997
disco_r34,0.34,13.9,0.8754999999999997
disco_r34,0.34,14.0,0.8759999999999998
disco_r34,0.34,14.1,0.8774999999999998
disco_r34,0.34,14.2,0.8785000000000001
disco_r34,0.34,14.3,0.8800000000000001
disco_r34,0.34,14.4,0.883
disco_r34,0.34,14.5,0.8855000000000001
disco_r34,0.34,14.6,0.8870000000000001
disco_r34,0.34,14.7,0.8885000000000002
disco_r34,0.34,14.8,0.8905000000000001
disco_r34,0.34,14.9,0.893
disco_r34,0.34,15.0,0.8935000000000001
disco_r34,0.34,15.1,0.8940000000000001
disco_r34,0.34,15.2,0.8950000000000001
disco_r34,0.34,15.3,0.8965000000000002
disco_r34,0.34,15.4,0.8980000000000002
disco_r34,0.34,15.5,0.899
disco_r34,0.34,15.6,0.9005000000000001
disco_r34,0.34,15.7,0.9025000000000001
disco_r34,0.34,15.8,0.9040000000000001
disco_r34,0.34,15.9,0.905
disco_r34,0.34,16.0,0.9075000000000001
disco_r34,0.34,16.1,0.9095000000000001
disco_r34,0.34,16.2,0.9115
disco_r34,0.34,16.3,0.9125
disco_r34,0.34,16.4,0.9135
disco_r34,0.34,16.5,0.9135
disco_r34,0.34,16.6,0.914
disco_r34,0.34,16.7,0.915
disco_r34,0.34,16.8,0.9155
disco_r34,0.34,16.9,0.916
disco_r34,0.34,17.0,0.9165000000000001
disco_r34,0.34,17.1,0.9179999999999999
disco_r34,0.34,17.2,0.9189999999999999
disco_r34,0.34,17.3,0.9200000000000002
disco_r34,0.34,17.4,0.9205000000000002
disco_r34,0.34,17.5,0.922
disco_r34,0.34,17.6,0.9235
disco_r34,0.34,17.7,0.925
disco_r34,0.34,17.8,0.9264999999999999
disco_r34,0.34,17.9,0.9274999999999999
disco_r34,0.34,18.0,0.9285
disco_r34,0.34,18.1,0.9299999999999999
disco_r34,0.34,18.2,0.932
disco_r34,0.34,18.3,0.932
disco_r34,0.34,18.4,0.9345000000000001
disco_r34,0.34,18.5,0.9345000000000001
disco_r34,0.34,18.6,0.9349999999999999
disco_r34,0.34,18.7,0.937
disco_r34,0.34,18.8,0.9385
disco_r34,0.34,18.9,0.9385
disco_r34,0.34,19.0,0.9385
disco_r34,0.34,19.1,0.9390000000000001
disco_r34,0.34,19.2,0.9410000000000001
disco_r34,0.34,19.3,0.9410000000000001
disco_r34,0.34,19.4,0.9414999999999999
disco_r34,0.34,19.5,0.9425000000000001
disco_r34,0.34,19.6,0.943
disco_r34,0.34,19.7,0.943
disco_r34,0.34,19.8,0.944
disco_r34,0.34,19.9,0.9445
disco_r34,0.34,20.0,0.9450000000000001
disco_r34,0.34,20.1,0.9475000000000003
disco_r34,0.34,20.2,0.9485000000000003
disco_r34,0.34,20.3,0.9495000000000002
disco_r34,0.34,20.4,0.9505000000000002
disco_r34,0.34,20.5,0.9515000000000002
disco_r34,0.34,20.6,0.9515000000000002
disco_r34,0.34,20.7,0.9525000000000002
disco_r34,0.34,20.8,0.9530000000000001
disco_r34,0.34,20.9,0.9550000000000003
disco_r34,0.34,21.0,0.9550000000000003
disco_r34,0.34,21.1,0.9555000000000003
disco_r34,0.34,21.2,0.9570000000000002
disco_r34,0.34,21.3,0.9575000000000001
disco_r34,0.34,21.4,0.9575000000000001
disco_r34,0.34,21.5,0.958
disco_r34,0.34,21.6,0.9585000000000001
disco_r34,0.34,21.7,0.9585000000000001
disco_r34,0.34,21.8,0.9590000000000002
disco_r34,0.34,21.9,0.9600000000000002
disco_r34,0.34,22.0,0.9610000000000001
disco_r34,0.34,22.1,0.9610000000000001
disco_r34,0.34,22.2,0.962
disco_r34,0.34,22.3,0.962
disco_r34,0.34,22.4,0.9625
disco_r34,0.34,22.5,0.9629999999999999
disco_r34,0.34,22.6,0.9629999999999999
disco_r34,0.34,22.7,0.9629999999999999
disco_r34,0.34,22.8,0.9639999999999999
disco_r34,0.34,22.9,0.9639999999999999
disco_r34,0.34,23.0,0.9639999999999999
disco_r34,0.34,23.1,0.9644999999999998
disco_r34,0.34,23.2,0.9649999999999999
disco_r34,0.34,23.3,0.9654999999999999
disco_r34,0.34,23.4,0.9654999999999999
disco_r34,0.34,23.5,0.9659999999999999
disco_r34,0.34,23.6,0.9659999999999999
disco_r34,0.34,23.7,0.9664999999999999
disco_r34,0.34,23.8,0.9664999999999999
disco_r34,0.34,23.9,0.967
disco_r34,0.34,24.0,0.967
disco_r34,0.34,24.1,0.967
disco_r34,0.34,24.2,0.967
disco_r34,0.34,24.3,0.9685
disco_r34,0.34,24.4,0.9695
disco_r34,0.34,24.5,0.9695
disco_r34,0.34,24.6,0.9700000000000001
disco_r34,0.34,24.7,0.9700000000000001
disco_r34,0.34,24.8,0.9700000000000001
disco_r34,0.34,24.9,0.9710000000000001
disco_r34,0.34,25.0,0.9720000000000001
disco_r34,0.34,25.1,0.9730000000000001
disco_r34,0.34,25.2,0.9730000000000001
disco_r34,0.34,25.3,0.9744999999999999
disco_r34,0.34,25.4,0.9744999999999999
disco_r34,0.34,25.5,0.9749999999999999
disco_r34,0.34,25.6,0.9749999999999999
disco_r34,0.34,25.7,0.9749999999999999
disco_r34,0.34,25.8,0.9749999999999999
disco_r34,0.34,25.9,0.9754999999999999
disco_r34,0.34,26.0,0.9764999999999999
disco_r34,0.34,26.1,0.9769999999999998
disco_r34,0.34,26.2,0.9774999999999998
disco_r34,0.34,26.3,0.9774999999999998
disco_r34,0.34,26.4,0.9774999999999998
disco_r34,0.34,26.5,0.9774999999999998
disco_r34,0.34,26.6,0.9774999999999998
disco_r34,0.34,26.7,0.9774999999999998
disco_r34,0.34,26.8,0.9774999999999998
disco_r34,0.34,26.9,0.978
disco_r34,0.34,27.0,0.978
disco_r34,0.34,27.1,0.978
disco_r34,0.34,27.2,0.9785
disco_r34,0.34,27.3,0.9785
disco_r34,0.34,27.4,0.9789999999999999
disco_r34,0.34,27.5,0.9789999999999999
disco_r34,0.34,27.6,0.9794999999999998
disco_r34,0.34,27.7,0.9794999999999998
disco_r34,0.34,27.8,0.9794999999999998
disco_r34,0.34,27.9,0.9799999999999999
disco_r34,0.34,28.0,0.9799999999999999
disco_r34,0.34,28.1,0.9804999999999999
disco_r34,0.34,28.2,0.9804999999999999
disco_r34,0.34,28.3,0.9814999999999999
disco_r34,0.34,28.4,0.9825000000000002
disco_r34,0.34,28.5,0.984
disco_r34,0.34,28.6,0.984
disco_r34,0.34,28.7,0.9844999999999999
disco_r34,0.34,28.8,0.9844999999999999
disco_r34,0.34,28.9,0.985
disco_r34,0.34,29.0,0.9854999999999998
disco_r34,0.34,29.1,0.986
disco_r34,0.34,29.2,0.9865
disco_r34,0.34,29.3,0.9865
disco_r34,0.34,29.4,0.9865
disco_r34,0.34,29.5,0.9865
disco_r34,0.34,29.6,0.9870000000000001
disco_r34,0.34,29.7,0.9870000000000001
disco_r34,0.34,29.8,0.9870000000000001
disco_r34,0.34,29.9,0.9875
disco_r34,0.34,30.0,0.9875
disco_r34,0.34,30.1,0.9875
disco_r34,0.34,30.2,0.9875
disco_r34,0.34,30.3,0.9875
disco_r34,0.34,30.4,0.9875
disco_r34,0.34,30.5,0.9879999999999999
disco_r34,0.34,30.6,0.9879999999999999
disco_r34,0.34,30.7,0.9890000000000001
disco_r34,0.34,30.8,0.9890000000000001
disco_r34,0.34,30.9,0.9894999999999999
disco_r34,0.34,31.0,0.9899999999999999
disco_r34,0.34,31.1,0.9904999999999999
disco_r34,0.34,31.2,0.9904999999999999
disco_r34,0.34,31.3,0.9904999999999999
disco_r34,0.34,31.4,0.9904999999999999
disco_r34,0.34,31.5,0.9904999999999999
disco_r34,0.34,31.6,0.9904999999999999
disco_r34,0.34,31.7,0.991
disco_r34,0.34,31.8,0.991
disco_r34,0.34,31.9,0.991
disco_r34,0.34,32.0,0.991
disco_r34,0.34,32.1,0.991
disco_r34,0.34,32.2,0.991
disco_r34,0.34,32.3,0.991
disco_r34,0.34,32.4,0.991
disco_r34,0.34,32.5,0.991
disco_r34,0.34,32.6,0.991
disco_r34,0.34,32.7,0.991
disco_r34,0.34,32.8,0.9914999999999999
disco_r34,0.34,32.9,0.9919999999999998
disco_r34,0.34,33.0,0.9924999999999999
disco_r34,0.34,33.1,0.9924999999999999
disco_r34,0.34,33.2,0.9924999999999999
disco_r34,0.34,33.3,0.9924999999999999
disco_r34,0.34,33.4,0.9924999999999999
disco_r34,0.34,33.5,0.9924999999999999
disco_r34,0.34,33.6,0.9924999999999999
disco_r34,0.34,33.7,0.9924999999999999
disco_r34,0.34,33.8,0.9924999999999999
disco_r34,0.34,33.9,0.993
disco_r34,0.34,34.0,0.993
disco_r34,0.34,34.1,0.993
disco_r34,0.34,34.2,0.9935
disco_r34,0.34,34.3,0.994
disco_r34,0.34,34.4,0.994
disco_r34,0.34,34.5,0.994
disco_r34,0.34,34.6,0.9945
disco_r34,0.34,34.7,0.9945
disco_r34,0.34,34.8,0.9945
disco_r34,0.34,34.9,0.9945
disco_r34,0.34,35.0,0.9945
disco_r34,0.34,35.1,0.9950000000000001
disco_r34,0.34,35.2,0.9950000000000001
disco_r34,0.34,35.3,0.9950000000000001
disco_r34,0.34,35.4,0.9950000000000001
disco_r34,0.34,35.5,0.9950000000000001
disco_r34,0.34,35.6,0.9950000000000001
disco_r34,0.34,35.7,0.9950000000000001
disco_r34,0.34,35.8,0.9950000000000001
disco_r34,0.34,35.9,0.9950000000000001
disco_r34,0.34,36.0,0.9950000000000001
disco_r34,0.34,36.1,0.9950000000000001
disco_r34,0.34,36.2,0.9950000000000001
disco_r34,0.34,36.3,0.9950000000000001
disco_r34,0.34,36.4,0.9950000000000001
disco_r34,0.34,36.5,0.9950000000000001
disco_r34,0.34,36.6,0.9950000000000001
disco_r34,0.34,36.7,0.9950000000000001
disco_r34,0.34,36.8,0.9950000000000001
disco_r34,0.34,36.9,0.9950000000000001
disco_r34,0.34,37.0,0.9950000000000001
disco_r34,0.34,37.1,0.9955
disco_r34,0.34,37.2,0.9955
disco_r34,0.34,37.3,0.9955
disco_r34,0.34,37.4,0.9955
disco_r34,0.34,37.5,0.9955
disco_r34,0.34,37.6,0.9955
disco_r34,0.34,37.7,0.9955
disco_r34,0.34,37.8,0.9955
disco_r34,0.34,37.9,0.9955
disco_r34,0.34,38.0,0.9964999999999999
disco_r34,0.34,38.1,0.9964999999999999
disco_r34,0.34,38.2,0.9964999999999999
disco_r34,0.34,38.3,0.9964999999999999
disco_r34,0.34,38.4,0.9964999999999999
disco_r34,0.34,38.5,0.9964999999999999
disco_r34,0.34,38.6,0.9964999999999999
disco_r34,0.34,38.7,0.9964999999999999
disco_r34,0.34,38.8,0.9964999999999999
disco_r34,0.34,38.9,0.9964999999999999
disco_r34,0.34,39.0,0.9964999999999999
disco_r34,0.34,39.1,0.9964999999999999
disco_r34,0.34,39.2,0.9964999999999999
disco_r34,0.34,39.3,0.9964999999999999
disco_r34,0.34,39.4,0.9964999999999999
disco_r34,0.34,39.5,0.9964999999999999
disco_r34,0.34,39.6,0.9964999999999999
disco_r34,0.34,39.7,0.9964999999999999
disco_r34,0.34,39.8,0.9964999999999999
disco_r34,0.34,39.9,0.9964999999999999
disco_r34,0.34,40.0,0.9964999999999999
disco_r34,0.34,40.1,0.9964999999999999
disco_r34,0.34,40.2,0.9964999999999999
disco_r34,0.34,40.3,0.9970000000000001
disco_r34,0.34,40.4,0.9970000000000001
disco_r34,0.34,40.5,0.9970000000000001
disco_r34,0.34,40.6,0.9970000000000001
disco_r34,0.34,40.7,0.9975000000000002
disco_r34,0.34,40.8,0.9975000000000002
disco_r34,0.34,40.9,0.9975000000000002
disco_r34,0.34,41.0,0.9975000000000002
disco_r34,0.34,41.1,0.9975000000000002
disco_r34,0.34,41.2,0.9975000000000002
disco_r34,0.34,41.3,0.9975000000000002
disco_r34,0.34,41.4,0.9975000000000002
disco_r34,0.34,41.5,0.9975000000000002
disco_r34,0.34,41.6,0.9975000000000002
disco_r34,0.34,41.7,0.9975000000000002
disco_r34,0.34,41.8,0.9975000000000002
disco_r34,0.34,41.9,0.9975000000000002
disco_r34,0.34,42.0,0.9975000000000002
disco_r34,0.34,42.1,0.9975000000000002
disco_r34,0.34,42.2,0.9975000000000002
disco_r34,0.34,42.3,0.9975000000000002
disco_r34,0.34,42.4,0.9975000000000002
disco_r34,0.34,42.5,0.9975000000000002
disco_r34,0.34,42.6,0.9975000000000002
disco_r34,0.34,42.7,0.9975000000000002
disco_r34,0.34,42.8,0.9975000000000002
disco_r34,0.34,42.9,0.9975000000000002
disco_r34,0.34,43.0,0.9975000000000002
disco_r34,0.34,43.1,0.9975000000000002
disco_r34,0.34,43.2,0.9975000000000002
disco_r34,0.34,43.3,0.9975000000000002
disco_r34,0.34,43.4,0.9975000000000002
disco_r34,0.34,43.5,0.9975000000000002
disco_r34,0.34,43.6,0.9975000000000002
disco_r34,0.34,43.7,0.9975000000000002
disco_r34,0.34,43.8,0.9975000000000002
disco_r34,0.34,43.9,0.9975000000000002
disco_r34,0.34,44.0,0.9975000000000002
disco_r34,0.34,44.1,0.9975000000000002
disco_r34,0.34,44.2,0.9975000000000002
disco_r34,0.34,44.3,0.9975000000000002
disco_r34,0.34,44.4,0.9975000000000002
disco_r34,0.34,44.5,0.9975000000000002
disco_r34,0.34,44.6,0.9975000000000002
disco_r34,0.34,44.7,0.9975000000000002
disco_r34,0.34,44.8,0.9975000000000002
disco_r34,0.34,44.9,0.9975000000000002
disco_r34,0.34,45.0,0.9975000000000002
disco_r34,0.34,45.1,0.9975000000000002
disco_r34,0.34,45.2,0.9975000000000002
disco_r34,0.34,45.3,0.9975000000000002
disco_r34,0.34,45.4,0.9975000000000002
disco_r34,0.34,45.5,0.9975000000000002
disco_r34,0.34,45.6,0.9975000000000002
disco_r34,0.34,45.7,0.9975000000000002
disco_r34,0.34,45.8,0.9975000000000002
disco_r34,0.34,45.9,0.9975000000000002
disco_r34,0.34,46.0,0.9975000000000002
disco_r34,0.34,46.1,0.9975000000000002
disco_r34,0.34,46.2,0.9975000000000002
disco_r34,0.34,46.3,0.9975000000000002
disco_r34,0.34,46.4,0.9975000000000002
disco_r34,0.34,46.5,0.9975000000000002
disco_r34,0.34,46.6,0.9975000000000002
disco_r34,0.34,46.7,0.9975000000000002
disco_r34,0.34,46.8,0.9975000000000002
disco_r34,0.34,46.9,0.9975000000000002
disco_r34,0.34,47.0,0.9975000000000002
disco_r34,0.34,47.1,0.9975000000000002
disco_r34,0.34,47.2,0.9975000000000002
disco_r34,0.34,47.3,0.9975000000000002
disco_r34,0.34,47.4,0.9975000000000002
disco_r34,0.34,47.5,0.9975000000000002
disco_r34,0.34,47.6,0.998
disco_r34,0.34,47.7,0.998
disco_r34,0.34,47.8,0.998
disco_r34,0.34,47.9,0.998
disco_r34,0.34,48.0,0.998
disco_r34,0.34,48.1,0.998
disco_r34,0.34,48.2,0.998
disco_r34,0.34,48.3,0.998
disco_r34,0.34,48.4,0.998
disco_r34,0.34,48.5,0.998
disco_r34,0.34,48.6,0.998
disco_r34,0.34,48.7,0.998
disco_r34,0.34,48.8,0.998
disco_r34,0.34,48.9,0.998
disco_r34,0.34,49.0,0.9984999999999999
disco_r34,0.34,49.1,0.9984999999999999
disco_r34,0.34,49.2,0.9984999999999999
disco_r34,0.34,49.3,0.9984999999999999
disco_r34,0.34,49.4,0.9984999999999999
disco_r34,0.34,49.5,0.9984999999999999
disco_r34,0.34,49.6,0.9984999999999999
disco_r34,0.34,49.7,0.9984999999999999
disco_r34,0.34,49.8,0.999
disco_r34,0.34,49.9,0.999
disco_r34,0.34,50.0,0.9995
disco_r34,0.34,50.1,0.9995
disco_r34,0.34,50.2,0.9995
disco_r34,0.34,50.3,0.9995
disco_r34,0.34,50.4,0.9995
disco_r34,0.34,50.5,0.9995
disco_r34,0.34,50.6,0.9995
disco_r34,0.34,50.7,0.9995
disco_r34,0.34,50.8,0.9995
disco_r34,0.34,50.9,0.9995
disco_r34,0.34,51.0,0.9995
disco_r34,0.34,51.1,0.9995
disco_r34,0.34,51.2,0.9995
disco_r34,0.34,51.3,0.9995
disco_r34,0.34,51.4,0.9995
disco_r34,0.34,51.5,0.9995
disco_r34,0.34,51.6,0.9995
disco_r34,0.34,51.7,0.9995
disco_r34,0.34,51.8,0.9995
disco_r34,0.34,51.9,0.9995
disco_r34,0.34,52.0,0.9995
disco_r34,0.34,52.1,0.9995
disco_r34,0.34,52.2,0.9995
disco_r34,0.34,52.3,0.9995
disco_r34,0.34,52.4,0.9995
disco_r34,0.34,52.5,0.9995
disco_r34,0.34,52.6,0.9995
disco_r34,0.34,52.7,0.9995
disco_r34,0.34,52.8,0.9995
disco_r34,0.34,52.9,0.9995
disco_r34,0.34,53.0,0.9995
disco_r34,0.34,53.1,0.9995
disco_r34,0.34,53.2,0.9995
disco_r34,0.34,53.3,0.9995
disco_r34,0.34,53.4,0.9995
disco_r34,0.34,53.5,0.9995
disco_r34,0.34,53.6,0.9995
disco_r34,0.34,53.7,0.9995
disco_r34,0.34,53.8,0.9995
disco_r34,0.34,53.9,0.9995
disco_r34,0.34,54.0,0.9995
disco_r34,0.34,54.1,0.9995
disco_r34,0.34,54.2,0.9995
disco_r34,0.34,54.3,0.9995
disco_r34,0.34,54.4,0.9995
disco_r34,0.34,54.5,0.9995
disco_r34,0.34,54.6,0.9995
disco_r34,0.34,54.7,0.9995
disco_r34,0.34,54.8,0.9995
disco_r34,0.34,54.9,0.9995
disco_r34,0.34,55.0,0.9995
disco_r34,0.34,55.1,0.9995
disco_r34,0.34,55.2,0.9995
disco_r34,0.34,55.3,0.9995
disco_r34,0.34,55.4,0.9995
disco_r34,0.34,55.5,0.9995
disco_r34,0.34,55.6,0.9995
disco_r34,0.34,55.7,0.9995
disco_r34,0.34,55.8,0.9995
disco_r34,0.34,55.9,0.9995
disco_r34,0.34,56.0,0.9995
disco_r34,0.34,56.1,0.9995
disco_r34,0.34,56.2,0.9995
disco_r34,0.34,56.3,0.9995
disco_r34,0.34,56.4,0.9995
disco_r34,0.34,56.5,0.9995
disco_r34,0.34,56.6,0.9995
disco_r34,0.34,56.7,0.9995
disco_r34,0.34,56.8,0.9995
disco_r34,0.34,56.9,0.9995
disco_r34,0.34,57.0,0.9995
disco_r34,0.34,57.1,0.9995
disco_r34,0.34,57.2,0.9995
disco_r34,0.34,57.3,0.9995
disco_r34,0.34,57.4,0.9995
disco_r34,0.34,57.5,0.9995
disco_r34,0.34,57.6,0.9995
disco_r34,0.34,57.7,0.9995
disco_r34,0.34,57.8,0.9995
disco_r34,0.34,57.9,0.9995
disco_r34,0.34,58.0,0.9995
disco_r34,0.34,58.1,0.9995
disco_r34,0.34,58.2,0.9995
disco_r34,0.34,58.3,0.9995
disco_r34,0.34,58.4,0.9995
disco_r34,0.34,58.5,0.9995
disco_r34,0.34,58.6,0.9995
disco_r34,0.34,58.7,1.0
disco_r34,0.34,58.8,1.0
disco_r34,0.34,58.9,1.0
disco_r34,0.34,59.0,1.0
disco_r34,0.34,59.1,1.0
disco_r34,0.34,59.2,1.0
disco_r34,0.34,59.3,1.0
disco_r34,0.34,59.4,1.0
disco_r34,0.34,59.5,1.0
disco_r34,0.34,59.6,1.0
disco_r34,0.34,59.7,1.0
disco_r34,0.34,59.8,1.0
disco_r34,0.34,59.9,1.0
disco_r34,0.34,60.0,1.0
