seed,boundary,method,N,L,M,rc,repetition,time_ns,neighbor_pairs,distance_evaluations
16399716826494454783,periodic,brute_force,500,20,1,1,1,2178125,1992,124750
16399716826494454783,periodic,cim,500,20,2,1,1,2191750,1992,124750
16399716826494454783,periodic,cim,500,20,3,1,1,1986750,1992,124750
16399716826494454783,periodic,cim,500,20,4,1,1,1223875,1992,70172
16399716826494454783,periodic,cim,500,20,5,1,1,806500,1992,44854
16399716826494454783,periodic,cim,500,20,6,1,1,623667,1992,31123
16399716826494454783,periodic,cim,500,20,7,1,1,543334,1992,22734
16399716826494454783,periodic,cim,500,20,8,1,1,403916,1992,17360
16399716826494454783,periodic,cim,500,20,9,1,1,337250,1992,13719
16399716826494454783,periodic,cim,500,20,10,1,1,302708,1992,11078
16399716826494454783,periodic,cim,500,20,11,1,1,268666,1992,9112
16399716826494454783,periodic,cim,500,20,12,1,1,260458,1992,7631
16399716826494454783,periodic,cim,500,20,13,1,1,253333,1992,6489
8843542742392525341,periodic,brute_force,500,20,1,1,2,2209167,2012,124750
8843542742392525341,periodic,cim,500,20,2,1,2,2004417,2012,124750
8843542742392525341,periodic,cim,500,20,3,1,2,2094708,2012,124750
8843542742392525341,periodic,cim,500,20,4,1,2,1204959,2012,70176
8843542742392525341,periodic,cim,500,20,5,1,2,822375,2012,44941
8843542742392525341,periodic,cim,500,20,6,1,2,652958,2012,31053
8843542742392525341,periodic,cim,500,20,7,1,2,513167,2012,22852
8843542742392525341,periodic,cim,500,20,8,1,2,398792,2012,17402
8843542742392525341,periodic,cim,500,20,9,1,2,366625,2012,13719
8843542742392525341,periodic,cim,500,20,10,1,2,330500,2012,11103
8843542742392525341,periodic,cim,500,20,11,1,2,279125,2012,9127
8843542742392525341,periodic,cim,500,20,12,1,2,259875,2012,7615
8843542742392525341,periodic,cim,500,20,13,1,2,242541,2012,6502
7508591676506446450,periodic,brute_force,500,20,1,1,3,2140291,2039,124750
7508591676506446450,periodic,cim,500,20,2,1,3,2083625,2039,124750
7508591676506446450,periodic,cim,500,20,3,1,3,2024625,2039,124750
7508591676506446450,periodic,cim,500,20,4,1,3,1222459,2039,70219
7508591676506446450,periodic,cim,500,20,5,1,3,831459,2039,44871
7508591676506446450,periodic,cim,500,20,6,1,3,603417,2039,31151
7508591676506446450,periodic,cim,500,20,7,1,3,506208,2039,22906
7508591676506446450,periodic,cim,500,20,8,1,3,423958,2039,17525
7508591676506446450,periodic,cim,500,20,9,1,3,345000,2039,13874
7508591676506446450,periodic,cim,500,20,10,1,3,324916,2039,11155
7508591676506446450,periodic,cim,500,20,11,1,3,270875,2039,9214
7508591676506446450,periodic,cim,500,20,12,1,3,271291,2039,7680
7508591676506446450,periodic,cim,500,20,13,1,3,252334,2039,6550
8906751165676579396,periodic,brute_force,500,20,1,1,4,2110000,2035,124750
8906751165676579396,periodic,cim,500,20,2,1,4,2037083,2035,124750
8906751165676579396,periodic,cim,500,20,3,1,4,2025750,2035,124750
8906751165676579396,periodic,cim,500,20,4,1,4,1216166,2035,70117
8906751165676579396,periodic,cim,500,20,5,1,4,837958,2035,44911
8906751165676579396,periodic,cim,500,20,6,1,4,617042,2035,31131
8906751165676579396,periodic,cim,500,20,7,1,4,489500,2035,22777
8906751165676579396,periodic,cim,500,20,8,1,4,428750,2035,17401
8906751165676579396,periodic,cim,500,20,9,1,4,371250,2035,13708
8906751165676579396,periodic,cim,500,20,10,1,4,299666,2035,11082
8906751165676579396,periodic,cim,500,20,11,1,4,292292,2035,9139
8906751165676579396,periodic,cim,500,20,12,1,4,317584,2035,7669
8906751165676579396,periodic,cim,500,20,13,1,4,239000,2035,6513
15997646166070851285,periodic,brute_force,500,20,1,1,5,2097875,2020,124750
15997646166070851285,periodic,cim,500,20,2,1,5,2016125,2020,124750
15997646166070851285,periodic,cim,500,20,3,1,5,2019041,2020,124750
15997646166070851285,periodic,cim,500,20,4,1,5,1205541,2020,70066
15997646166070851285,periodic,cim,500,20,5,1,5,819542,2020,44840
15997646166070851285,periodic,cim,500,20,6,1,5,626958,2020,31090
15997646166070851285,periodic,cim,500,20,7,1,5,494000,2020,22800
15997646166070851285,periodic,cim,500,20,8,1,5,429208,2020,17425
15997646166070851285,periodic,cim,500,20,9,1,5,344209,2020,13702
15997646166070851285,periodic,cim,500,20,10,1,5,305083,2020,11043
15997646166070851285,periodic,cim,500,20,11,1,5,273916,2020,9076
15997646166070851285,periodic,cim,500,20,12,1,5,249792,2020,7608
15997646166070851285,periodic,cim,500,20,13,1,5,239375,2020,6423
7095934733442234772,periodic,brute_force,500,20,1,1,6,2114083,1997,124750
7095934733442234772,periodic,cim,500,20,2,1,6,2032791,1997,124750
7095934733442234772,periodic,cim,500,20,3,1,6,2192625,1997,124750
7095934733442234772,periodic,cim,500,20,4,1,6,1186459,1997,70084
7095934733442234772,periodic,cim,500,20,5,1,6,814333,1997,44754
7095934733442234772,periodic,cim,500,20,6,1,6,609166,1997,31042
7095934733442234772,periodic,cim,500,20,7,1,6,537292,1997,22796
7095934733442234772,periodic,cim,500,20,8,1,6,411458,1997,17417
7095934733442234772,periodic,cim,500,20,9,1,6,347125,1997,13716
7095934733442234772,periodic,cim,500,20,10,1,6,315125,1997,11031
7095934733442234772,periodic,cim,500,20,11,1,6,271500,1997,9112
7095934733442234772,periodic,cim,500,20,12,1,6,269416,1997,7622
7095934733442234772,periodic,cim,500,20,13,1,6,232667,1997,6448
17141945712046261536,periodic,brute_force,500,20,1,1,7,2147916,1978,124750
17141945712046261536,periodic,cim,500,20,2,1,7,2000625,1978,124750
17141945712046261536,periodic,cim,500,20,3,1,7,1982583,1978,124750
17141945712046261536,periodic,cim,500,20,4,1,7,1173875,1978,70025
17141945712046261536,periodic,cim,500,20,5,1,7,819416,1978,44808
17141945712046261536,periodic,cim,500,20,6,1,7,618708,1978,30990
17141945712046261536,periodic,cim,500,20,7,1,7,493625,1978,22763
17141945712046261536,periodic,cim,500,20,8,1,7,397667,1978,17400
17141945712046261536,periodic,cim,500,20,9,1,7,353541,1978,13710
17141945712046261536,periodic,cim,500,20,10,1,7,308792,1978,11038
17141945712046261536,periodic,cim,500,20,11,1,7,275875,1978,9104
17141945712046261536,periodic,cim,500,20,12,1,7,260000,1978,7621
17141945712046261536,periodic,cim,500,20,13,1,7,241458,1978,6484
16252953251613191498,periodic,brute_force,500,20,1,1,8,2167833,2006,124750
16252953251613191498,periodic,cim,500,20,2,1,8,2024875,2006,124750
16252953251613191498,periodic,cim,500,20,3,1,8,2025167,2006,124750
16252953251613191498,periodic,cim,500,20,4,1,8,1255917,2006,70174
16252953251613191498,periodic,cim,500,20,5,1,8,917042,2006,44870
16252953251613191498,periodic,cim,500,20,6,1,8,630041,2006,31151
16252953251613191498,periodic,cim,500,20,7,1,8,497541,2006,22833
16252953251613191498,periodic,cim,500,20,8,1,8,396042,2006,17467
16252953251613191498,periodic,cim,500,20,9,1,8,340375,2006,13766
16252953251613191498,periodic,cim,500,20,10,1,8,300083,2006,11118
16252953251613191498,periodic,cim,500,20,11,1,8,275250,2006,9149
16252953251613191498,periodic,cim,500,20,12,1,8,256375,2006,7675
16252953251613191498,periodic,cim,500,20,13,1,8,235167,2006,6511
8443287397174831896,periodic,brute_force,500,20,1,1,9,2218333,2003,124750
8443287397174831896,periodic,cim,500,20,2,1,9,2158584,2003,124750
8443287397174831896,periodic,cim,500,20,3,1,9,2008833,2003,124750
8443287397174831896,periodic,cim,500,20,4,1,9,1203417,2003,70126
8443287397174831896,periodic,cim,500,20,5,1,9,827209,2003,44798
8443287397174831896,periodic,cim,500,20,6,1,9,634541,2003,31047
8443287397174831896,periodic,cim,500,20,7,1,9,485916,2003,22776
8443287397174831896,periodic,cim,500,20,8,1,9,399291,2003,17396
8443287397174831896,periodic,cim,500,20,9,1,9,350750,2003,13720
8443287397174831896,periodic,cim,500,20,10,1,9,361125,2003,11096
8443287397174831896,periodic,cim,500,20,11,1,9,283000,2003,9125
8443287397174831896,periodic,cim,500,20,12,1,9,266500,2003,7670
8443287397174831896,periodic,cim,500,20,13,1,9,237666,2003,6510
13231102049763725131,periodic,brute_force,500,20,1,1,10,2106542,1986,124750
13231102049763725131,periodic,cim,500,20,2,1,10,2059708,1986,124750
13231102049763725131,periodic,cim,500,20,3,1,10,1981292,1986,124750
13231102049763725131,periodic,cim,500,20,4,1,10,1224917,1986,70047
13231102049763725131,periodic,cim,500,20,5,1,10,803833,1986,44780
13231102049763725131,periodic,cim,500,20,6,1,10,643333,1986,30935
13231102049763725131,periodic,cim,500,20,7,1,10,521083,1986,22740
13231102049763725131,periodic,cim,500,20,8,1,10,411958,1986,17327
13231102049763725131,periodic,cim,500,20,9,1,10,378625,1986,13705
13231102049763725131,periodic,cim,500,20,10,1,10,296333,1986,11020
13231102049763725131,periodic,cim,500,20,11,1,10,274541,1986,9099
13231102049763725131,periodic,cim,500,20,12,1,10,251291,1986,7640
13231102049763725131,periodic,cim,500,20,13,1,10,245000,1986,6495
16501476215919782894,periodic,brute_force,500,20,1,1,11,2105750,2028,124750
16501476215919782894,periodic,cim,500,20,2,1,11,2019292,2028,124750
16501476215919782894,periodic,cim,500,20,3,1,11,2009500,2028,124750
16501476215919782894,periodic,cim,500,20,4,1,11,1259042,2028,70075
16501476215919782894,periodic,cim,500,20,5,1,11,805042,2028,44711
16501476215919782894,periodic,cim,500,20,6,1,11,601458,2028,31050
16501476215919782894,periodic,cim,500,20,7,1,11,489167,2028,22771
16501476215919782894,periodic,cim,500,20,8,1,11,394875,2028,17416
16501476215919782894,periodic,cim,500,20,9,1,11,343125,2028,13712
16501476215919782894,periodic,cim,500,20,10,1,11,302250,2028,11115
16501476215919782894,periodic,cim,500,20,11,1,11,269458,2028,9094
16501476215919782894,periodic,cim,500,20,12,1,11,254041,2028,7614
16501476215919782894,periodic,cim,500,20,13,1,11,234791,2028,6485
17316061562493539863,periodic,brute_force,500,20,1,1,12,2057542,2036,124750
17316061562493539863,periodic,cim,500,20,2,1,12,2032291,2036,124750
17316061562493539863,periodic,cim,500,20,3,1,12,2166792,2036,124750
17316061562493539863,periodic,cim,500,20,4,1,12,1184250,2036,70045
17316061562493539863,periodic,cim,500,20,5,1,12,828833,2036,44740
17316061562493539863,periodic,cim,500,20,6,1,12,608667,2036,31062
17316061562493539863,periodic,cim,500,20,7,1,12,489666,2036,22768
17316061562493539863,periodic,cim,500,20,8,1,12,393750,2036,17418
17316061562493539863,periodic,cim,500,20,9,1,12,368541,2036,13694
17316061562493539863,periodic,cim,500,20,10,1,12,305458,2036,11031
17316061562493539863,periodic,cim,500,20,11,1,12,283333,2036,9108
17316061562493539863,periodic,cim,500,20,12,1,12,256583,2036,7659
17316061562493539863,periodic,cim,500,20,13,1,12,253958,2036,6502
5536438479519564404,periodic,brute_force,500,20,1,1,13,2137000,2010,124750
5536438479519564404,periodic,cim,500,20,2,1,13,2047208,2010,124750
5536438479519564404,periodic,cim,500,20,3,1,13,2031417,2010,124750
5536438479519564404,periodic,cim,500,20,4,1,13,1219125,2010,70087
5536438479519564404,periodic,cim,500,20,5,1,13,810083,2010,44743
5536438479519564404,periodic,cim,500,20,6,1,13,614333,2010,31043
5536438479519564404,periodic,cim,500,20,7,1,13,480625,2010,22784
5536438479519564404,periodic,cim,500,20,8,1,13,410750,2010,17382
5536438479519564404,periodic,cim,500,20,9,1,13,355333,2010,13689
5536438479519564404,periodic,cim,500,20,10,1,13,311333,2010,11036
5536438479519564404,periodic,cim,500,20,11,1,13,269833,2010,9078
5536438479519564404,periodic,cim,500,20,12,1,13,259250,2010,7589
5536438479519564404,periodic,cim,500,20,13,1,13,238416,2010,6470
15902791059353593415,periodic,brute_force,500,20,1,1,14,2093958,2039,124750
15902791059353593415,periodic,cim,500,20,2,1,14,2053584,2039,124750
15902791059353593415,periodic,cim,500,20,3,1,14,1984750,2039,124750
15902791059353593415,periodic,cim,500,20,4,1,14,1205042,2039,70115
15902791059353593415,periodic,cim,500,20,5,1,14,863084,2039,44743
15902791059353593415,periodic,cim,500,20,6,1,14,630709,2039,31009
15902791059353593415,periodic,cim,500,20,7,1,14,494041,2039,22759
15902791059353593415,periodic,cim,500,20,8,1,14,416084,2039,17446
15902791059353593415,periodic,cim,500,20,9,1,14,343792,2039,13701
15902791059353593415,periodic,cim,500,20,10,1,14,319458,2039,11003
15902791059353593415,periodic,cim,500,20,11,1,14,278667,2039,9122
15902791059353593415,periodic,cim,500,20,12,1,14,251333,2039,7646
15902791059353593415,periodic,cim,500,20,13,1,14,240875,2039,6470
6820176104694336813,periodic,brute_force,500,20,1,1,15,2115541,1999,124750
6820176104694336813,periodic,cim,500,20,2,1,15,2086209,1999,124750
6820176104694336813,periodic,cim,500,20,3,1,15,2032250,1999,124750
6820176104694336813,periodic,cim,500,20,4,1,15,1197000,1999,70026
6820176104694336813,periodic,cim,500,20,5,1,15,818500,1999,44787
6820176104694336813,periodic,cim,500,20,6,1,15,625667,1999,30985
6820176104694336813,periodic,cim,500,20,7,1,15,476500,1999,22749
6820176104694336813,periodic,cim,500,20,8,1,15,400834,1999,17393
6820176104694336813,periodic,cim,500,20,9,1,15,339375,1999,13662
6820176104694336813,periodic,cim,500,20,10,1,15,322625,1999,11040
6820176104694336813,periodic,cim,500,20,11,1,15,281834,1999,9108
6820176104694336813,periodic,cim,500,20,12,1,15,253750,1999,7615
6820176104694336813,periodic,cim,500,20,13,1,15,241833,1999,6480
17419974056852050479,periodic,brute_force,500,20,1,1,16,2105875,2025,124750
17419974056852050479,periodic,cim,500,20,2,1,16,2072916,2025,124750
17419974056852050479,periodic,cim,500,20,3,1,16,2027875,2025,124750
17419974056852050479,periodic,cim,500,20,4,1,16,1195625,2025,70109
17419974056852050479,periodic,cim,500,20,5,1,16,855875,2025,44813
17419974056852050479,periodic,cim,500,20,6,1,16,610167,2025,31043
17419974056852050479,periodic,cim,500,20,7,1,16,504666,2025,22814
17419974056852050479,periodic,cim,500,20,8,1,16,398709,2025,17421
17419974056852050479,periodic,cim,500,20,9,1,16,360416,2025,13750
17419974056852050479,periodic,cim,500,20,10,1,16,357250,2025,11120
17419974056852050479,periodic,cim,500,20,11,1,16,288500,2025,9172
17419974056852050479,periodic,cim,500,20,12,1,16,285791,2025,7678
17419974056852050479,periodic,cim,500,20,13,1,16,238875,2025,6521
3056279740276984274,periodic,brute_force,500,20,1,1,17,2107250,2001,124750
3056279740276984274,periodic,cim,500,20,2,1,17,2040750,2001,124750
3056279740276984274,periodic,cim,500,20,3,1,17,2084542,2001,124750
3056279740276984274,periodic,cim,500,20,4,1,17,1264250,2001,70094
3056279740276984274,periodic,cim,500,20,5,1,17,819375,2001,44757
3056279740276984274,periodic,cim,500,20,6,1,17,656875,2001,31021
3056279740276984274,periodic,cim,500,20,7,1,17,487500,2001,22707
3056279740276984274,periodic,cim,500,20,8,1,17,413542,2001,17349
3056279740276984274,periodic,cim,500,20,9,1,17,336041,2001,13656
3056279740276984274,periodic,cim,500,20,10,1,17,303208,2001,11007
3056279740276984274,periodic,cim,500,20,11,1,17,274625,2001,9119
3056279740276984274,periodic,cim,500,20,12,1,17,270459,2001,7639
3056279740276984274,periodic,cim,500,20,13,1,17,239792,2001,6459
7227878528345634406,periodic,brute_force,500,20,1,1,18,2109541,2021,124750
7227878528345634406,periodic,cim,500,20,2,1,18,2077416,2021,124750
7227878528345634406,periodic,cim,500,20,3,1,18,1985667,2021,124750
7227878528345634406,periodic,cim,500,20,4,1,18,1196084,2021,70121
7227878528345634406,periodic,cim,500,20,5,1,18,842125,2021,44880
7227878528345634406,periodic,cim,500,20,6,1,18,677583,2021,31061
7227878528345634406,periodic,cim,500,20,7,1,18,534750,2021,22816
7227878528345634406,periodic,cim,500,20,8,1,18,404500,2021,17475
7227878528345634406,periodic,cim,500,20,9,1,18,340958,2021,13760
7227878528345634406,periodic,cim,500,20,10,1,18,304834,2021,11067
7227878528345634406,periodic,cim,500,20,11,1,18,275042,2021,9132
7227878528345634406,periodic,cim,500,20,12,1,18,249125,2021,7622
7227878528345634406,periodic,cim,500,20,13,1,18,235209,2021,6504
17195285008654990053,periodic,brute_force,500,20,1,1,19,2152375,2001,124750
17195285008654990053,periodic,cim,500,20,2,1,19,2021166,2001,124750
17195285008654990053,periodic,cim,500,20,3,1,19,2052791,2001,124750
17195285008654990053,periodic,cim,500,20,4,1,19,1260500,2001,70106
17195285008654990053,periodic,cim,500,20,5,1,19,825042,2001,44769
17195285008654990053,periodic,cim,500,20,6,1,19,612958,2001,31047
17195285008654990053,periodic,cim,500,20,7,1,19,483125,2001,22747
17195285008654990053,periodic,cim,500,20,8,1,19,424625,2001,17423
17195285008654990053,periodic,cim,500,20,9,1,19,335708,2001,13685
17195285008654990053,periodic,cim,500,20,10,1,19,299084,2001,11054
17195285008654990053,periodic,cim,500,20,11,1,19,289333,2001,9176
17195285008654990053,periodic,cim,500,20,12,1,19,256292,2001,7633
17195285008654990053,periodic,cim,500,20,13,1,19,234750,2001,6486
16464714177909442853,periodic,brute_force,500,20,1,1,20,2069458,1998,124750
16464714177909442853,periodic,cim,500,20,2,1,20,2040917,1998,124750
16464714177909442853,periodic,cim,500,20,3,1,20,2116417,1998,124750
16464714177909442853,periodic,cim,500,20,4,1,20,1219792,1998,70085
16464714177909442853,periodic,cim,500,20,5,1,20,819334,1998,44796
16464714177909442853,periodic,cim,500,20,6,1,20,619250,1998,31075
16464714177909442853,periodic,cim,500,20,7,1,20,503125,1998,22750
16464714177909442853,periodic,cim,500,20,8,1,20,403417,1998,17368
16464714177909442853,periodic,cim,500,20,9,1,20,338917,1998,13692
16464714177909442853,periodic,cim,500,20,10,1,20,319375,1998,11071
16464714177909442853,periodic,cim,500,20,11,1,20,280958,1998,9103
16464714177909442853,periodic,cim,500,20,12,1,20,251833,1998,7627
16464714177909442853,periodic,cim,500,20,13,1,20,243334,1998,6461
11625756870749028784,periodic,brute_force,500,20,1,1,21,2146084,2033,124750
11625756870749028784,periodic,cim,500,20,2,1,21,2023584,2033,124750
11625756870749028784,periodic,cim,500,20,3,1,21,2017875,2033,124750
11625756870749028784,periodic,cim,500,20,4,1,21,1184000,2033,70036
11625756870749028784,periodic,cim,500,20,5,1,21,809958,2033,44766
11625756870749028784,periodic,cim,500,20,6,1,21,621458,2033,31050
11625756870749028784,periodic,cim,500,20,7,1,21,515209,2033,22750
11625756870749028784,periodic,cim,500,20,8,1,21,400000,2033,17393
11625756870749028784,periodic,cim,500,20,9,1,21,350708,2033,13774
11625756870749028784,periodic,cim,500,20,10,1,21,298834,2033,11061
11625756870749028784,periodic,cim,500,20,11,1,21,279333,2033,9176
11625756870749028784,periodic,cim,500,20,12,1,21,250666,2033,7641
11625756870749028784,periodic,cim,500,20,13,1,21,256250,2033,6505
936713427494351532,periodic,brute_force,500,20,1,1,22,2107959,2008,124750
936713427494351532,periodic,cim,500,20,2,1,22,2038708,2008,124750
936713427494351532,periodic,cim,500,20,3,1,22,2091209,2008,124750
936713427494351532,periodic,cim,500,20,4,1,22,1223375,2008,70061
936713427494351532,periodic,cim,500,20,5,1,22,836500,2008,44829
936713427494351532,periodic,cim,500,20,6,1,22,650792,2008,31079
936713427494351532,periodic,cim,500,20,7,1,22,510542,2008,22701
936713427494351532,periodic,cim,500,20,8,1,22,408125,2008,17371
936713427494351532,periodic,cim,500,20,9,1,22,350375,2008,13683
936713427494351532,periodic,cim,500,20,10,1,22,297208,2008,11051
936713427494351532,periodic,cim,500,20,11,1,22,269208,2008,9080
936713427494351532,periodic,cim,500,20,12,1,22,251209,2008,7653
936713427494351532,periodic,cim,500,20,13,1,22,236959,2008,6469
17756266318547797208,periodic,brute_force,500,20,1,1,23,2141917,2041,124750
17756266318547797208,periodic,cim,500,20,2,1,23,2047167,2041,124750
17756266318547797208,periodic,cim,500,20,3,1,23,2021209,2041,124750
17756266318547797208,periodic,cim,500,20,4,1,23,1200541,2041,70066
17756266318547797208,periodic,cim,500,20,5,1,23,857250,2041,44724
17756266318547797208,periodic,cim,500,20,6,1,23,648000,2041,31016
17756266318547797208,periodic,cim,500,20,7,1,23,494666,2041,22758
17756266318547797208,periodic,cim,500,20,8,1,23,406292,2041,17401
17756266318547797208,periodic,cim,500,20,9,1,23,347792,2041,13680
17756266318547797208,periodic,cim,500,20,10,1,23,310083,2041,11091
17756266318547797208,periodic,cim,500,20,11,1,23,278833,2041,9144
17756266318547797208,periodic,cim,500,20,12,1,23,254375,2041,7635
17756266318547797208,periodic,cim,500,20,13,1,23,241250,2041,6519
3252455285421182898,periodic,brute_force,500,20,1,1,24,2069125,2031,124750
3252455285421182898,periodic,cim,500,20,2,1,24,2055291,2031,124750
3252455285421182898,periodic,cim,500,20,3,1,24,2081542,2031,124750
3252455285421182898,periodic,cim,500,20,4,1,24,1202292,2031,70077
3252455285421182898,periodic,cim,500,20,5,1,24,825208,2031,44736
3252455285421182898,periodic,cim,500,20,6,1,24,624500,2031,31068
3252455285421182898,periodic,cim,500,20,7,1,24,498458,2031,22739
3252455285421182898,periodic,cim,500,20,8,1,24,396375,2031,17345
3252455285421182898,periodic,cim,500,20,9,1,24,336042,2031,13702
3252455285421182898,periodic,cim,500,20,10,1,24,300625,2031,11088
3252455285421182898,periodic,cim,500,20,11,1,24,276625,2031,9125
3252455285421182898,periodic,cim,500,20,12,1,24,279166,2031,7629
3252455285421182898,periodic,cim,500,20,13,1,24,273417,2031,6435
13503091091542808561,periodic,brute_force,500,20,1,1,25,2065083,2014,124750
13503091091542808561,periodic,cim,500,20,2,1,25,2054041,2014,124750
13503091091542808561,periodic,cim,500,20,3,1,25,2098750,2014,124750
13503091091542808561,periodic,cim,500,20,4,1,25,1207917,2014,70101
13503091091542808561,periodic,cim,500,20,5,1,25,819417,2014,44718
13503091091542808561,periodic,cim,500,20,6,1,25,618416,2014,31067
13503091091542808561,periodic,cim,500,20,7,1,25,501333,2014,22734
13503091091542808561,periodic,cim,500,20,8,1,25,414375,2014,17350
13503091091542808561,periodic,cim,500,20,9,1,25,346834,2014,13706
13503091091542808561,periodic,cim,500,20,10,1,25,318125,2014,11086
13503091091542808561,periodic,cim,500,20,11,1,25,270292,2014,9157
13503091091542808561,periodic,cim,500,20,12,1,25,265042,2014,7634
13503091091542808561,periodic,cim,500,20,13,1,25,244750,2014,6511
3748514670025257780,periodic,brute_force,500,20,1,1,26,2095333,2024,124750
3748514670025257780,periodic,cim,500,20,2,1,26,2147875,2024,124750
3748514670025257780,periodic,cim,500,20,3,1,26,2023417,2024,124750
3748514670025257780,periodic,cim,500,20,4,1,26,1212292,2024,70131
3748514670025257780,periodic,cim,500,20,5,1,26,807834,2024,44865
3748514670025257780,periodic,cim,500,20,6,1,26,626459,2024,31103
3748514670025257780,periodic,cim,500,20,7,1,26,488042,2024,22827
3748514670025257780,periodic,cim,500,20,8,1,26,401167,2024,17411
3748514670025257780,periodic,cim,500,20,9,1,26,358333,2024,13746
3748514670025257780,periodic,cim,500,20,10,1,26,322541,2024,11109
3748514670025257780,periodic,cim,500,20,11,1,26,272125,2024,9148
3748514670025257780,periodic,cim,500,20,12,1,26,250584,2024,7643
3748514670025257780,periodic,cim,500,20,13,1,26,235583,2024,6500
5511354038140814618,periodic,brute_force,500,20,1,1,27,2278416,2047,124750
5511354038140814618,periodic,cim,500,20,2,1,27,2046542,2047,124750
5511354038140814618,periodic,cim,500,20,3,1,27,2006792,2047,124750
5511354038140814618,periodic,cim,500,20,4,1,27,1203416,2047,70138
5511354038140814618,periodic,cim,500,20,5,1,27,968500,2047,44743
5511354038140814618,periodic,cim,500,20,6,1,27,621458,2047,31076
5511354038140814618,periodic,cim,500,20,7,1,27,478125,2047,22784
5511354038140814618,periodic,cim,500,20,8,1,27,396042,2047,17374
5511354038140814618,periodic,cim,500,20,9,1,27,338167,2047,13700
5511354038140814618,periodic,cim,500,20,10,1,27,302500,2047,11080
5511354038140814618,periodic,cim,500,20,11,1,27,299333,2047,9143
5511354038140814618,periodic,cim,500,20,12,1,27,322375,2047,7658
5511354038140814618,periodic,cim,500,20,13,1,27,245208,2047,6528
13586909470126468137,periodic,brute_force,500,20,1,1,28,2110125,2016,124750
13586909470126468137,periodic,cim,500,20,2,1,28,2101417,2016,124750
13586909470126468137,periodic,cim,500,20,3,1,28,2041125,2016,124750
13586909470126468137,periodic,cim,500,20,4,1,28,1208250,2016,70091
13586909470126468137,periodic,cim,500,20,5,1,28,821333,2016,44876
13586909470126468137,periodic,cim,500,20,6,1,28,627625,2016,31095
13586909470126468137,periodic,cim,500,20,7,1,28,502167,2016,22833
13586909470126468137,periodic,cim,500,20,8,1,28,417417,2016,17441
13586909470126468137,periodic,cim,500,20,9,1,28,362291,2016,13745
13586909470126468137,periodic,cim,500,20,10,1,28,311125,2016,11141
13586909470126468137,periodic,cim,500,20,11,1,28,278500,2016,9120
13586909470126468137,periodic,cim,500,20,12,1,28,267084,2016,7655
13586909470126468137,periodic,cim,500,20,13,1,28,251041,2016,6559
6533003163229226449,periodic,brute_force,500,20,1,1,29,2090583,2038,124750
6533003163229226449,periodic,cim,500,20,2,1,29,2080709,2038,124750
6533003163229226449,periodic,cim,500,20,3,1,29,2012959,2038,124750
6533003163229226449,periodic,cim,500,20,4,1,29,1197250,2038,70100
6533003163229226449,periodic,cim,500,20,5,1,29,845833,2038,44767
6533003163229226449,periodic,cim,500,20,6,1,29,614083,2038,31041
6533003163229226449,periodic,cim,500,20,7,1,29,487834,2038,22692
6533003163229226449,periodic,cim,500,20,8,1,29,431333,2038,17387
6533003163229226449,periodic,cim,500,20,9,1,29,360625,2038,13663
6533003163229226449,periodic,cim,500,20,10,1,29,320625,2038,11072
6533003163229226449,periodic,cim,500,20,11,1,29,270041,2038,9072
6533003163229226449,periodic,cim,500,20,12,1,29,323291,2038,7609
6533003163229226449,periodic,cim,500,20,13,1,29,248625,2038,6467
11143318427924730659,periodic,brute_force,500,20,1,1,30,2117667,2018,124750
11143318427924730659,periodic,cim,500,20,2,1,30,2024083,2018,124750
11143318427924730659,periodic,cim,500,20,3,1,30,2118709,2018,124750
11143318427924730659,periodic,cim,500,20,4,1,30,1207500,2018,70117
11143318427924730659,periodic,cim,500,20,5,1,30,808583,2018,44823
11143318427924730659,periodic,cim,500,20,6,1,30,638000,2018,31051
11143318427924730659,periodic,cim,500,20,7,1,30,486750,2018,22779
11143318427924730659,periodic,cim,500,20,8,1,30,398750,2018,17381
11143318427924730659,periodic,cim,500,20,9,1,30,349958,2018,13718
11143318427924730659,periodic,cim,500,20,10,1,30,311625,2018,11085
11143318427924730659,periodic,cim,500,20,11,1,30,290958,2018,9115
11143318427924730659,periodic,cim,500,20,12,1,30,253541,2018,7658
11143318427924730659,periodic,cim,500,20,13,1,30,268083,2018,6506
16427343752353720333,periodic,brute_force,500,20,1,1,31,2073291,2046,124750
16427343752353720333,periodic,cim,500,20,2,1,31,2020750,2046,124750
16427343752353720333,periodic,cim,500,20,3,1,31,2067625,2046,124750
16427343752353720333,periodic,cim,500,20,4,1,31,1305375,2046,70179
16427343752353720333,periodic,cim,500,20,5,1,31,832458,2046,44880
16427343752353720333,periodic,cim,500,20,6,1,31,610417,2046,31227
16427343752353720333,periodic,cim,500,20,7,1,31,486042,2046,22864
16427343752353720333,periodic,cim,500,20,8,1,31,396375,2046,17480
16427343752353720333,periodic,cim,500,20,9,1,31,345167,2046,13798
16427343752353720333,periodic,cim,500,20,10,1,31,302334,2046,11110
16427343752353720333,periodic,cim,500,20,11,1,31,287583,2046,9205
16427343752353720333,periodic,cim,500,20,12,1,31,261250,2046,7677
16427343752353720333,periodic,cim,500,20,13,1,31,237708,2046,6528
4817161329110217632,periodic,brute_force,500,20,1,1,32,2066708,2028,124750
4817161329110217632,periodic,cim,500,20,2,1,32,1988667,2028,124750
4817161329110217632,periodic,cim,500,20,3,1,32,2010417,2028,124750
4817161329110217632,periodic,cim,500,20,4,1,32,1182625,2028,70308
4817161329110217632,periodic,cim,500,20,5,1,32,889292,2028,44913
4817161329110217632,periodic,cim,500,20,6,1,32,639250,2028,31146
4817161329110217632,periodic,cim,500,20,7,1,32,485250,2028,22871
4817161329110217632,periodic,cim,500,20,8,1,32,401792,2028,17443
4817161329110217632,periodic,cim,500,20,9,1,32,361958,2028,13725
4817161329110217632,periodic,cim,500,20,10,1,32,299125,2028,11137
4817161329110217632,periodic,cim,500,20,11,1,32,273375,2028,9142
4817161329110217632,periodic,cim,500,20,12,1,32,251417,2028,7648
4817161329110217632,periodic,cim,500,20,13,1,32,239666,2028,6505
5186140222275235653,periodic,brute_force,500,20,1,1,33,2130208,1995,124750
5186140222275235653,periodic,cim,500,20,2,1,33,2004667,1995,124750
5186140222275235653,periodic,cim,500,20,3,1,33,2017417,1995,124750
5186140222275235653,periodic,cim,500,20,4,1,33,1318500,1995,70071
5186140222275235653,periodic,cim,500,20,5,1,33,813125,1995,44756
5186140222275235653,periodic,cim,500,20,6,1,33,604250,1995,31024
5186140222275235653,periodic,cim,500,20,7,1,33,481833,1995,22779
5186140222275235653,periodic,cim,500,20,8,1,33,393542,1995,17358
5186140222275235653,periodic,cim,500,20,9,1,33,335958,1995,13704
5186140222275235653,periodic,cim,500,20,10,1,33,342208,1995,11067
5186140222275235653,periodic,cim,500,20,11,1,33,279375,1995,9078
5186140222275235653,periodic,cim,500,20,12,1,33,252792,1995,7623
5186140222275235653,periodic,cim,500,20,13,1,33,238500,1995,6461
5998411230062620050,periodic,brute_force,500,20,1,1,34,2140750,2024,124750
5998411230062620050,periodic,cim,500,20,2,1,34,2121459,2024,124750
5998411230062620050,periodic,cim,500,20,3,1,34,1986083,2024,124750
5998411230062620050,periodic,cim,500,20,4,1,34,1218083,2024,70103
5998411230062620050,periodic,cim,500,20,5,1,34,817833,2024,44751
5998411230062620050,periodic,cim,500,20,6,1,34,614416,2024,31044
5998411230062620050,periodic,cim,500,20,7,1,34,485000,2024,22776
5998411230062620050,periodic,cim,500,20,8,1,34,399917,2024,17405
5998411230062620050,periodic,cim,500,20,9,1,34,346875,2024,13683
5998411230062620050,periodic,cim,500,20,10,1,34,308083,2024,11051
5998411230062620050,periodic,cim,500,20,11,1,34,285583,2024,9119
5998411230062620050,periodic,cim,500,20,12,1,34,269167,2024,7648
5998411230062620050,periodic,cim,500,20,13,1,34,236833,2024,6508
5201257825817728617,periodic,brute_force,500,20,1,1,35,2105000,1996,124750
5201257825817728617,periodic,cim,500,20,2,1,35,2024500,1996,124750
5201257825817728617,periodic,cim,500,20,3,1,35,1989667,1996,124750
5201257825817728617,periodic,cim,500,20,4,1,35,1220125,1996,70056
5201257825817728617,periodic,cim,500,20,5,1,35,805666,1996,44771
5201257825817728617,periodic,cim,500,20,6,1,35,614625,1996,31033
5201257825817728617,periodic,cim,500,20,7,1,35,480917,1996,22749
5201257825817728617,periodic,cim,500,20,8,1,35,396458,1996,17347
5201257825817728617,periodic,cim,500,20,9,1,35,337542,1996,13735
5201257825817728617,periodic,cim,500,20,10,1,35,314083,1996,11065
5201257825817728617,periodic,cim,500,20,11,1,35,287000,1996,9123
5201257825817728617,periodic,cim,500,20,12,1,35,265542,1996,7632
5201257825817728617,periodic,cim,500,20,13,1,35,244333,1996,6514
17374253554932920414,periodic,brute_force,500,20,1,1,36,2089458,2011,124750
17374253554932920414,periodic,cim,500,20,2,1,36,2030208,2011,124750
17374253554932920414,periodic,cim,500,20,3,1,36,2158459,2011,124750
17374253554932920414,periodic,cim,500,20,4,1,36,1178917,2011,70141
17374253554932920414,periodic,cim,500,20,5,1,36,815916,2011,44719
17374253554932920414,periodic,cim,500,20,6,1,36,605042,2011,31095
17374253554932920414,periodic,cim,500,20,7,1,36,496458,2011,22789
17374253554932920414,periodic,cim,500,20,8,1,36,395625,2011,17429
17374253554932920414,periodic,cim,500,20,9,1,36,338042,2011,13734
17374253554932920414,periodic,cim,500,20,10,1,36,319416,2011,11098
17374253554932920414,periodic,cim,500,20,11,1,36,270625,2011,9142
17374253554932920414,periodic,cim,500,20,12,1,36,269750,2011,7677
17374253554932920414,periodic,cim,500,20,13,1,36,235667,2011,6510
8545716499654591287,periodic,brute_force,500,20,1,1,37,2208958,2067,124750
8545716499654591287,periodic,cim,500,20,2,1,37,2073959,2067,124750
8545716499654591287,periodic,cim,500,20,3,1,37,2034042,2067,124750
8545716499654591287,periodic,cim,500,20,4,1,37,1212125,2067,70052
8545716499654591287,periodic,cim,500,20,5,1,37,879500,2067,44851
8545716499654591287,periodic,cim,500,20,6,1,37,624375,2067,31066
8545716499654591287,periodic,cim,500,20,7,1,37,485541,2067,22791
8545716499654591287,periodic,cim,500,20,8,1,37,413375,2067,17419
8545716499654591287,periodic,cim,500,20,9,1,37,372500,2067,13788
8545716499654591287,periodic,cim,500,20,10,1,37,316625,2067,11162
8545716499654591287,periodic,cim,500,20,11,1,37,275500,2067,9231
8545716499654591287,periodic,cim,500,20,12,1,37,261041,2067,7682
8545716499654591287,periodic,cim,500,20,13,1,37,237167,2067,6559
12844867896050937407,periodic,brute_force,500,20,1,1,38,2079500,2016,124750
12844867896050937407,periodic,cim,500,20,2,1,38,2050584,2016,124750
12844867896050937407,periodic,cim,500,20,3,1,38,2023208,2016,124750
12844867896050937407,periodic,cim,500,20,4,1,38,1215250,2016,70114
12844867896050937407,periodic,cim,500,20,5,1,38,844916,2016,44830
12844867896050937407,periodic,cim,500,20,6,1,38,630416,2016,31093
12844867896050937407,periodic,cim,500,20,7,1,38,511250,2016,22782
12844867896050937407,periodic,cim,500,20,8,1,38,437583,2016,17449
12844867896050937407,periodic,cim,500,20,9,1,38,359375,2016,13718
12844867896050937407,periodic,cim,500,20,10,1,38,342166,2016,11101
12844867896050937407,periodic,cim,500,20,11,1,38,281500,2016,9151
12844867896050937407,periodic,cim,500,20,12,1,38,264625,2016,7687
12844867896050937407,periodic,cim,500,20,13,1,38,233917,2016,6499
2057158565068064778,periodic,brute_force,500,20,1,1,39,2119625,2008,124750
2057158565068064778,periodic,cim,500,20,2,1,39,2133209,2008,124750
2057158565068064778,periodic,cim,500,20,3,1,39,2022916,2008,124750
2057158565068064778,periodic,cim,500,20,4,1,39,1203500,2008,70117
2057158565068064778,periodic,cim,500,20,5,1,39,836791,2008,44736
2057158565068064778,periodic,cim,500,20,6,1,39,632750,2008,31055
2057158565068064778,periodic,cim,500,20,7,1,39,495500,2008,22839
2057158565068064778,periodic,cim,500,20,8,1,39,396625,2008,17426
2057158565068064778,periodic,cim,500,20,9,1,39,360333,2008,13769
2057158565068064778,periodic,cim,500,20,10,1,39,313000,2008,11095
2057158565068064778,periodic,cim,500,20,11,1,39,283792,2008,9150
2057158565068064778,periodic,cim,500,20,12,1,39,251375,2008,7654
2057158565068064778,periodic,cim,500,20,13,1,39,234250,2008,6491
3689240029670302421,periodic,brute_force,500,20,1,1,40,2112000,2062,124750
3689240029670302421,periodic,cim,500,20,2,1,40,2073084,2062,124750
3689240029670302421,periodic,cim,500,20,3,1,40,2128292,2062,124750
3689240029670302421,periodic,cim,500,20,4,1,40,1199042,2062,70189
3689240029670302421,periodic,cim,500,20,5,1,40,829458,2062,44868
3689240029670302421,periodic,cim,500,20,6,1,40,607583,2062,31164
3689240029670302421,periodic,cim,500,20,7,1,40,481041,2062,22890
3689240029670302421,periodic,cim,500,20,8,1,40,431833,2062,17452
3689240029670302421,periodic,cim,500,20,9,1,40,364000,2062,13762
3689240029670302421,periodic,cim,500,20,10,1,40,310667,2062,11143
3689240029670302421,periodic,cim,500,20,11,1,40,277000,2062,9197
3689240029670302421,periodic,cim,500,20,12,1,40,259334,2062,7673
3689240029670302421,periodic,cim,500,20,13,1,40,282416,2062,6482
9131439509288634169,periodic,brute_force,500,20,1,1,41,2058250,2041,124750
9131439509288634169,periodic,cim,500,20,2,1,41,2004208,2041,124750
9131439509288634169,periodic,cim,500,20,3,1,41,1988750,2041,124750
9131439509288634169,periodic,cim,500,20,4,1,41,1204583,2041,70115
9131439509288634169,periodic,cim,500,20,5,1,41,804750,2041,44845
9131439509288634169,periodic,cim,500,20,6,1,41,603583,2041,31063
9131439509288634169,periodic,cim,500,20,7,1,41,477625,2041,22788
9131439509288634169,periodic,cim,500,20,8,1,41,393416,2041,17374
9131439509288634169,periodic,cim,500,20,9,1,41,338875,2041,13707
9131439509288634169,periodic,cim,500,20,10,1,41,301917,2041,11062
9131439509288634169,periodic,cim,500,20,11,1,41,270583,2041,9118
9131439509288634169,periodic,cim,500,20,12,1,41,251375,2041,7649
9131439509288634169,periodic,cim,500,20,13,1,41,236583,2041,6479
7683257057167451472,periodic,brute_force,500,20,1,1,42,2088625,2010,124750
7683257057167451472,periodic,cim,500,20,2,1,42,2122166,2010,124750
7683257057167451472,periodic,cim,500,20,3,1,42,2042625,2010,124750
7683257057167451472,periodic,cim,500,20,4,1,42,1348708,2010,70101
7683257057167451472,periodic,cim,500,20,5,1,42,842417,2010,44818
7683257057167451472,periodic,cim,500,20,6,1,42,620458,2010,31114
7683257057167451472,periodic,cim,500,20,7,1,42,495292,2010,22828
7683257057167451472,periodic,cim,500,20,8,1,42,403166,2010,17408
7683257057167451472,periodic,cim,500,20,9,1,42,345833,2010,13719
7683257057167451472,periodic,cim,500,20,10,1,42,300417,2010,11040
7683257057167451472,periodic,cim,500,20,11,1,42,288250,2010,9139
7683257057167451472,periodic,cim,500,20,12,1,42,251250,2010,7652
7683257057167451472,periodic,cim,500,20,13,1,42,234542,2010,6501
7854199997903144102,periodic,brute_force,500,20,1,1,43,2142250,1999,124750
7854199997903144102,periodic,cim,500,20,2,1,43,2013667,1999,124750
7854199997903144102,periodic,cim,500,20,3,1,43,1994417,1999,124750
7854199997903144102,periodic,cim,500,20,4,1,43,1250750,1999,70039
7854199997903144102,periodic,cim,500,20,5,1,43,818875,1999,44769
7854199997903144102,periodic,cim,500,20,6,1,43,644750,1999,31050
7854199997903144102,periodic,cim,500,20,7,1,43,486166,1999,22792
7854199997903144102,periodic,cim,500,20,8,1,43,394625,1999,17416
7854199997903144102,periodic,cim,500,20,9,1,43,342000,1999,13773
7854199997903144102,periodic,cim,500,20,10,1,43,307834,1999,11084
7854199997903144102,periodic,cim,500,20,11,1,43,274541,1999,9110
7854199997903144102,periodic,cim,500,20,12,1,43,249833,1999,7646
7854199997903144102,periodic,cim,500,20,13,1,43,245083,1999,6475
285258981019940222,periodic,brute_force,500,20,1,1,44,2110042,2028,124750
285258981019940222,periodic,cim,500,20,2,1,44,2039417,2028,124750
285258981019940222,periodic,cim,500,20,3,1,44,2009417,2028,124750
285258981019940222,periodic,cim,500,20,4,1,44,1179875,2028,70116
285258981019940222,periodic,cim,500,20,5,1,44,856750,2028,44932
285258981019940222,periodic,cim,500,20,6,1,44,632167,2028,31157
285258981019940222,periodic,cim,500,20,7,1,44,524875,2028,22850
285258981019940222,periodic,cim,500,20,8,1,44,401792,2028,17466
285258981019940222,periodic,cim,500,20,9,1,44,351750,2028,13781
285258981019940222,periodic,cim,500,20,10,1,44,309041,2028,11123
285258981019940222,periodic,cim,500,20,11,1,44,284209,2028,9164
285258981019940222,periodic,cim,500,20,12,1,44,254208,2028,7666
285258981019940222,periodic,cim,500,20,13,1,44,251792,2028,6515
11938827351536943144,periodic,brute_force,500,20,1,1,45,2104042,2011,124750
11938827351536943144,periodic,cim,500,20,2,1,45,2050125,2011,124750
11938827351536943144,periodic,cim,500,20,3,1,45,2024750,2011,124750
11938827351536943144,periodic,cim,500,20,4,1,45,1219917,2011,70026
11938827351536943144,periodic,cim,500,20,5,1,45,811875,2011,44791
11938827351536943144,periodic,cim,500,20,6,1,45,602125,2011,31030
11938827351536943144,periodic,cim,500,20,7,1,45,516291,2011,22763
11938827351536943144,periodic,cim,500,20,8,1,45,402500,2011,17384
11938827351536943144,periodic,cim,500,20,9,1,45,346708,2011,13656
11938827351536943144,periodic,cim,500,20,10,1,45,298583,2011,11085
11938827351536943144,periodic,cim,500,20,11,1,45,291500,2011,9120
11938827351536943144,periodic,cim,500,20,12,1,45,276833,2011,7636
11938827351536943144,periodic,cim,500,20,13,1,45,266500,2011,6485
8329314463785054845,periodic,brute_force,500,20,1,1,46,2122166,2067,124750
8329314463785054845,periodic,cim,500,20,2,1,46,2046666,2067,124750
8329314463785054845,periodic,cim,500,20,3,1,46,1990958,2067,124750
8329314463785054845,periodic,cim,500,20,4,1,46,1201292,2067,70221
8329314463785054845,periodic,cim,500,20,5,1,46,829625,2067,44880
8329314463785054845,periodic,cim,500,20,6,1,46,607084,2067,31172
8329314463785054845,periodic,cim,500,20,7,1,46,484250,2067,22929
8329314463785054845,periodic,cim,500,20,8,1,46,430416,2067,17501
8329314463785054845,periodic,cim,500,20,9,1,46,359667,2067,13833
8329314463785054845,periodic,cim,500,20,10,1,46,304583,2067,11189
8329314463785054845,periodic,cim,500,20,11,1,46,292416,2067,9236
8329314463785054845,periodic,cim,500,20,12,1,46,265208,2067,7748
8329314463785054845,periodic,cim,500,20,13,1,46,272875,2067,6566
15531849902914191473,periodic,brute_force,500,20,1,1,47,2067250,2052,124750
15531849902914191473,periodic,cim,500,20,2,1,47,2013416,2052,124750
15531849902914191473,periodic,cim,500,20,3,1,47,2096833,2052,124750
15531849902914191473,periodic,cim,500,20,4,1,47,1186208,2052,70156
15531849902914191473,periodic,cim,500,20,5,1,47,823792,2052,44899
15531849902914191473,periodic,cim,500,20,6,1,47,625875,2052,31112
15531849902914191473,periodic,cim,500,20,7,1,47,483167,2052,22850
15531849902914191473,periodic,cim,500,20,8,1,47,416083,2052,17455
15531849902914191473,periodic,cim,500,20,9,1,47,342625,2052,13775
15531849902914191473,periodic,cim,500,20,10,1,47,317875,2052,11127
15531849902914191473,periodic,cim,500,20,11,1,47,305666,2052,9173
15531849902914191473,periodic,cim,500,20,12,1,47,264666,2052,7667
15531849902914191473,periodic,cim,500,20,13,1,47,247833,2052,6504
9003610456233375248,periodic,brute_force,500,20,1,1,48,2079334,2033,124750
9003610456233375248,periodic,cim,500,20,2,1,48,2020250,2033,124750
9003610456233375248,periodic,cim,500,20,3,1,48,2092459,2033,124750
9003610456233375248,periodic,cim,500,20,4,1,48,1242208,2033,70060
9003610456233375248,periodic,cim,500,20,5,1,48,805208,2033,44732
9003610456233375248,periodic,cim,500,20,6,1,48,618125,2033,30942
9003610456233375248,periodic,cim,500,20,7,1,48,517292,2033,22801
9003610456233375248,periodic,cim,500,20,8,1,48,394250,2033,17366
9003610456233375248,periodic,cim,500,20,9,1,48,356500,2033,13693
9003610456233375248,periodic,cim,500,20,10,1,48,303209,2033,11078
9003610456233375248,periodic,cim,500,20,11,1,48,270500,2033,9126
9003610456233375248,periodic,cim,500,20,12,1,48,263959,2033,7705
9003610456233375248,periodic,cim,500,20,13,1,48,239417,2033,6500
10995359476988514044,periodic,brute_force,500,20,1,1,49,2173458,2021,124750
10995359476988514044,periodic,cim,500,20,2,1,49,2044875,2021,124750
10995359476988514044,periodic,cim,500,20,3,1,49,2058083,2021,124750
10995359476988514044,periodic,cim,500,20,4,1,49,1317917,2021,70089
10995359476988514044,periodic,cim,500,20,5,1,49,882333,2021,44756
10995359476988514044,periodic,cim,500,20,6,1,49,613458,2021,31099
10995359476988514044,periodic,cim,500,20,7,1,49,493708,2021,22800
10995359476988514044,periodic,cim,500,20,8,1,49,414000,2021,17427
10995359476988514044,periodic,cim,500,20,9,1,49,337958,2021,13783
10995359476988514044,periodic,cim,500,20,10,1,49,300791,2021,11104
10995359476988514044,periodic,cim,500,20,11,1,49,274542,2021,9166
10995359476988514044,periodic,cim,500,20,12,1,49,251667,2021,7677
10995359476988514044,periodic,cim,500,20,13,1,49,236333,2021,6496
8621150870004538717,periodic,brute_force,500,20,1,1,50,5508750,2015,124750
8621150870004538717,periodic,cim,500,20,2,1,50,3261458,2015,124750
8621150870004538717,periodic,cim,500,20,3,1,50,6615292,2015,124750
8621150870004538717,periodic,cim,500,20,4,1,50,1199583,2015,70104
8621150870004538717,periodic,cim,500,20,5,1,50,849000,2015,44803
8621150870004538717,periodic,cim,500,20,6,1,50,633666,2015,31053
8621150870004538717,periodic,cim,500,20,7,1,50,497541,2015,22769
8621150870004538717,periodic,cim,500,20,8,1,50,1143583,2015,17367
8621150870004538717,periodic,cim,500,20,9,1,50,949667,2015,13743
8621150870004538717,periodic,cim,500,20,10,1,50,312458,2015,11102
8621150870004538717,periodic,cim,500,20,11,1,50,278833,2015,9130
8621150870004538717,periodic,cim,500,20,12,1,50,278625,2015,7631
8621150870004538717,periodic,cim,500,20,13,1,50,244208,2015,6477
4844332473760041632,periodic,brute_force,500,20,1,1,51,2100542,2027,124750
4844332473760041632,periodic,cim,500,20,2,1,51,2059167,2027,124750
4844332473760041632,periodic,cim,500,20,3,1,51,2042167,2027,124750
4844332473760041632,periodic,cim,500,20,4,1,51,1261458,2027,70093
4844332473760041632,periodic,cim,500,20,5,1,51,829083,2027,44852
4844332473760041632,periodic,cim,500,20,6,1,51,637459,2027,31102
4844332473760041632,periodic,cim,500,20,7,1,51,477208,2027,22786
4844332473760041632,periodic,cim,500,20,8,1,51,395833,2027,17425
4844332473760041632,periodic,cim,500,20,9,1,51,345125,2027,13774
4844332473760041632,periodic,cim,500,20,10,1,51,300875,2027,11117
4844332473760041632,periodic,cim,500,20,11,1,51,272417,2027,9163
4844332473760041632,periodic,cim,500,20,12,1,51,253542,2027,7691
4844332473760041632,periodic,cim,500,20,13,1,51,239834,2027,6519
14629287759472473205,periodic,brute_force,500,20,1,1,52,2357000,2019,124750
14629287759472473205,periodic,cim,500,20,2,1,52,2019458,2019,124750
14629287759472473205,periodic,cim,500,20,3,1,52,2197125,2019,124750
14629287759472473205,periodic,cim,500,20,4,1,52,1185916,2019,70181
14629287759472473205,periodic,cim,500,20,5,1,52,844709,2019,44851
14629287759472473205,periodic,cim,500,20,6,1,52,621542,2019,31071
14629287759472473205,periodic,cim,500,20,7,1,52,644291,2019,22745
14629287759472473205,periodic,cim,500,20,8,1,52,401583,2019,17379
14629287759472473205,periodic,cim,500,20,9,1,52,355000,2019,13718
14629287759472473205,periodic,cim,500,20,10,1,52,299375,2019,11066
14629287759472473205,periodic,cim,500,20,11,1,52,278375,2019,9131
14629287759472473205,periodic,cim,500,20,12,1,52,271375,2019,7656
14629287759472473205,periodic,cim,500,20,13,1,52,264667,2019,6489
14354695311469040898,periodic,brute_force,500,20,1,1,53,2211875,2010,124750
14354695311469040898,periodic,cim,500,20,2,1,53,2036875,2010,124750
14354695311469040898,periodic,cim,500,20,3,1,53,2082375,2010,124750
14354695311469040898,periodic,cim,500,20,4,1,53,1193625,2010,70150
14354695311469040898,periodic,cim,500,20,5,1,53,843417,2010,44796
14354695311469040898,periodic,cim,500,20,6,1,53,635542,2010,31090
14354695311469040898,periodic,cim,500,20,7,1,53,536916,2010,22741
14354695311469040898,periodic,cim,500,20,8,1,53,454875,2010,17411
14354695311469040898,periodic,cim,500,20,9,1,53,366708,2010,13718
14354695311469040898,periodic,cim,500,20,10,1,53,299959,2010,11045
14354695311469040898,periodic,cim,500,20,11,1,53,278666,2010,9107
14354695311469040898,periodic,cim,500,20,12,1,53,253791,2010,7633
14354695311469040898,periodic,cim,500,20,13,1,53,239084,2010,6492
1490610143783097686,periodic,brute_force,500,20,1,1,54,2117709,2017,124750
1490610143783097686,periodic,cim,500,20,2,1,54,2016625,2017,124750
1490610143783097686,periodic,cim,500,20,3,1,54,2059583,2017,124750
1490610143783097686,periodic,cim,500,20,4,1,54,1192291,2017,70072
1490610143783097686,periodic,cim,500,20,5,1,54,894250,2017,44715
1490610143783097686,periodic,cim,500,20,6,1,54,641417,2017,31000
1490610143783097686,periodic,cim,500,20,7,1,54,478750,2017,22770
1490610143783097686,periodic,cim,500,20,8,1,54,402709,2017,17359
1490610143783097686,periodic,cim,500,20,9,1,54,364500,2017,13721
1490610143783097686,periodic,cim,500,20,10,1,54,319459,2017,11085
1490610143783097686,periodic,cim,500,20,11,1,54,272625,2017,9159
1490610143783097686,periodic,cim,500,20,12,1,54,255833,2017,7629
1490610143783097686,periodic,cim,500,20,13,1,54,235459,2017,6514
8780715153635255687,periodic,brute_force,500,20,1,1,55,2229209,2006,124750
8780715153635255687,periodic,cim,500,20,2,1,55,2001500,2006,124750
8780715153635255687,periodic,cim,500,20,3,1,55,2018542,2006,124750
8780715153635255687,periodic,cim,500,20,4,1,55,1207584,2006,70096
8780715153635255687,periodic,cim,500,20,5,1,55,821833,2006,44749
8780715153635255687,periodic,cim,500,20,6,1,55,630084,2006,31079
8780715153635255687,periodic,cim,500,20,7,1,55,514083,2006,22762
8780715153635255687,periodic,cim,500,20,8,1,55,413083,2006,17422
8780715153635255687,periodic,cim,500,20,9,1,55,338500,2006,13714
8780715153635255687,periodic,cim,500,20,10,1,55,297042,2006,11067
8780715153635255687,periodic,cim,500,20,11,1,55,271291,2006,9124
8780715153635255687,periodic,cim,500,20,12,1,55,252959,2006,7667
8780715153635255687,periodic,cim,500,20,13,1,55,236583,2006,6507
14931419645748310611,periodic,brute_force,500,20,1,1,56,2077250,2023,124750
14931419645748310611,periodic,cim,500,20,2,1,56,2004708,2023,124750
14931419645748310611,periodic,cim,500,20,3,1,56,2004000,2023,124750
14931419645748310611,periodic,cim,500,20,4,1,56,1185375,2023,70096
14931419645748310611,periodic,cim,500,20,5,1,56,841000,2023,44719
14931419645748310611,periodic,cim,500,20,6,1,56,610666,2023,31071
14931419645748310611,periodic,cim,500,20,7,1,56,480875,2023,22880
14931419645748310611,periodic,cim,500,20,8,1,56,397458,2023,17421
14931419645748310611,periodic,cim,500,20,9,1,56,363542,2023,13739
14931419645748310611,periodic,cim,500,20,10,1,56,323042,2023,11126
14931419645748310611,periodic,cim,500,20,11,1,56,285708,2023,9151
14931419645748310611,periodic,cim,500,20,12,1,56,290917,2023,7676
14931419645748310611,periodic,cim,500,20,13,1,56,252792,2023,6519
14794996948722207245,periodic,brute_force,500,20,1,1,57,2086875,2013,124750
14794996948722207245,periodic,cim,500,20,2,1,57,2192417,2013,124750
14794996948722207245,periodic,cim,500,20,3,1,57,2016000,2013,124750
14794996948722207245,periodic,cim,500,20,4,1,57,1211209,2013,70059
14794996948722207245,periodic,cim,500,20,5,1,57,836959,2013,44789
14794996948722207245,periodic,cim,500,20,6,1,57,622458,2013,31122
14794996948722207245,periodic,cim,500,20,7,1,57,485500,2013,22763
14794996948722207245,periodic,cim,500,20,8,1,57,397084,2013,17420
14794996948722207245,periodic,cim,500,20,9,1,57,351875,2013,13705
14794996948722207245,periodic,cim,500,20,10,1,57,296250,2013,11049
14794996948722207245,periodic,cim,500,20,11,1,57,271625,2013,9136
14794996948722207245,periodic,cim,500,20,12,1,57,269416,2013,7681
14794996948722207245,periodic,cim,500,20,13,1,57,255500,2013,6480
3028068879515917517,periodic,brute_force,500,20,1,1,58,2112833,2006,124750
3028068879515917517,periodic,cim,500,20,2,1,58,2049875,2006,124750
3028068879515917517,periodic,cim,500,20,3,1,58,2009125,2006,124750
3028068879515917517,periodic,cim,500,20,4,1,58,1195500,2006,70166
3028068879515917517,periodic,cim,500,20,5,1,58,837750,2006,44874
3028068879515917517,periodic,cim,500,20,6,1,58,640375,2006,31119
3028068879515917517,periodic,cim,500,20,7,1,58,501583,2006,22841
3028068879515917517,periodic,cim,500,20,8,1,58,397959,2006,17443
3028068879515917517,periodic,cim,500,20,9,1,58,345875,2006,13721
3028068879515917517,periodic,cim,500,20,10,1,58,306458,2006,11090
3028068879515917517,periodic,cim,500,20,11,1,58,273250,2006,9139
3028068879515917517,periodic,cim,500,20,12,1,58,255333,2006,7666
3028068879515917517,periodic,cim,500,20,13,1,58,236792,2006,6515
4927042176077662248,periodic,brute_force,500,20,1,1,59,2149833,2020,124750
4927042176077662248,periodic,cim,500,20,2,1,59,1992291,2020,124750
4927042176077662248,periodic,cim,500,20,3,1,59,2079750,2020,124750
4927042176077662248,periodic,cim,500,20,4,1,59,1229375,2020,70246
4927042176077662248,periodic,cim,500,20,5,1,59,815791,2020,44977
4927042176077662248,periodic,cim,500,20,6,1,59,623750,2020,31139
4927042176077662248,periodic,cim,500,20,7,1,59,484042,2020,22815
4927042176077662248,periodic,cim,500,20,8,1,59,399208,2020,17445
4927042176077662248,periodic,cim,500,20,9,1,59,361541,2020,13752
4927042176077662248,periodic,cim,500,20,10,1,59,301042,2020,11112
4927042176077662248,periodic,cim,500,20,11,1,59,273834,2020,9183
4927042176077662248,periodic,cim,500,20,12,1,59,255541,2020,7699
4927042176077662248,periodic,cim,500,20,13,1,59,267583,2020,6543
3001939735240403057,periodic,brute_force,500,20,1,1,60,2175166,1983,124750
3001939735240403057,periodic,cim,500,20,2,1,60,2040542,1983,124750
3001939735240403057,periodic,cim,500,20,3,1,60,2017916,1983,124750
3001939735240403057,periodic,cim,500,20,4,1,60,1184042,1983,70177
3001939735240403057,periodic,cim,500,20,5,1,60,806292,1983,44846
3001939735240403057,periodic,cim,500,20,6,1,60,600875,1983,31075
3001939735240403057,periodic,cim,500,20,7,1,60,491292,1983,22747
3001939735240403057,periodic,cim,500,20,8,1,60,393334,1983,17384
3001939735240403057,periodic,cim,500,20,9,1,60,339084,1983,13730
3001939735240403057,periodic,cim,500,20,10,1,60,298291,1983,11100
3001939735240403057,periodic,cim,500,20,11,1,60,270292,1983,9113
3001939735240403057,periodic,cim,500,20,12,1,60,246958,1983,7617
3001939735240403057,periodic,cim,500,20,13,1,60,266959,1983,6460
6723221679696743872,periodic,brute_force,500,20,1,1,61,2231292,2011,124750
6723221679696743872,periodic,cim,500,20,2,1,61,2021500,2011,124750
6723221679696743872,periodic,cim,500,20,3,1,61,2032000,2011,124750
6723221679696743872,periodic,cim,500,20,4,1,61,1216042,2011,70102
6723221679696743872,periodic,cim,500,20,5,1,61,849500,2011,44899
6723221679696743872,periodic,cim,500,20,6,1,61,637875,2011,31071
6723221679696743872,periodic,cim,500,20,7,1,61,480417,2011,22779
6723221679696743872,periodic,cim,500,20,8,1,61,399958,2011,17431
6723221679696743872,periodic,cim,500,20,9,1,61,345916,2011,13753
6723221679696743872,periodic,cim,500,20,10,1,61,317167,2011,11031
6723221679696743872,periodic,cim,500,20,11,1,61,271667,2011,9123
6723221679696743872,periodic,cim,500,20,12,1,61,250792,2011,7656
6723221679696743872,periodic,cim,500,20,13,1,61,252792,2011,6474
8412982990860088081,periodic,brute_force,500,20,1,1,62,2110125,2037,124750
8412982990860088081,periodic,cim,500,20,2,1,62,2055542,2037,124750
8412982990860088081,periodic,cim,500,20,3,1,62,2033625,2037,124750
8412982990860088081,periodic,cim,500,20,4,1,62,1208750,2037,70061
8412982990860088081,periodic,cim,500,20,5,1,62,842042,2037,44857
8412982990860088081,periodic,cim,500,20,6,1,62,608333,2037,31145
8412982990860088081,periodic,cim,500,20,7,1,62,498667,2037,22830
8412982990860088081,periodic,cim,500,20,8,1,62,433750,2037,17421
8412982990860088081,periodic,cim,500,20,9,1,62,347125,2037,13780
8412982990860088081,periodic,cim,500,20,10,1,62,300292,2037,11093
8412982990860088081,periodic,cim,500,20,11,1,62,274500,2037,9156
8412982990860088081,periodic,cim,500,20,12,1,62,252167,2037,7690
8412982990860088081,periodic,cim,500,20,13,1,62,246500,2037,6506
11843189623115500971,periodic,brute_force,500,20,1,1,63,2082083,2028,124750
11843189623115500971,periodic,cim,500,20,2,1,63,2011000,2028,124750
11843189623115500971,periodic,cim,500,20,3,1,63,2064000,2028,124750
11843189623115500971,periodic,cim,500,20,4,1,63,1173583,2028,70082
11843189623115500971,periodic,cim,500,20,5,1,63,804667,2028,44810
11843189623115500971,periodic,cim,500,20,6,1,63,654125,2028,31011
11843189623115500971,periodic,cim,500,20,7,1,63,484042,2028,22747
11843189623115500971,periodic,cim,500,20,8,1,63,394834,2028,17391
11843189623115500971,periodic,cim,500,20,9,1,63,370000,2028,13690
11843189623115500971,periodic,cim,500,20,10,1,63,324750,2028,11069
11843189623115500971,periodic,cim,500,20,11,1,63,274333,2028,9143
11843189623115500971,periodic,cim,500,20,12,1,63,271334,2028,7640
11843189623115500971,periodic,cim,500,20,13,1,63,260750,2028,6498
17787193540696699269,periodic,brute_force,500,20,1,1,64,2084208,2034,124750
17787193540696699269,periodic,cim,500,20,2,1,64,2064375,2034,124750
17787193540696699269,periodic,cim,500,20,3,1,64,1998042,2034,124750
17787193540696699269,periodic,cim,500,20,4,1,64,1220958,2034,70208
17787193540696699269,periodic,cim,500,20,5,1,64,831291,2034,44918
17787193540696699269,periodic,cim,500,20,6,1,64,643958,2034,31166
17787193540696699269,periodic,cim,500,20,7,1,64,487875,2034,22851
17787193540696699269,periodic,cim,500,20,8,1,64,410208,2034,17463
17787193540696699269,periodic,cim,500,20,9,1,64,339292,2034,13792
17787193540696699269,periodic,cim,500,20,10,1,64,327583,2034,11118
17787193540696699269,periodic,cim,500,20,11,1,64,273958,2034,9157
17787193540696699269,periodic,cim,500,20,12,1,64,271458,2034,7650
17787193540696699269,periodic,cim,500,20,13,1,64,254917,2034,6541
13320192976272770294,periodic,brute_force,500,20,1,1,65,2077416,2036,124750
13320192976272770294,periodic,cim,500,20,2,1,65,2007417,2036,124750
13320192976272770294,periodic,cim,500,20,3,1,65,1995334,2036,124750
13320192976272770294,periodic,cim,500,20,4,1,65,1260542,2036,70187
13320192976272770294,periodic,cim,500,20,5,1,65,809417,2036,44830
13320192976272770294,periodic,cim,500,20,6,1,65,643209,2036,31301
13320192976272770294,periodic,cim,500,20,7,1,65,481417,2036,22957
13320192976272770294,periodic,cim,500,20,8,1,65,419500,2036,17512
13320192976272770294,periodic,cim,500,20,9,1,65,341541,2036,13858
13320192976272770294,periodic,cim,500,20,10,1,65,298958,2036,11144
13320192976272770294,periodic,cim,500,20,11,1,65,272334,2036,9192
13320192976272770294,periodic,cim,500,20,12,1,65,275292,2036,7751
13320192976272770294,periodic,cim,500,20,13,1,65,258416,2036,6572
8374855297722910533,periodic,brute_force,500,20,1,1,66,2093792,2036,124750
8374855297722910533,periodic,cim,500,20,2,1,66,2012917,2036,124750
8374855297722910533,periodic,cim,500,20,3,1,66,2028042,2036,124750
8374855297722910533,periodic,cim,500,20,4,1,66,1193209,2036,70015
8374855297722910533,periodic,cim,500,20,5,1,66,829167,2036,44758
8374855297722910533,periodic,cim,500,20,6,1,66,644583,2036,31014
8374855297722910533,periodic,cim,500,20,7,1,66,502625,2036,22785
8374855297722910533,periodic,cim,500,20,8,1,66,407584,2036,17378
8374855297722910533,periodic,cim,500,20,9,1,66,349500,2036,13697
8374855297722910533,periodic,cim,500,20,10,1,66,308042,2036,11054
8374855297722910533,periodic,cim,500,20,11,1,66,272417,2036,9124
8374855297722910533,periodic,cim,500,20,12,1,66,252625,2036,7623
8374855297722910533,periodic,cim,500,20,13,1,66,245875,2036,6503
609467164475106507,periodic,brute_force,500,20,1,1,67,2212250,2002,124750
609467164475106507,periodic,cim,500,20,2,1,67,2005583,2002,124750
609467164475106507,periodic,cim,500,20,3,1,67,2052416,2002,124750
609467164475106507,periodic,cim,500,20,4,1,67,1170875,2002,70112
609467164475106507,periodic,cim,500,20,5,1,67,837208,2002,44711
609467164475106507,periodic,cim,500,20,6,1,67,606791,2002,30991
609467164475106507,periodic,cim,500,20,7,1,67,504834,2002,22753
609467164475106507,periodic,cim,500,20,8,1,67,401166,2002,17372
609467164475106507,periodic,cim,500,20,9,1,67,345084,2002,13697
609467164475106507,periodic,cim,500,20,10,1,67,310375,2002,11083
609467164475106507,periodic,cim,500,20,11,1,67,271541,2002,9133
609467164475106507,periodic,cim,500,20,12,1,67,251625,2002,7626
609467164475106507,periodic,cim,500,20,13,1,67,236208,2002,6480
17718066186655310937,periodic,brute_force,500,20,1,1,68,2259292,1983,124750
17718066186655310937,periodic,cim,500,20,2,1,68,2086958,1983,124750
17718066186655310937,periodic,cim,500,20,3,1,68,2014542,1983,124750
17718066186655310937,periodic,cim,500,20,4,1,68,1200500,1983,70037
17718066186655310937,periodic,cim,500,20,5,1,68,817584,1983,44790
17718066186655310937,periodic,cim,500,20,6,1,68,642625,1983,31066
17718066186655310937,periodic,cim,500,20,7,1,68,478625,1983,22792
17718066186655310937,periodic,cim,500,20,8,1,68,410792,1983,17397
17718066186655310937,periodic,cim,500,20,9,1,68,352541,1983,13767
17718066186655310937,periodic,cim,500,20,10,1,68,301583,1983,11084
17718066186655310937,periodic,cim,500,20,11,1,68,282958,1983,9130
17718066186655310937,periodic,cim,500,20,12,1,68,252959,1983,7678
17718066186655310937,periodic,cim,500,20,13,1,68,231375,1983,6490
1325120658071081881,periodic,brute_force,500,20,1,1,69,2094042,2004,124750
1325120658071081881,periodic,cim,500,20,2,1,69,2034417,2004,124750
1325120658071081881,periodic,cim,500,20,3,1,69,2047917,2004,124750
1325120658071081881,periodic,cim,500,20,4,1,69,1226958,2004,70072
1325120658071081881,periodic,cim,500,20,5,1,69,817958,2004,44843
1325120658071081881,periodic,cim,500,20,6,1,69,634583,2004,31103
1325120658071081881,periodic,cim,500,20,7,1,69,487250,2004,22733
1325120658071081881,periodic,cim,500,20,8,1,69,412833,2004,17380
1325120658071081881,periodic,cim,500,20,9,1,69,352583,2004,13767
1325120658071081881,periodic,cim,500,20,10,1,69,334125,2004,11092
1325120658071081881,periodic,cim,500,20,11,1,69,282333,2004,9119
1325120658071081881,periodic,cim,500,20,12,1,69,252334,2004,7631
1325120658071081881,periodic,cim,500,20,13,1,69,250500,2004,6486
17527438509271841847,periodic,brute_force,500,20,1,1,70,2069791,2022,124750
17527438509271841847,periodic,cim,500,20,2,1,70,2043708,2022,124750
17527438509271841847,periodic,cim,500,20,3,1,70,2100209,2022,124750
17527438509271841847,periodic,cim,500,20,4,1,70,1208541,2022,70132
17527438509271841847,periodic,cim,500,20,5,1,70,810917,2022,44823
17527438509271841847,periodic,cim,500,20,6,1,70,604500,2022,31105
17527438509271841847,periodic,cim,500,20,7,1,70,476625,2022,22780
17527438509271841847,periodic,cim,500,20,8,1,70,396125,2022,17383
17527438509271841847,periodic,cim,500,20,9,1,70,343250,2022,13678
17527438509271841847,periodic,cim,500,20,10,1,70,296959,2022,11075
17527438509271841847,periodic,cim,500,20,11,1,70,271292,2022,9134
17527438509271841847,periodic,cim,500,20,12,1,70,252541,2022,7656
17527438509271841847,periodic,cim,500,20,13,1,70,241875,2022,6445
18306258279807649950,periodic,brute_force,500,20,1,1,71,2052042,1988,124750
18306258279807649950,periodic,cim,500,20,2,1,71,2104042,1988,124750
18306258279807649950,periodic,cim,500,20,3,1,71,2074208,1988,124750
18306258279807649950,periodic,cim,500,20,4,1,71,1217958,1988,70049
18306258279807649950,periodic,cim,500,20,5,1,71,813458,1988,44770
18306258279807649950,periodic,cim,500,20,6,1,71,618958,1988,31044
18306258279807649950,periodic,cim,500,20,7,1,71,481500,1988,22775
18306258279807649950,periodic,cim,500,20,8,1,71,410042,1988,17427
18306258279807649950,periodic,cim,500,20,9,1,71,340541,1988,13716
18306258279807649950,periodic,cim,500,20,10,1,71,297083,1988,11046
18306258279807649950,periodic,cim,500,20,11,1,71,270583,1988,9127
18306258279807649950,periodic,cim,500,20,12,1,71,249083,1988,7635
18306258279807649950,periodic,cim,500,20,13,1,71,235916,1988,6481
4847685419106266221,periodic,brute_force,500,20,1,1,72,2183208,2014,124750
4847685419106266221,periodic,cim,500,20,2,1,72,2005083,2014,124750
4847685419106266221,periodic,cim,500,20,3,1,72,1981250,2014,124750
4847685419106266221,periodic,cim,500,20,4,1,72,1240125,2014,70179
4847685419106266221,periodic,cim,500,20,5,1,72,806958,2014,44927
4847685419106266221,periodic,cim,500,20,6,1,72,613959,2014,31184
4847685419106266221,periodic,cim,500,20,7,1,72,541333,2014,22934
4847685419106266221,periodic,cim,500,20,8,1,72,395708,2014,17514
4847685419106266221,periodic,cim,500,20,9,1,72,338708,2014,13762
4847685419106266221,periodic,cim,500,20,10,1,72,299041,2014,11112
4847685419106266221,periodic,cim,500,20,11,1,72,271708,2014,9183
4847685419106266221,periodic,cim,500,20,12,1,72,251792,2014,7663
4847685419106266221,periodic,cim,500,20,13,1,72,236000,2014,6506
18011913236909896693,periodic,brute_force,500,20,1,1,73,2058042,2031,124750
18011913236909896693,periodic,cim,500,20,2,1,73,1985250,2031,124750
18011913236909896693,periodic,cim,500,20,3,1,73,1983792,2031,124750
18011913236909896693,periodic,cim,500,20,4,1,73,1191417,2031,70158
18011913236909896693,periodic,cim,500,20,5,1,73,821375,2031,44828
18011913236909896693,periodic,cim,500,20,6,1,73,642625,2031,31073
18011913236909896693,periodic,cim,500,20,7,1,73,533333,2031,22939
18011913236909896693,periodic,cim,500,20,8,1,73,418250,2031,17454
18011913236909896693,periodic,cim,500,20,9,1,73,352875,2031,13727
18011913236909896693,periodic,cim,500,20,10,1,73,318500,2031,11073
18011913236909896693,periodic,cim,500,20,11,1,73,300542,2031,9154
18011913236909896693,periodic,cim,500,20,12,1,73,293875,2031,7650
18011913236909896693,periodic,cim,500,20,13,1,73,235333,2031,6488
3078766840156797251,periodic,brute_force,500,20,1,1,74,2106209,2024,124750
3078766840156797251,periodic,cim,500,20,2,1,74,2186166,2024,124750
3078766840156797251,periodic,cim,500,20,3,1,74,2112333,2024,124750
3078766840156797251,periodic,cim,500,20,4,1,74,1212834,2024,70123
3078766840156797251,periodic,cim,500,20,5,1,74,820208,2024,44813
3078766840156797251,periodic,cim,500,20,6,1,74,615042,2024,31080
3078766840156797251,periodic,cim,500,20,7,1,74,480750,2024,22767
3078766840156797251,periodic,cim,500,20,8,1,74,420167,2024,17437
3078766840156797251,periodic,cim,500,20,9,1,74,337667,2024,13745
3078766840156797251,periodic,cim,500,20,10,1,74,308625,2024,11071
3078766840156797251,periodic,cim,500,20,11,1,74,287541,2024,9158
3078766840156797251,periodic,cim,500,20,12,1,74,263459,2024,7647
3078766840156797251,periodic,cim,500,20,13,1,74,257458,2024,6509
1627049565101502784,periodic,brute_force,500,20,1,1,75,2102917,2011,124750
1627049565101502784,periodic,cim,500,20,2,1,75,2001250,2011,124750
1627049565101502784,periodic,cim,500,20,3,1,75,2026875,2011,124750
1627049565101502784,periodic,cim,500,20,4,1,75,1207042,2011,70214
1627049565101502784,periodic,cim,500,20,5,1,75,847125,2011,44874
1627049565101502784,periodic,cim,500,20,6,1,75,603625,2011,31196
1627049565101502784,periodic,cim,500,20,7,1,75,480584,2011,22945
1627049565101502784,periodic,cim,500,20,8,1,75,402458,2011,17549
1627049565101502784,periodic,cim,500,20,9,1,75,338709,2011,13829
1627049565101502784,periodic,cim,500,20,10,1,75,297500,2011,11149
1627049565101502784,periodic,cim,500,20,11,1,75,279959,2011,9174
1627049565101502784,periodic,cim,500,20,12,1,75,262500,2011,7692
1627049565101502784,periodic,cim,500,20,13,1,75,240209,2011,6552
13695154497335026714,periodic,brute_force,500,20,1,1,76,2130875,2013,124750
13695154497335026714,periodic,cim,500,20,2,1,76,2024958,2013,124750
13695154497335026714,periodic,cim,500,20,3,1,76,2019459,2013,124750
13695154497335026714,periodic,cim,500,20,4,1,76,1232750,2013,70080
13695154497335026714,periodic,cim,500,20,5,1,76,850750,2013,44718
13695154497335026714,periodic,cim,500,20,6,1,76,647875,2013,31035
13695154497335026714,periodic,cim,500,20,7,1,76,480708,2013,22755
13695154497335026714,periodic,cim,500,20,8,1,76,413250,2013,17378
13695154497335026714,periodic,cim,500,20,9,1,76,351667,2013,13681
13695154497335026714,periodic,cim,500,20,10,1,76,302791,2013,11108
13695154497335026714,periodic,cim,500,20,11,1,76,269917,2013,9091
13695154497335026714,periodic,cim,500,20,12,1,76,248667,2013,7597
13695154497335026714,periodic,cim,500,20,13,1,76,233417,2013,6454
15271314622816405643,periodic,brute_force,500,20,1,1,77,2054666,2021,124750
15271314622816405643,periodic,cim,500,20,2,1,77,1991333,2021,124750
15271314622816405643,periodic,cim,500,20,3,1,77,2006125,2021,124750
15271314622816405643,periodic,cim,500,20,4,1,77,1191791,2021,70017
15271314622816405643,periodic,cim,500,20,5,1,77,821542,2021,44721
15271314622816405643,periodic,cim,500,20,6,1,77,603000,2021,31041
15271314622816405643,periodic,cim,500,20,7,1,77,497417,2021,22755
15271314622816405643,periodic,cim,500,20,8,1,77,400625,2021,17399
15271314622816405643,periodic,cim,500,20,9,1,77,341000,2021,13706
15271314622816405643,periodic,cim,500,20,10,1,77,303041,2021,11065
15271314622816405643,periodic,cim,500,20,11,1,77,269791,2021,9119
15271314622816405643,periodic,cim,500,20,12,1,77,257375,2021,7627
15271314622816405643,periodic,cim,500,20,13,1,77,243000,2021,6481
8899305632060375874,periodic,brute_force,500,20,1,1,78,2057750,1994,124750
8899305632060375874,periodic,cim,500,20,2,1,78,2132834,1994,124750
8899305632060375874,periodic,cim,500,20,3,1,78,2025500,1994,124750
8899305632060375874,periodic,cim,500,20,4,1,78,1171042,1994,70079
8899305632060375874,periodic,cim,500,20,5,1,78,808000,1994,44811
8899305632060375874,periodic,cim,500,20,6,1,78,629125,1994,31103
8899305632060375874,periodic,cim,500,20,7,1,78,557584,1994,22926
8899305632060375874,periodic,cim,500,20,8,1,78,399958,1994,17396
8899305632060375874,periodic,cim,500,20,9,1,78,381875,1994,13703
8899305632060375874,periodic,cim,500,20,10,1,78,320958,1994,11104
8899305632060375874,periodic,cim,500,20,11,1,78,286083,1994,9118
8899305632060375874,periodic,cim,500,20,12,1,78,270625,1994,7641
8899305632060375874,periodic,cim,500,20,13,1,78,236250,1994,6485
8463911801620806182,periodic,brute_force,500,20,1,1,79,2112583,1994,124750
8463911801620806182,periodic,cim,500,20,2,1,79,2087292,1994,124750
8463911801620806182,periodic,cim,500,20,3,1,79,2007542,1994,124750
8463911801620806182,periodic,cim,500,20,4,1,79,1201292,1994,70109
8463911801620806182,periodic,cim,500,20,5,1,79,831583,1994,44781
8463911801620806182,periodic,cim,500,20,6,1,79,618875,1994,31040
8463911801620806182,periodic,cim,500,20,7,1,79,489875,1994,22775
8463911801620806182,periodic,cim,500,20,8,1,79,391291,1994,17394
8463911801620806182,periodic,cim,500,20,9,1,79,343584,1994,13713
8463911801620806182,periodic,cim,500,20,10,1,79,312458,1994,11082
8463911801620806182,periodic,cim,500,20,11,1,79,293291,1994,9111
8463911801620806182,periodic,cim,500,20,12,1,79,262875,1994,7645
8463911801620806182,periodic,cim,500,20,13,1,79,233917,1994,6460
14061600416031589140,periodic,brute_force,500,20,1,1,80,2135959,2006,124750
14061600416031589140,periodic,cim,500,20,2,1,80,2026916,2006,124750
14061600416031589140,periodic,cim,500,20,3,1,80,1984958,2006,124750
14061600416031589140,periodic,cim,500,20,4,1,80,1176042,2006,70008
14061600416031589140,periodic,cim,500,20,5,1,80,827334,2006,44738
14061600416031589140,periodic,cim,500,20,6,1,80,612125,2006,30971
14061600416031589140,periodic,cim,500,20,7,1,80,485625,2006,22725
14061600416031589140,periodic,cim,500,20,8,1,80,403125,2006,17429
14061600416031589140,periodic,cim,500,20,9,1,80,351291,2006,13703
14061600416031589140,periodic,cim,500,20,10,1,80,315625,2006,11120
14061600416031589140,periodic,cim,500,20,11,1,80,318084,2006,9120
14061600416031589140,periodic,cim,500,20,12,1,80,262791,2006,7682
14061600416031589140,periodic,cim,500,20,13,1,80,233333,2006,6502
17751481462211945409,periodic,brute_force,500,20,1,1,81,2122541,2023,124750
17751481462211945409,periodic,cim,500,20,2,1,81,1996875,2023,124750
17751481462211945409,periodic,cim,500,20,3,1,81,2201583,2023,124750
17751481462211945409,periodic,cim,500,20,4,1,81,1187333,2023,70090
17751481462211945409,periodic,cim,500,20,5,1,81,817459,2023,44850
17751481462211945409,periodic,cim,500,20,6,1,81,612916,2023,31164
17751481462211945409,periodic,cim,500,20,7,1,81,480125,2023,22769
17751481462211945409,periodic,cim,500,20,8,1,81,395375,2023,17470
17751481462211945409,periodic,cim,500,20,9,1,81,346709,2023,13779
17751481462211945409,periodic,cim,500,20,10,1,81,308375,2023,11134
17751481462211945409,periodic,cim,500,20,11,1,81,277250,2023,9172
17751481462211945409,periodic,cim,500,20,12,1,81,251916,2023,7747
17751481462211945409,periodic,cim,500,20,13,1,81,260709,2023,6534
12875901476728521222,periodic,brute_force,500,20,1,1,82,2082834,1985,124750
12875901476728521222,periodic,cim,500,20,2,1,82,2030834,1985,124750
12875901476728521222,periodic,cim,500,20,3,1,82,2032583,1985,124750
12875901476728521222,periodic,cim,500,20,4,1,82,1298292,1985,70093
12875901476728521222,periodic,cim,500,20,5,1,82,840458,1985,44841
12875901476728521222,periodic,cim,500,20,6,1,82,603250,1985,31067
12875901476728521222,periodic,cim,500,20,7,1,82,479542,1985,22717
12875901476728521222,periodic,cim,500,20,8,1,82,393333,1985,17391
12875901476728521222,periodic,cim,500,20,9,1,82,359750,1985,13660
12875901476728521222,periodic,cim,500,20,10,1,82,294916,1985,11025
12875901476728521222,periodic,cim,500,20,11,1,82,265792,1985,9073
12875901476728521222,periodic,cim,500,20,12,1,82,257584,1985,7602
12875901476728521222,periodic,cim,500,20,13,1,82,241167,1985,6455
10890506160206376448,periodic,brute_force,500,20,1,1,83,2167041,2040,124750
10890506160206376448,periodic,cim,500,20,2,1,83,2076416,2040,124750
10890506160206376448,periodic,cim,500,20,3,1,83,2015250,2040,124750
10890506160206376448,periodic,cim,500,20,4,1,83,1259375,2040,70074
10890506160206376448,periodic,cim,500,20,5,1,83,868542,2040,44799
10890506160206376448,periodic,cim,500,20,6,1,83,643792,2040,31076
10890506160206376448,periodic,cim,500,20,7,1,83,489250,2040,22810
10890506160206376448,periodic,cim,500,20,8,1,83,426375,2040,17451
10890506160206376448,periodic,cim,500,20,9,1,83,348208,2040,13716
10890506160206376448,periodic,cim,500,20,10,1,83,302375,2040,11067
10890506160206376448,periodic,cim,500,20,11,1,83,290208,2040,9181
10890506160206376448,periodic,cim,500,20,12,1,83,252667,2040,7663
10890506160206376448,periodic,cim,500,20,13,1,83,240333,2040,6531
14473589936916402431,periodic,brute_force,500,20,1,1,84,2154583,1988,124750
14473589936916402431,periodic,cim,500,20,2,1,84,1986667,1988,124750
14473589936916402431,periodic,cim,500,20,3,1,84,1980416,1988,124750
14473589936916402431,periodic,cim,500,20,4,1,84,1230583,1988,70143
14473589936916402431,periodic,cim,500,20,5,1,84,830917,1988,44772
14473589936916402431,periodic,cim,500,20,6,1,84,604834,1988,31076
14473589936916402431,periodic,cim,500,20,7,1,84,503416,1988,22750
14473589936916402431,periodic,cim,500,20,8,1,84,417542,1988,17368
14473589936916402431,periodic,cim,500,20,9,1,84,337500,1988,13711
14473589936916402431,periodic,cim,500,20,10,1,84,296334,1988,11049
14473589936916402431,periodic,cim,500,20,11,1,84,268209,1988,9107
14473589936916402431,periodic,cim,500,20,12,1,84,247583,1988,7638
14473589936916402431,periodic,cim,500,20,13,1,84,232667,1988,6466
14522084594251859540,periodic,brute_force,500,20,1,1,85,2067208,2025,124750
14522084594251859540,periodic,cim,500,20,2,1,85,2050958,2025,124750
14522084594251859540,periodic,cim,500,20,3,1,85,1987208,2025,124750
14522084594251859540,periodic,cim,500,20,4,1,85,1208417,2025,70098
14522084594251859540,periodic,cim,500,20,5,1,85,803042,2025,44770
14522084594251859540,periodic,cim,500,20,6,1,85,634792,2025,31109
14522084594251859540,periodic,cim,500,20,7,1,85,477542,2025,22718
14522084594251859540,periodic,cim,500,20,8,1,85,397458,2025,17419
14522084594251859540,periodic,cim,500,20,9,1,85,362334,2025,13754
14522084594251859540,periodic,cim,500,20,10,1,85,311000,2025,11088
14522084594251859540,periodic,cim,500,20,11,1,85,292375,2025,9112
14522084594251859540,periodic,cim,500,20,12,1,85,255041,2025,7673
14522084594251859540,periodic,cim,500,20,13,1,85,245541,2025,6545
4086620624382553527,periodic,brute_force,500,20,1,1,86,2102125,2032,124750
4086620624382553527,periodic,cim,500,20,2,1,86,2031875,2032,124750
4086620624382553527,periodic,cim,500,20,3,1,86,2065250,2032,124750
4086620624382553527,periodic,cim,500,20,4,1,86,1176833,2032,70041
4086620624382553527,periodic,cim,500,20,5,1,86,821791,2032,44887
4086620624382553527,periodic,cim,500,20,6,1,86,606375,2032,31119
4086620624382553527,periodic,cim,500,20,7,1,86,482667,2032,22836
4086620624382553527,periodic,cim,500,20,8,1,86,398209,2032,17456
4086620624382553527,periodic,cim,500,20,9,1,86,338583,2032,13767
4086620624382553527,periodic,cim,500,20,10,1,86,300042,2032,11095
4086620624382553527,periodic,cim,500,20,11,1,86,296875,2032,9146
4086620624382553527,periodic,cim,500,20,12,1,86,261041,2032,7699
4086620624382553527,periodic,cim,500,20,13,1,86,242042,2032,6549
3084321556315462188,periodic,brute_force,500,20,1,1,87,2141000,2020,124750
3084321556315462188,periodic,cim,500,20,2,1,87,2026250,2020,124750
3084321556315462188,periodic,cim,500,20,3,1,87,2089625,2020,124750
3084321556315462188,periodic,cim,500,20,4,1,87,1200625,2020,70139
3084321556315462188,periodic,cim,500,20,5,1,87,826083,2020,44835
3084321556315462188,periodic,cim,500,20,6,1,87,608208,2020,31104
3084321556315462188,periodic,cim,500,20,7,1,87,484042,2020,22842
3084321556315462188,periodic,cim,500,20,8,1,87,401250,2020,17428
3084321556315462188,periodic,cim,500,20,9,1,87,349959,2020,13718
3084321556315462188,periodic,cim,500,20,10,1,87,303333,2020,11077
3084321556315462188,periodic,cim,500,20,11,1,87,272792,2020,9112
3084321556315462188,periodic,cim,500,20,12,1,87,253958,2020,7655
3084321556315462188,periodic,cim,500,20,13,1,87,235084,2020,6496
12041522438190745261,periodic,brute_force,500,20,1,1,88,2143375,1973,124750
12041522438190745261,periodic,cim,500,20,2,1,88,1999166,1973,124750
12041522438190745261,periodic,cim,500,20,3,1,88,1983208,1973,124750
12041522438190745261,periodic,cim,500,20,4,1,88,1180209,1973,70157
12041522438190745261,periodic,cim,500,20,5,1,88,879833,1973,44894
12041522438190745261,periodic,cim,500,20,6,1,88,632250,1973,31111
12041522438190745261,periodic,cim,500,20,7,1,88,493291,1973,22819
12041522438190745261,periodic,cim,500,20,8,1,88,392958,1973,17409
12041522438190745261,periodic,cim,500,20,9,1,88,339250,1973,13722
12041522438190745261,periodic,cim,500,20,10,1,88,297666,1973,11091
12041522438190745261,periodic,cim,500,20,11,1,88,271458,1973,9147
12041522438190745261,periodic,cim,500,20,12,1,88,250834,1973,7659
12041522438190745261,periodic,cim,500,20,13,1,88,234875,1973,6518
16655810039019214893,periodic,brute_force,500,20,1,1,89,2138292,2036,124750
16655810039019214893,periodic,cim,500,20,2,1,89,2053250,2036,124750
16655810039019214893,periodic,cim,500,20,3,1,89,2147417,2036,124750
16655810039019214893,periodic,cim,500,20,4,1,89,1207041,2036,70101
16655810039019214893,periodic,cim,500,20,5,1,89,861666,2036,44847
16655810039019214893,periodic,cim,500,20,6,1,89,676833,2036,31160
16655810039019214893,periodic,cim,500,20,7,1,89,488209,2036,22863
16655810039019214893,periodic,cim,500,20,8,1,89,398916,2036,17411
16655810039019214893,periodic,cim,500,20,9,1,89,336958,2036,13736
16655810039019214893,periodic,cim,500,20,10,1,89,324458,2036,11150
16655810039019214893,periodic,cim,500,20,11,1,89,272459,2036,9150
16655810039019214893,periodic,cim,500,20,12,1,89,252542,2036,7696
16655810039019214893,periodic,cim,500,20,13,1,89,236458,2036,6487
11045815033613696261,periodic,brute_force,500,20,1,1,90,2109458,1961,124750
11045815033613696261,periodic,cim,500,20,2,1,90,2197750,1961,124750
11045815033613696261,periodic,cim,500,20,3,1,90,2015792,1961,124750
11045815033613696261,periodic,cim,500,20,4,1,90,1176583,1961,70089
11045815033613696261,periodic,cim,500,20,5,1,90,811458,1961,44808
11045815033613696261,periodic,cim,500,20,6,1,90,608250,1961,31062
11045815033613696261,periodic,cim,500,20,7,1,90,522083,1961,22798
11045815033613696261,periodic,cim,500,20,8,1,90,404500,1961,17361
11045815033613696261,periodic,cim,500,20,9,1,90,335625,1961,13660
11045815033613696261,periodic,cim,500,20,10,1,90,299416,1961,11059
11045815033613696261,periodic,cim,500,20,11,1,90,276500,1961,9110
11045815033613696261,periodic,cim,500,20,12,1,90,247000,1961,7610
11045815033613696261,periodic,cim,500,20,13,1,90,251417,1961,6457
5936288905977218476,periodic,brute_force,500,20,1,1,91,2093125,2027,124750
5936288905977218476,periodic,cim,500,20,2,1,91,2112625,2027,124750
5936288905977218476,periodic,cim,500,20,3,1,91,1988916,2027,124750
5936288905977218476,periodic,cim,500,20,4,1,91,1214167,2027,70090
5936288905977218476,periodic,cim,500,20,5,1,91,832667,2027,44764
5936288905977218476,periodic,cim,500,20,6,1,91,644417,2027,30983
5936288905977218476,periodic,cim,500,20,7,1,91,502916,2027,22702
5936288905977218476,periodic,cim,500,20,8,1,91,483458,2027,17361
5936288905977218476,periodic,cim,500,20,9,1,91,370417,2027,13696
5936288905977218476,periodic,cim,500,20,10,1,91,318917,2027,11081
5936288905977218476,periodic,cim,500,20,11,1,91,287709,2027,9131
5936288905977218476,periodic,cim,500,20,12,1,91,254084,2027,7621
5936288905977218476,periodic,cim,500,20,13,1,91,238000,2027,6480
2379837435350536391,periodic,brute_force,500,20,1,1,92,2087666,2018,124750
2379837435350536391,periodic,cim,500,20,2,1,92,2106500,2018,124750
2379837435350536391,periodic,cim,500,20,3,1,92,2014083,2018,124750
2379837435350536391,periodic,cim,500,20,4,1,92,1255000,2018,70044
2379837435350536391,periodic,cim,500,20,5,1,92,822125,2018,44815
2379837435350536391,periodic,cim,500,20,6,1,92,609375,2018,31010
2379837435350536391,periodic,cim,500,20,7,1,92,476834,2018,22797
2379837435350536391,periodic,cim,500,20,8,1,92,394500,2018,17370
2379837435350536391,periodic,cim,500,20,9,1,92,341209,2018,13662
2379837435350536391,periodic,cim,500,20,10,1,92,301042,2018,11014
2379837435350536391,periodic,cim,500,20,11,1,92,269041,2018,9103
2379837435350536391,periodic,cim,500,20,12,1,92,257542,2018,7583
2379837435350536391,periodic,cim,500,20,13,1,92,234875,2018,6455
7999164954306247711,periodic,brute_force,500,20,1,1,93,2111208,2015,124750
7999164954306247711,periodic,cim,500,20,2,1,93,2005084,2015,124750
7999164954306247711,periodic,cim,500,20,3,1,93,2162500,2015,124750
7999164954306247711,periodic,cim,500,20,4,1,93,1226791,2015,70036
7999164954306247711,periodic,cim,500,20,5,1,93,801875,2015,44793
7999164954306247711,periodic,cim,500,20,6,1,93,604583,2015,31011
7999164954306247711,periodic,cim,500,20,7,1,93,478208,2015,22768
7999164954306247711,periodic,cim,500,20,8,1,93,400250,2015,17394
7999164954306247711,periodic,cim,500,20,9,1,93,350458,2015,13734
7999164954306247711,periodic,cim,500,20,10,1,93,323541,2015,11026
7999164954306247711,periodic,cim,500,20,11,1,93,271750,2015,9130
7999164954306247711,periodic,cim,500,20,12,1,93,261666,2015,7614
7999164954306247711,periodic,cim,500,20,13,1,93,268125,2015,6462
23218010115013423,periodic,brute_force,500,20,1,1,94,2113542,2020,124750
23218010115013423,periodic,cim,500,20,2,1,94,1999334,2020,124750
23218010115013423,periodic,cim,500,20,3,1,94,2038208,2020,124750
23218010115013423,periodic,cim,500,20,4,1,94,1188542,2020,70115
23218010115013423,periodic,cim,500,20,5,1,94,810833,2020,44853
23218010115013423,periodic,cim,500,20,6,1,94,604500,2020,31175
23218010115013423,periodic,cim,500,20,7,1,94,487708,2020,22843
23218010115013423,periodic,cim,500,20,8,1,94,412792,2020,17401
23218010115013423,periodic,cim,500,20,9,1,94,357209,2020,13729
23218010115013423,periodic,cim,500,20,10,1,94,312500,2020,11076
23218010115013423,periodic,cim,500,20,11,1,94,292375,2020,9148
23218010115013423,periodic,cim,500,20,12,1,94,273958,2020,7672
23218010115013423,periodic,cim,500,20,13,1,94,235250,2020,6465
15178110590270486550,periodic,brute_force,500,20,1,1,95,2084417,2026,124750
15178110590270486550,periodic,cim,500,20,2,1,95,2072750,2026,124750
15178110590270486550,periodic,cim,500,20,3,1,95,1990125,2026,124750
15178110590270486550,periodic,cim,500,20,4,1,95,1196000,2026,70314
15178110590270486550,periodic,cim,500,20,5,1,95,880792,2026,45032
15178110590270486550,periodic,cim,500,20,6,1,95,636542,2026,31256
15178110590270486550,periodic,cim,500,20,7,1,95,484250,2026,22961
15178110590270486550,periodic,cim,500,20,8,1,95,401458,2026,17525
15178110590270486550,periodic,cim,500,20,9,1,95,399333,2026,13805
15178110590270486550,periodic,cim,500,20,10,1,95,299041,2026,11173
15178110590270486550,periodic,cim,500,20,11,1,95,277833,2026,9212
15178110590270486550,periodic,cim,500,20,12,1,95,254375,2026,7704
15178110590270486550,periodic,cim,500,20,13,1,95,236250,2026,6510
18170094898040335982,periodic,brute_force,500,20,1,1,96,2186209,2014,124750
18170094898040335982,periodic,cim,500,20,2,1,96,2033834,2014,124750
18170094898040335982,periodic,cim,500,20,3,1,96,2000209,2014,124750
18170094898040335982,periodic,cim,500,20,4,1,96,1178458,2014,70115
18170094898040335982,periodic,cim,500,20,5,1,96,857792,2014,44805
18170094898040335982,periodic,cim,500,20,6,1,96,601917,2014,31122
18170094898040335982,periodic,cim,500,20,7,1,96,477250,2014,22758
18170094898040335982,periodic,cim,500,20,8,1,96,405208,2014,17393
18170094898040335982,periodic,cim,500,20,9,1,96,358917,2014,13714
18170094898040335982,periodic,cim,500,20,10,1,96,311666,2014,11046
18170094898040335982,periodic,cim,500,20,11,1,96,292708,2014,9103
18170094898040335982,periodic,cim,500,20,12,1,96,275000,2014,7635
18170094898040335982,periodic,cim,500,20,13,1,96,243792,2014,6452
15045976672429159122,periodic,brute_force,500,20,1,1,97,2075625,2023,124750
15045976672429159122,periodic,cim,500,20,2,1,97,2056791,2023,124750
15045976672429159122,periodic,cim,500,20,3,1,97,2027125,2023,124750
15045976672429159122,periodic,cim,500,20,4,1,97,1287750,2023,70088
15045976672429159122,periodic,cim,500,20,5,1,97,857750,2023,44823
15045976672429159122,periodic,cim,500,20,6,1,97,652875,2023,31012
15045976672429159122,periodic,cim,500,20,7,1,97,494625,2023,22785
15045976672429159122,periodic,cim,500,20,8,1,97,409875,2023,17387
15045976672429159122,periodic,cim,500,20,9,1,97,368041,2023,13667
15045976672429159122,periodic,cim,500,20,10,1,97,335750,2023,11080
15045976672429159122,periodic,cim,500,20,11,1,97,269791,2023,9101
15045976672429159122,periodic,cim,500,20,12,1,97,254208,2023,7602
15045976672429159122,periodic,cim,500,20,13,1,97,241375,2023,6441
13432387071004342670,periodic,brute_force,500,20,1,1,98,2138292,2033,124750
13432387071004342670,periodic,cim,500,20,2,1,98,2159208,2033,124750
13432387071004342670,periodic,cim,500,20,3,1,98,2029084,2033,124750
13432387071004342670,periodic,cim,500,20,4,1,98,1191792,2033,70123
13432387071004342670,periodic,cim,500,20,5,1,98,843500,2033,44888
13432387071004342670,periodic,cim,500,20,6,1,98,614750,2033,31151
13432387071004342670,periodic,cim,500,20,7,1,98,507459,2033,22840
13432387071004342670,periodic,cim,500,20,8,1,98,424583,2033,17442
13432387071004342670,periodic,cim,500,20,9,1,98,338083,2033,13755
13432387071004342670,periodic,cim,500,20,10,1,98,300417,2033,11134
13432387071004342670,periodic,cim,500,20,11,1,98,279416,2033,9155
13432387071004342670,periodic,cim,500,20,12,1,98,251209,2033,7639
13432387071004342670,periodic,cim,500,20,13,1,98,244084,2033,6497
8475489998817033317,periodic,brute_force,500,20,1,1,99,2194625,2006,124750
8475489998817033317,periodic,cim,500,20,2,1,99,2032708,2006,124750
8475489998817033317,periodic,cim,500,20,3,1,99,1999875,2006,124750
8475489998817033317,periodic,cim,500,20,4,1,99,1184791,2006,70032
8475489998817033317,periodic,cim,500,20,5,1,99,824916,2006,44749
8475489998817033317,periodic,cim,500,20,6,1,99,625250,2006,30987
8475489998817033317,periodic,cim,500,20,7,1,99,485542,2006,22727
8475489998817033317,periodic,cim,500,20,8,1,99,402000,2006,17409
8475489998817033317,periodic,cim,500,20,9,1,99,361250,2006,13648
8475489998817033317,periodic,cim,500,20,10,1,99,301500,2006,10987
8475489998817033317,periodic,cim,500,20,11,1,99,273375,2006,9061
8475489998817033317,periodic,cim,500,20,12,1,99,255042,2006,7627
8475489998817033317,periodic,cim,500,20,13,1,99,236083,2006,6473
13547983664952875686,periodic,brute_force,500,20,1,1,100,2088792,2006,124750
13547983664952875686,periodic,cim,500,20,2,1,100,1979375,2006,124750
13547983664952875686,periodic,cim,500,20,3,1,100,2053958,2006,124750
13547983664952875686,periodic,cim,500,20,4,1,100,1198917,2006,70070
13547983664952875686,periodic,cim,500,20,5,1,100,802041,2006,44812
13547983664952875686,periodic,cim,500,20,6,1,100,600708,2006,31059
13547983664952875686,periodic,cim,500,20,7,1,100,490625,2006,22725
13547983664952875686,periodic,cim,500,20,8,1,100,522125,2006,17394
13547983664952875686,periodic,cim,500,20,9,1,100,356042,2006,13675
13547983664952875686,periodic,cim,500,20,10,1,100,307333,2006,11069
13547983664952875686,periodic,cim,500,20,11,1,100,293333,2006,9068
13547983664952875686,periodic,cim,500,20,12,1,100,253541,2006,7621
13547983664952875686,periodic,cim,500,20,13,1,100,233542,2006,6466
15383934621101539341,periodic,brute_force,1050,20,1,1,1,9398542,9120,550725
15383934621101539341,periodic,cim,1050,20,2,1,1,9050750,9120,550725
15383934621101539341,periodic,cim,1050,20,3,1,1,9008333,9120,550725
15383934621101539341,periodic,cim,1050,20,4,1,1,5225208,9120,309529
15383934621101539341,periodic,cim,1050,20,5,1,1,3583250,9120,197929
15383934621101539341,periodic,cim,1050,20,6,1,1,2710583,9120,137315
15383934621101539341,periodic,cim,1050,20,7,1,1,2057250,9120,100740
15383934621101539341,periodic,cim,1050,20,8,1,1,1749250,9120,77027
15383934621101539341,periodic,cim,1050,20,9,1,1,1504375,9120,60736
15383934621101539341,periodic,cim,1050,20,10,1,1,1354709,9120,49176
15383934621101539341,periodic,cim,1050,20,11,1,1,1111333,9120,40537
15383934621101539341,periodic,cim,1050,20,12,1,1,1052667,9120,33952
15383934621101539341,periodic,cim,1050,20,13,1,1,1011875,9120,28881
8852854945244174207,periodic,brute_force,1050,20,1,1,2,9294917,9168,550725
8852854945244174207,periodic,cim,1050,20,2,1,2,9140375,9168,550725
8852854945244174207,periodic,cim,1050,20,3,1,2,9039167,9168,550725
8852854945244174207,periodic,cim,1050,20,4,1,2,5282667,9168,309548
8852854945244174207,periodic,cim,1050,20,5,1,2,3531292,9168,198007
8852854945244174207,periodic,cim,1050,20,6,1,2,2778167,9168,137315
8852854945244174207,periodic,cim,1050,20,7,1,2,2089541,9168,100810
8852854945244174207,periodic,cim,1050,20,8,1,2,1782792,9168,77041
8852854945244174207,periodic,cim,1050,20,9,1,2,1443500,9168,60783
8852854945244174207,periodic,cim,1050,20,10,1,2,1299375,9168,49126
8852854945244174207,periodic,cim,1050,20,11,1,2,1146083,9168,40539
8852854945244174207,periodic,cim,1050,20,12,1,2,1037958,9168,33983
8852854945244174207,periodic,cim,1050,20,13,1,2,966125,9168,28883
16079925995340514346,periodic,brute_force,1050,20,1,1,3,9164333,9114,550725
16079925995340514346,periodic,cim,1050,20,2,1,3,9176875,9114,550725
16079925995340514346,periodic,cim,1050,20,3,1,3,9167125,9114,550725
16079925995340514346,periodic,cim,1050,20,4,1,3,5251833,9114,309564
16079925995340514346,periodic,cim,1050,20,5,1,3,3497292,9114,197933
16079925995340514346,periodic,cim,1050,20,6,1,3,2777709,9114,137335
16079925995340514346,periodic,cim,1050,20,7,1,3,2074625,9114,100748
16079925995340514346,periodic,cim,1050,20,8,1,3,1703625,9114,77021
16079925995340514346,periodic,cim,1050,20,9,1,3,1441000,9114,60762
16079925995340514346,periodic,cim,1050,20,10,1,3,1375583,9114,49131
16079925995340514346,periodic,cim,1050,20,11,1,3,1136333,9114,40514
16079925995340514346,periodic,cim,1050,20,12,1,3,1024916,9114,33956
16079925995340514346,periodic,cim,1050,20,13,1,3,969792,9114,28861
17176447446331672875,periodic,brute_force,1050,20,1,1,4,9431958,9126,550725
17176447446331672875,periodic,cim,1050,20,2,1,4,8858250,9126,550725
17176447446331672875,periodic,cim,1050,20,3,1,4,8890500,9126,550725
17176447446331672875,periodic,cim,1050,20,4,1,4,5235333,9126,309562
17176447446331672875,periodic,cim,1050,20,5,1,4,3557292,9126,197989
17176447446331672875,periodic,cim,1050,20,6,1,4,2621542,9126,137314
17176447446331672875,periodic,cim,1050,20,7,1,4,2127875,9126,100753
17176447446331672875,periodic,cim,1050,20,8,1,4,1706667,9126,77034
17176447446331672875,periodic,cim,1050,20,9,1,4,1411416,9126,60779
17176447446331672875,periodic,cim,1050,20,10,1,4,1229750,9126,49138
17176447446331672875,periodic,cim,1050,20,11,1,4,1143667,9126,40547
17176447446331672875,periodic,cim,1050,20,12,1,4,1066666,9126,33948
17176447446331672875,periodic,cim,1050,20,13,1,4,954208,9126,28867
13505740847716657584,periodic,brute_force,1050,20,1,1,5,9521208,9115,550725
13505740847716657584,periodic,cim,1050,20,2,1,5,8886042,9115,550725
13505740847716657584,periodic,cim,1050,20,3,1,5,8902583,9115,550725
13505740847716657584,periodic,cim,1050,20,4,1,5,5192834,9115,309585
13505740847716657584,periodic,cim,1050,20,5,1,5,3669083,9115,197947
13505740847716657584,periodic,cim,1050,20,6,1,5,2639834,9115,137334
13505740847716657584,periodic,cim,1050,20,7,1,5,2090958,9115,100760
13505740847716657584,periodic,cim,1050,20,8,1,5,1850042,9115,77077
13505740847716657584,periodic,cim,1050,20,9,1,5,1424084,9115,60774
13505740847716657584,periodic,cim,1050,20,10,1,5,1256333,9115,49150
13505740847716657584,periodic,cim,1050,20,11,1,5,1130500,9115,40516
13505740847716657584,periodic,cim,1050,20,12,1,5,1036583,9115,33965
13505740847716657584,periodic,cim,1050,20,13,1,5,974709,9115,28850
13717307472350176358,periodic,brute_force,1050,20,1,1,6,9341250,9145,550725
13717307472350176358,periodic,cim,1050,20,2,1,6,9100542,9145,550725
13717307472350176358,periodic,cim,1050,20,3,1,6,9049209,9145,550725
13717307472350176358,periodic,cim,1050,20,4,1,6,5276291,9145,309668
13717307472350176358,periodic,cim,1050,20,5,1,6,3519458,9145,198068
13717307472350176358,periodic,cim,1050,20,6,1,6,2642625,9145,137358
13717307472350176358,periodic,cim,1050,20,7,1,6,2114417,9145,100783
13717307472350176358,periodic,cim,1050,20,8,1,6,1682542,9145,77086
13717307472350176358,periodic,cim,1050,20,9,1,6,1416083,9145,60766
13717307472350176358,periodic,cim,1050,20,10,1,6,1260875,9145,49166
13717307472350176358,periodic,cim,1050,20,11,1,6,1137750,9145,40553
13717307472350176358,periodic,cim,1050,20,12,1,6,1094625,9145,33990
13717307472350176358,periodic,cim,1050,20,13,1,6,988292,9145,28912
5103490642012277062,periodic,brute_force,1050,20,1,1,7,9396042,9145,550725
5103490642012277062,periodic,cim,1050,20,2,1,7,8894542,9145,550725
5103490642012277062,periodic,cim,1050,20,3,1,7,8976042,9145,550725
5103490642012277062,periodic,cim,1050,20,4,1,7,5244834,9145,309660
5103490642012277062,periodic,cim,1050,20,5,1,7,3616458,9145,197961
5103490642012277062,periodic,cim,1050,20,6,1,7,2657917,9145,137338
5103490642012277062,periodic,cim,1050,20,7,1,7,2073791,9145,100812
5103490642012277062,periodic,cim,1050,20,8,1,7,1691375,9145,77075
5103490642012277062,periodic,cim,1050,20,9,1,7,1430208,9145,60819
5103490642012277062,periodic,cim,1050,20,10,1,7,1252792,9145,49167
5103490642012277062,periodic,cim,1050,20,11,1,7,1160625,9145,40549
5103490642012277062,periodic,cim,1050,20,12,1,7,1082042,9145,33961
5103490642012277062,periodic,cim,1050,20,13,1,7,976959,9145,28863
5486161615575227744,periodic,brute_force,1050,20,1,1,8,9416083,9126,550725
5486161615575227744,periodic,cim,1050,20,2,1,8,8950750,9126,550725
5486161615575227744,periodic,cim,1050,20,3,1,8,8915334,9126,550725
5486161615575227744,periodic,cim,1050,20,4,1,8,5223250,9126,309556
5486161615575227744,periodic,cim,1050,20,5,1,8,3622292,9126,197950
5486161615575227744,periodic,cim,1050,20,6,1,8,2661250,9126,137300
5486161615575227744,periodic,cim,1050,20,7,1,8,2085875,9126,100720
5486161615575227744,periodic,cim,1050,20,8,1,8,1732875,9126,77021
5486161615575227744,periodic,cim,1050,20,9,1,8,1446208,9126,60778
5486161615575227744,periodic,cim,1050,20,10,1,8,1252208,9126,49129
5486161615575227744,periodic,cim,1050,20,11,1,8,1139666,9126,40532
5486161615575227744,periodic,cim,1050,20,12,1,8,1054417,9126,33966
5486161615575227744,periodic,cim,1050,20,13,1,8,973750,9126,28877
11499712776270428043,periodic,brute_force,1050,20,1,1,9,9221666,9165,550725
11499712776270428043,periodic,cim,1050,20,2,1,9,9049292,9165,550725
11499712776270428043,periodic,cim,1050,20,3,1,9,9101084,9165,550725
11499712776270428043,periodic,cim,1050,20,4,1,9,5439208,9165,309682
11499712776270428043,periodic,cim,1050,20,5,1,9,3696417,9165,198021
11499712776270428043,periodic,cim,1050,20,6,1,9,2743750,9165,137366
11499712776270428043,periodic,cim,1050,20,7,1,9,2107666,9165,100808
11499712776270428043,periodic,cim,1050,20,8,1,9,1681667,9165,77079
11499712776270428043,periodic,cim,1050,20,9,1,9,1425792,9165,60772
11499712776270428043,periodic,cim,1050,20,10,1,9,1272458,9165,49196
11499712776270428043,periodic,cim,1050,20,11,1,9,1229209,9165,40537
11499712776270428043,periodic,cim,1050,20,12,1,9,1047083,9165,33993
11499712776270428043,periodic,cim,1050,20,13,1,9,981083,9165,28900
2499619672817436906,periodic,brute_force,1050,20,1,1,10,9222417,9178,550725
2499619672817436906,periodic,cim,1050,20,2,1,10,8875084,9178,550725
2499619672817436906,periodic,cim,1050,20,3,1,10,9078750,9178,550725
2499619672817436906,periodic,cim,1050,20,4,1,10,5310000,9178,309596
2499619672817436906,periodic,cim,1050,20,5,1,10,3552708,9178,197911
2499619672817436906,periodic,cim,1050,20,6,1,10,2713500,9178,137307
2499619672817436906,periodic,cim,1050,20,7,1,10,2072417,9178,100770
2499619672817436906,periodic,cim,1050,20,8,1,10,1795833,9178,77050
2499619672817436906,periodic,cim,1050,20,9,1,10,1428125,9178,60779
2499619672817436906,periodic,cim,1050,20,10,1,10,1253209,9178,49119
2499619672817436906,periodic,cim,1050,20,11,1,10,1141709,9178,40550
2499619672817436906,periodic,cim,1050,20,12,1,10,1079500,9178,33981
2499619672817436906,periodic,cim,1050,20,13,1,10,1020167,9178,28899
1921610414541845907,periodic,brute_force,1050,20,1,1,11,9222583,9119,550725
1921610414541845907,periodic,cim,1050,20,2,1,11,8818250,9119,550725
1921610414541845907,periodic,cim,1050,20,3,1,11,8936542,9119,550725
1921610414541845907,periodic,cim,1050,20,4,1,11,5315791,9119,309630
1921610414541845907,periodic,cim,1050,20,5,1,11,3534791,9119,197934
1921610414541845907,periodic,cim,1050,20,6,1,11,2682416,9119,137386
1921610414541845907,periodic,cim,1050,20,7,1,11,2201709,9119,100761
1921610414541845907,periodic,cim,1050,20,8,1,11,1696000,9119,77072
1921610414541845907,periodic,cim,1050,20,9,1,11,1446709,9119,60785
1921610414541845907,periodic,cim,1050,20,10,1,11,1244416,9119,49164
1921610414541845907,periodic,cim,1050,20,11,1,11,1238542,9119,40545
1921610414541845907,periodic,cim,1050,20,12,1,11,1071917,9119,34012
1921610414541845907,periodic,cim,1050,20,13,1,11,965208,9119,28884
7345542546353834142,periodic,brute_force,1050,20,1,1,12,9355042,9134,550725
7345542546353834142,periodic,cim,1050,20,2,1,12,8934375,9134,550725
7345542546353834142,periodic,cim,1050,20,3,1,12,8877292,9134,550725
7345542546353834142,periodic,cim,1050,20,4,1,12,5196500,9134,309564
7345542546353834142,periodic,cim,1050,20,5,1,12,3479542,9134,197988
7345542546353834142,periodic,cim,1050,20,6,1,12,2634875,9134,137381
7345542546353834142,periodic,cim,1050,20,7,1,12,2049625,9134,100842
7345542546353834142,periodic,cim,1050,20,8,1,12,1656750,9134,77078
7345542546353834142,periodic,cim,1050,20,9,1,12,1422375,9134,60810
7345542546353834142,periodic,cim,1050,20,10,1,12,1290750,9134,49199
7345542546353834142,periodic,cim,1050,20,11,1,12,1120750,9134,40540
7345542546353834142,periodic,cim,1050,20,12,1,12,1031958,9134,34016
7345542546353834142,periodic,cim,1050,20,13,1,12,1007959,9134,28898
15903597139602309224,periodic,brute_force,1050,20,1,1,13,9301292,9109,550725
15903597139602309224,periodic,cim,1050,20,2,1,13,8775875,9109,550725
15903597139602309224,periodic,cim,1050,20,3,1,13,9013833,9109,550725
15903597139602309224,periodic,cim,1050,20,4,1,13,5327750,9109,309574
15903597139602309224,periodic,cim,1050,20,5,1,13,3532500,9109,197977
15903597139602309224,periodic,cim,1050,20,6,1,13,2623750,9109,137338
15903597139602309224,periodic,cim,1050,20,7,1,13,2118916,9109,100751
15903597139602309224,periodic,cim,1050,20,8,1,13,1760667,9109,77022
15903597139602309224,periodic,cim,1050,20,9,1,13,1435458,9109,60761
15903597139602309224,periodic,cim,1050,20,10,1,13,1263167,9109,49152
15903597139602309224,periodic,cim,1050,20,11,1,13,1141333,9109,40514
15903597139602309224,periodic,cim,1050,20,12,1,13,1093417,9109,33954
15903597139602309224,periodic,cim,1050,20,13,1,13,986708,9109,28860
7255388836753538371,periodic,brute_force,1050,20,1,1,14,9267833,9151,550725
7255388836753538371,periodic,cim,1050,20,2,1,14,9100500,9151,550725
7255388836753538371,periodic,cim,1050,20,3,1,14,9140292,9151,550725
7255388836753538371,periodic,cim,1050,20,4,1,14,5245583,9151,309526
7255388836753538371,periodic,cim,1050,20,5,1,14,3747250,9151,197948
7255388836753538371,periodic,cim,1050,20,6,1,14,2610542,9151,137302
7255388836753538371,periodic,cim,1050,20,7,1,14,2095875,9151,100762
7255388836753538371,periodic,cim,1050,20,8,1,14,1765459,9151,77032
7255388836753538371,periodic,cim,1050,20,9,1,14,1407250,9151,60755
7255388836753538371,periodic,cim,1050,20,10,1,14,1462667,9151,49133
7255388836753538371,periodic,cim,1050,20,11,1,14,1364416,9151,40511
7255388836753538371,periodic,cim,1050,20,12,1,14,1051750,9151,34000
7255388836753538371,periodic,cim,1050,20,13,1,14,956792,9151,28875
16561123417504185919,periodic,brute_force,1050,20,1,1,15,9522166,9125,550725
16561123417504185919,periodic,cim,1050,20,2,1,15,9093292,9125,550725
16561123417504185919,periodic,cim,1050,20,3,1,15,9052834,9125,550725
16561123417504185919,periodic,cim,1050,20,4,1,15,5295916,9125,309609
16561123417504185919,periodic,cim,1050,20,5,1,15,3646667,9125,197980
16561123417504185919,periodic,cim,1050,20,6,1,15,2693833,9125,137339
16561123417504185919,periodic,cim,1050,20,7,1,15,2248875,9125,100783
16561123417504185919,periodic,cim,1050,20,8,1,15,1716917,9125,77055
16561123417504185919,periodic,cim,1050,20,9,1,15,1442291,9125,60814
16561123417504185919,periodic,cim,1050,20,10,1,15,1281459,9125,49186
16561123417504185919,periodic,cim,1050,20,11,1,15,1219250,9125,40583
16561123417504185919,periodic,cim,1050,20,12,1,15,1095291,9125,34006
16561123417504185919,periodic,cim,1050,20,13,1,15,959250,9125,28928
15951571273402034647,periodic,brute_force,1050,20,1,1,16,9572333,9118,550725
15951571273402034647,periodic,cim,1050,20,2,1,16,9144084,9118,550725
15951571273402034647,periodic,cim,1050,20,3,1,16,8855959,9118,550725
15951571273402034647,periodic,cim,1050,20,4,1,16,5264125,9118,309624
15951571273402034647,periodic,cim,1050,20,5,1,16,3606875,9118,198043
15951571273402034647,periodic,cim,1050,20,6,1,16,2628166,9118,137369
15951571273402034647,periodic,cim,1050,20,7,1,16,2186959,9118,100791
15951571273402034647,periodic,cim,1050,20,8,1,16,1689167,9118,77072
15951571273402034647,periodic,cim,1050,20,9,1,16,1526958,9118,60791
15951571273402034647,periodic,cim,1050,20,10,1,16,1291875,9118,49150
15951571273402034647,periodic,cim,1050,20,11,1,16,1142583,9118,40513
15951571273402034647,periodic,cim,1050,20,12,1,16,1041250,9118,34016
15951571273402034647,periodic,cim,1050,20,13,1,16,970542,9118,28875
5879890194129473716,periodic,brute_force,1050,20,1,1,17,9482250,9133,550725
5879890194129473716,periodic,cim,1050,20,2,1,17,9015334,9133,550725
5879890194129473716,periodic,cim,1050,20,3,1,17,9034333,9133,550725
5879890194129473716,periodic,cim,1050,20,4,1,17,5176667,9133,309586
5879890194129473716,periodic,cim,1050,20,5,1,17,3546292,9133,197996
5879890194129473716,periodic,cim,1050,20,6,1,17,2703708,9133,137357
5879890194129473716,periodic,cim,1050,20,7,1,17,2164042,9133,100775
5879890194129473716,periodic,cim,1050,20,8,1,17,1677959,9133,77057
5879890194129473716,periodic,cim,1050,20,9,1,17,1417667,9133,60763
5879890194129473716,periodic,cim,1050,20,10,1,17,1236500,9133,49124
5879890194129473716,periodic,cim,1050,20,11,1,17,1133375,9133,40525
5879890194129473716,periodic,cim,1050,20,12,1,17,1033875,9133,33983
5879890194129473716,periodic,cim,1050,20,13,1,17,1023500,9133,28886
6093940324628665128,periodic,brute_force,1050,20,1,1,18,9328625,9100,550725
6093940324628665128,periodic,cim,1050,20,2,1,18,9036125,9100,550725
6093940324628665128,periodic,cim,1050,20,3,1,18,9257083,9100,550725
6093940324628665128,periodic,cim,1050,20,4,1,18,5360375,9100,309635
6093940324628665128,periodic,cim,1050,20,5,1,18,3692459,9100,198051
6093940324628665128,periodic,cim,1050,20,6,1,18,2633750,9100,137353
6093940324628665128,periodic,cim,1050,20,7,1,18,2110959,9100,100810
6093940324628665128,periodic,cim,1050,20,8,1,18,1699417,9100,77062
6093940324628665128,periodic,cim,1050,20,9,1,18,1414042,9100,60807
6093940324628665128,periodic,cim,1050,20,10,1,18,1252041,9100,49154
6093940324628665128,periodic,cim,1050,20,11,1,18,1147834,9100,40546
6093940324628665128,periodic,cim,1050,20,12,1,18,1049750,9100,33984
6093940324628665128,periodic,cim,1050,20,13,1,18,979917,9100,28876
11115944728755386951,periodic,brute_force,1050,20,1,1,19,9284459,9149,550725
11115944728755386951,periodic,cim,1050,20,2,1,19,9151459,9149,550725
11115944728755386951,periodic,cim,1050,20,3,1,19,9113334,9149,550725
11115944728755386951,periodic,cim,1050,20,4,1,19,5267833,9149,309579
11115944728755386951,periodic,cim,1050,20,5,1,19,3599000,9149,197953
11115944728755386951,periodic,cim,1050,20,6,1,19,2729458,9149,137380
11115944728755386951,periodic,cim,1050,20,7,1,19,2087750,9149,100841
11115944728755386951,periodic,cim,1050,20,8,1,19,1692792,9149,77059
11115944728755386951,periodic,cim,1050,20,9,1,19,1448292,9149,60771
11115944728755386951,periodic,cim,1050,20,10,1,19,1271500,9149,49129
11115944728755386951,periodic,cim,1050,20,11,1,19,1314958,9149,40550
11115944728755386951,periodic,cim,1050,20,12,1,19,1090208,9149,33991
11115944728755386951,periodic,cim,1050,20,13,1,19,967458,9149,28880
14756910762417343447,periodic,brute_force,1050,20,1,1,20,9536834,9123,550725
14756910762417343447,periodic,cim,1050,20,2,1,20,9031125,9123,550725
14756910762417343447,periodic,cim,1050,20,3,1,20,9110500,9123,550725
14756910762417343447,periodic,cim,1050,20,4,1,20,5347583,9123,309547
14756910762417343447,periodic,cim,1050,20,5,1,20,3613416,9123,197956
14756910762417343447,periodic,cim,1050,20,6,1,20,2651041,9123,137286
14756910762417343447,periodic,cim,1050,20,7,1,20,2148375,9123,100765
14756910762417343447,periodic,cim,1050,20,8,1,20,1725666,9123,77065
14756910762417343447,periodic,cim,1050,20,9,1,20,1447458,9123,60775
14756910762417343447,periodic,cim,1050,20,10,1,20,1293667,9123,49111
14756910762417343447,periodic,cim,1050,20,11,1,20,1151583,9123,40540
14756910762417343447,periodic,cim,1050,20,12,1,20,1043541,9123,33961
14756910762417343447,periodic,cim,1050,20,13,1,20,1040500,9123,28913
8800242670084089430,periodic,brute_force,1050,20,1,1,21,9321042,9083,550725
8800242670084089430,periodic,cim,1050,20,2,1,21,9184083,9083,550725
8800242670084089430,periodic,cim,1050,20,3,1,21,9102667,9083,550725
8800242670084089430,periodic,cim,1050,20,4,1,21,5229458,9083,309558
8800242670084089430,periodic,cim,1050,20,5,1,21,3534542,9083,197951
8800242670084089430,periodic,cim,1050,20,6,1,21,2697291,9083,137322
8800242670084089430,periodic,cim,1050,20,7,1,21,2120209,9083,100769
8800242670084089430,periodic,cim,1050,20,8,1,21,1709333,9083,77041
8800242670084089430,periodic,cim,1050,20,9,1,21,1439875,9083,60758
8800242670084089430,periodic,cim,1050,20,10,1,21,1461208,9083,49113
8800242670084089430,periodic,cim,1050,20,11,1,21,1157417,9083,40509
8800242670084089430,periodic,cim,1050,20,12,1,21,1064083,9083,33954
8800242670084089430,periodic,cim,1050,20,13,1,21,1099292,9083,28862
11865153171632397155,periodic,brute_force,1050,20,1,1,22,9400500,9157,550725
11865153171632397155,periodic,cim,1050,20,2,1,22,9230250,9157,550725
11865153171632397155,periodic,cim,1050,20,3,1,22,9142625,9157,550725
11865153171632397155,periodic,cim,1050,20,4,1,22,5331292,9157,309542
11865153171632397155,periodic,cim,1050,20,5,1,22,3583916,9157,197924
11865153171632397155,periodic,cim,1050,20,6,1,22,2883333,9157,137302
11865153171632397155,periodic,cim,1050,20,7,1,22,2108000,9157,100755
11865153171632397155,periodic,cim,1050,20,8,1,22,1699583,9157,77062
11865153171632397155,periodic,cim,1050,20,9,1,22,1493458,9157,60743
11865153171632397155,periodic,cim,1050,20,10,1,22,1282583,9157,49123
11865153171632397155,periodic,cim,1050,20,11,1,22,1119000,9157,40518
11865153171632397155,periodic,cim,1050,20,12,1,22,1046209,9157,33988
11865153171632397155,periodic,cim,1050,20,13,1,22,1047000,9157,28874
18049280521820515122,periodic,brute_force,1050,20,1,1,23,9306375,9147,550725
18049280521820515122,periodic,cim,1050,20,2,1,23,9281208,9147,550725
18049280521820515122,periodic,cim,1050,20,3,1,23,8970042,9147,550725
18049280521820515122,periodic,cim,1050,20,4,1,23,5388584,9147,309611
18049280521820515122,periodic,cim,1050,20,5,1,23,3613750,9147,198035
18049280521820515122,periodic,cim,1050,20,6,1,23,2762625,9147,137368
18049280521820515122,periodic,cim,1050,20,7,1,23,2243875,9147,100783
18049280521820515122,periodic,cim,1050,20,8,1,23,1727750,9147,77054
18049280521820515122,periodic,cim,1050,20,9,1,23,1507000,9147,60778
18049280521820515122,periodic,cim,1050,20,10,1,23,1242709,9147,49119
18049280521820515122,periodic,cim,1050,20,11,1,23,1204917,9147,40536
18049280521820515122,periodic,cim,1050,20,12,1,23,1045875,9147,33960
18049280521820515122,periodic,cim,1050,20,13,1,23,979833,9147,28889
12414855119747480701,periodic,brute_force,1050,20,1,1,24,9100500,9137,550725
12414855119747480701,periodic,cim,1050,20,2,1,24,9016666,9137,550725
12414855119747480701,periodic,cim,1050,20,3,1,24,8977791,9137,550725
12414855119747480701,periodic,cim,1050,20,4,1,24,5206333,9137,309618
12414855119747480701,periodic,cim,1050,20,5,1,24,3618458,9137,197943
12414855119747480701,periodic,cim,1050,20,6,1,24,2656625,9137,137330
12414855119747480701,periodic,cim,1050,20,7,1,24,2134125,9137,100793
12414855119747480701,periodic,cim,1050,20,8,1,24,1804958,9137,76983
12414855119747480701,periodic,cim,1050,20,9,1,24,1435500,9137,60774
12414855119747480701,periodic,cim,1050,20,10,1,24,1278458,9137,49133
12414855119747480701,periodic,cim,1050,20,11,1,24,1149917,9137,40535
12414855119747480701,periodic,cim,1050,20,12,1,24,1107375,9137,34002
12414855119747480701,periodic,cim,1050,20,13,1,24,1036542,9137,28863
10525557122266181637,periodic,brute_force,1050,20,1,1,25,9535750,9111,550725
10525557122266181637,periodic,cim,1050,20,2,1,25,9174750,9111,550725
10525557122266181637,periodic,cim,1050,20,3,1,25,8826000,9111,550725
10525557122266181637,periodic,cim,1050,20,4,1,25,5204000,9111,309548
10525557122266181637,periodic,cim,1050,20,5,1,25,3607208,9111,197938
10525557122266181637,periodic,cim,1050,20,6,1,25,2644500,9111,137307
10525557122266181637,periodic,cim,1050,20,7,1,25,2047792,9111,100789
10525557122266181637,periodic,cim,1050,20,8,1,25,1815750,9111,77033
10525557122266181637,periodic,cim,1050,20,9,1,25,1412875,9111,60772
10525557122266181637,periodic,cim,1050,20,10,1,25,1259125,9111,49168
10525557122266181637,periodic,cim,1050,20,11,1,25,1189417,9111,40520
10525557122266181637,periodic,cim,1050,20,12,1,25,1038000,9111,34023
10525557122266181637,periodic,cim,1050,20,13,1,25,972792,9111,28918
10146645116188202585,periodic,brute_force,1050,20,1,1,26,9566709,9166,550725
10146645116188202585,periodic,cim,1050,20,2,1,26,9029334,9166,550725
10146645116188202585,periodic,cim,1050,20,3,1,26,8927125,9166,550725
10146645116188202585,periodic,cim,1050,20,4,1,26,5236000,9166,309583
10146645116188202585,periodic,cim,1050,20,5,1,26,3707250,9166,197932
10146645116188202585,periodic,cim,1050,20,6,1,26,2664333,9166,137338
10146645116188202585,periodic,cim,1050,20,7,1,26,2126917,9166,100790
10146645116188202585,periodic,cim,1050,20,8,1,26,1728750,9166,77044
10146645116188202585,periodic,cim,1050,20,9,1,26,1425625,9166,60745
10146645116188202585,periodic,cim,1050,20,10,1,26,1339917,9166,49151
10146645116188202585,periodic,cim,1050,20,11,1,26,1163209,9166,40519
10146645116188202585,periodic,cim,1050,20,12,1,26,1093500,9166,33963
10146645116188202585,periodic,cim,1050,20,13,1,26,999792,9166,28860
3724832374303677888,periodic,brute_force,1050,20,1,1,27,9413000,9139,550725
3724832374303677888,periodic,cim,1050,20,2,1,27,8979084,9139,550725
3724832374303677888,periodic,cim,1050,20,3,1,27,9087000,9139,550725
3724832374303677888,periodic,cim,1050,20,4,1,27,5417500,9139,309590
3724832374303677888,periodic,cim,1050,20,5,1,27,3557250,9139,197993
3724832374303677888,periodic,cim,1050,20,6,1,27,2647417,9139,137307
3724832374303677888,periodic,cim,1050,20,7,1,27,2145334,9139,100789
3724832374303677888,periodic,cim,1050,20,8,1,27,1825959,9139,77039
3724832374303677888,periodic,cim,1050,20,9,1,27,1424458,9139,60836
3724832374303677888,periodic,cim,1050,20,10,1,27,1255750,9139,49158
3724832374303677888,periodic,cim,1050,20,11,1,27,1130500,9139,40537
3724832374303677888,periodic,cim,1050,20,12,1,27,1047625,9139,33988
3724832374303677888,periodic,cim,1050,20,13,1,27,982833,9139,28926
2954002882752921066,periodic,brute_force,1050,20,1,1,28,9448417,9106,550725
2954002882752921066,periodic,cim,1050,20,2,1,28,9117000,9106,550725
2954002882752921066,periodic,cim,1050,20,3,1,28,9210167,9106,550725
2954002882752921066,periodic,cim,1050,20,4,1,28,5247750,9106,309534
2954002882752921066,periodic,cim,1050,20,5,1,28,3564875,9106,197967
2954002882752921066,periodic,cim,1050,20,6,1,28,2701083,9106,137324
2954002882752921066,periodic,cim,1050,20,7,1,28,2107666,9106,100760
2954002882752921066,periodic,cim,1050,20,8,1,28,1727750,9106,77065
2954002882752921066,periodic,cim,1050,20,9,1,28,1511417,9106,60790
2954002882752921066,periodic,cim,1050,20,10,1,28,1260916,9106,49108
2954002882752921066,periodic,cim,1050,20,11,1,28,1279667,9106,40533
2954002882752921066,periodic,cim,1050,20,12,1,28,1081000,9106,33952
2954002882752921066,periodic,cim,1050,20,13,1,28,1015292,9106,28874
17508708565085869971,periodic,brute_force,1050,20,1,1,29,9456084,9161,550725
17508708565085869971,periodic,cim,1050,20,2,1,29,9346667,9161,550725
17508708565085869971,periodic,cim,1050,20,3,1,29,9331667,9161,550725
17508708565085869971,periodic,cim,1050,20,4,1,29,5481375,9161,309559
17508708565085869971,periodic,cim,1050,20,5,1,29,3807834,9161,197912
17508708565085869971,periodic,cim,1050,20,6,1,29,2622584,9161,137343
17508708565085869971,periodic,cim,1050,20,7,1,29,2069916,9161,100775
17508708565085869971,periodic,cim,1050,20,8,1,29,1696084,9161,77021
17508708565085869971,periodic,cim,1050,20,9,1,29,1447541,9161,60811
17508708565085869971,periodic,cim,1050,20,10,1,29,1265167,9161,49133
17508708565085869971,periodic,cim,1050,20,11,1,29,1145417,9161,40542
17508708565085869971,periodic,cim,1050,20,12,1,29,1038042,9161,34008
17508708565085869971,periodic,cim,1050,20,13,1,29,996000,9161,28916
1083815850836102715,periodic,brute_force,1050,20,1,1,30,9164375,9144,550725
1083815850836102715,periodic,cim,1050,20,2,1,30,8945208,9144,550725
1083815850836102715,periodic,cim,1050,20,3,1,30,11989375,9144,550725
1083815850836102715,periodic,cim,1050,20,4,1,30,5431291,9144,309548
1083815850836102715,periodic,cim,1050,20,5,1,30,3541708,9144,197947
1083815850836102715,periodic,cim,1050,20,6,1,30,2832417,9144,137391
1083815850836102715,periodic,cim,1050,20,7,1,30,2095458,9144,100813
1083815850836102715,periodic,cim,1050,20,8,1,30,1769750,9144,77095
1083815850836102715,periodic,cim,1050,20,9,1,30,1480042,9144,60809
1083815850836102715,periodic,cim,1050,20,10,1,30,1250417,9144,49180
1083815850836102715,periodic,cim,1050,20,11,1,30,1117250,9144,40546
1083815850836102715,periodic,cim,1050,20,12,1,30,1038667,9144,34017
1083815850836102715,periodic,cim,1050,20,13,1,30,1056917,9144,28906
14083825047321971362,periodic,brute_force,1050,20,1,1,31,9302583,9145,550725
14083825047321971362,periodic,cim,1050,20,2,1,31,8893250,9145,550725
14083825047321971362,periodic,cim,1050,20,3,1,31,8816500,9145,550725
14083825047321971362,periodic,cim,1050,20,4,1,31,5107500,9145,309593
14083825047321971362,periodic,cim,1050,20,5,1,31,3492792,9145,197909
14083825047321971362,periodic,cim,1050,20,6,1,31,2619250,9145,137347
14083825047321971362,periodic,cim,1050,20,7,1,31,2187208,9145,100757
14083825047321971362,periodic,cim,1050,20,8,1,31,1682875,9145,77028
14083825047321971362,periodic,cim,1050,20,9,1,31,1447458,9145,60767
14083825047321971362,periodic,cim,1050,20,10,1,31,1234500,9145,49132
14083825047321971362,periodic,cim,1050,20,11,1,31,1187292,9145,40518
14083825047321971362,periodic,cim,1050,20,12,1,31,1031125,9145,33951
14083825047321971362,periodic,cim,1050,20,13,1,31,1008958,9145,28884
9069228950230471167,periodic,brute_force,1050,20,1,1,32,9533084,9186,550725
9069228950230471167,periodic,cim,1050,20,2,1,32,8908500,9186,550725
9069228950230471167,periodic,cim,1050,20,3,1,32,8794042,9186,550725
9069228950230471167,periodic,cim,1050,20,4,1,32,5206750,9186,309586
9069228950230471167,periodic,cim,1050,20,5,1,32,3647416,9186,197941
9069228950230471167,periodic,cim,1050,20,6,1,32,2647291,9186,137345
9069228950230471167,periodic,cim,1050,20,7,1,32,2151417,9186,100765
9069228950230471167,periodic,cim,1050,20,8,1,32,1853417,9186,77051
9069228950230471167,periodic,cim,1050,20,9,1,32,1427834,9186,60746
9069228950230471167,periodic,cim,1050,20,10,1,32,1241708,9186,49152
9069228950230471167,periodic,cim,1050,20,11,1,32,1118959,9186,40522
9069228950230471167,periodic,cim,1050,20,12,1,32,1034458,9186,33959
9069228950230471167,periodic,cim,1050,20,13,1,32,1006334,9186,28868
5186654270440972513,periodic,brute_force,1050,20,1,1,33,9325167,9160,550725
5186654270440972513,periodic,cim,1050,20,2,1,33,8958625,9160,550725
5186654270440972513,periodic,cim,1050,20,3,1,33,8684583,9160,550725
5186654270440972513,periodic,cim,1050,20,4,1,33,5156000,9160,309676
5186654270440972513,periodic,cim,1050,20,5,1,33,3728334,9160,198040
5186654270440972513,periodic,cim,1050,20,6,1,33,2592500,9160,137427
5186654270440972513,periodic,cim,1050,20,7,1,33,2078125,9160,100786
5186654270440972513,periodic,cim,1050,20,8,1,33,1735291,9160,77075
5186654270440972513,periodic,cim,1050,20,9,1,33,1405958,9160,60845
5186654270440972513,periodic,cim,1050,20,10,1,33,1237500,9160,49182
5186654270440972513,periodic,cim,1050,20,11,1,33,1112459,9160,40554
5186654270440972513,periodic,cim,1050,20,12,1,33,1068875,9160,34033
5186654270440972513,periodic,cim,1050,20,13,1,33,984416,9160,28868
3772999876144462493,periodic,brute_force,1050,20,1,1,34,9300166,9120,550725
3772999876144462493,periodic,cim,1050,20,2,1,34,8856333,9120,550725
3772999876144462493,periodic,cim,1050,20,3,1,34,8818375,9120,550725
3772999876144462493,periodic,cim,1050,20,4,1,34,5155375,9120,309573
3772999876144462493,periodic,cim,1050,20,5,1,34,3487416,9120,198018
3772999876144462493,periodic,cim,1050,20,6,1,34,2691333,9120,137353
3772999876144462493,periodic,cim,1050,20,7,1,34,2092750,9120,100759
3772999876144462493,periodic,cim,1050,20,8,1,34,1760917,9120,77037
3772999876144462493,periodic,cim,1050,20,9,1,34,1412125,9120,60776
3772999876144462493,periodic,cim,1050,20,10,1,34,1232667,9120,49152
3772999876144462493,periodic,cim,1050,20,11,1,34,1115833,9120,40540
3772999876144462493,periodic,cim,1050,20,12,1,34,1026250,9120,34007
3772999876144462493,periodic,cim,1050,20,13,1,34,959542,9120,28885
2516786739713237708,periodic,brute_force,1050,20,1,1,35,9531792,9159,550725
2516786739713237708,periodic,cim,1050,20,2,1,35,9064667,9159,550725
2516786739713237708,periodic,cim,1050,20,3,1,35,9211709,9159,550725
2516786739713237708,periodic,cim,1050,20,4,1,35,5603791,9159,309600
2516786739713237708,periodic,cim,1050,20,5,1,35,3576875,9159,198054
2516786739713237708,periodic,cim,1050,20,6,1,35,2655291,9159,137381
2516786739713237708,periodic,cim,1050,20,7,1,35,2155209,9159,100809
2516786739713237708,periodic,cim,1050,20,8,1,35,1717167,9159,77051
2516786739713237708,periodic,cim,1050,20,9,1,35,1460375,9159,60770
2516786739713237708,periodic,cim,1050,20,10,1,35,1275625,9159,49138
2516786739713237708,periodic,cim,1050,20,11,1,35,1200458,9159,40577
2516786739713237708,periodic,cim,1050,20,12,1,35,1132083,9159,34000
2516786739713237708,periodic,cim,1050,20,13,1,35,1011833,9159,28893
9242970895823691,periodic,brute_force,1050,20,1,1,36,9206208,9182,550725
9242970895823691,periodic,cim,1050,20,2,1,36,8957209,9182,550725
9242970895823691,periodic,cim,1050,20,3,1,36,8822833,9182,550725
9242970895823691,periodic,cim,1050,20,4,1,36,5149041,9182,309594
9242970895823691,periodic,cim,1050,20,5,1,36,3516000,9182,197966
9242970895823691,periodic,cim,1050,20,6,1,36,2613250,9182,137343
9242970895823691,periodic,cim,1050,20,7,1,36,2154791,9182,100785
9242970895823691,periodic,cim,1050,20,8,1,36,1670042,9182,76978
9242970895823691,periodic,cim,1050,20,9,1,36,1434417,9182,60754
9242970895823691,periodic,cim,1050,20,10,1,36,1251250,9182,49148
9242970895823691,periodic,cim,1050,20,11,1,36,1159417,9182,40536
9242970895823691,periodic,cim,1050,20,12,1,36,1033916,9182,33977
9242970895823691,periodic,cim,1050,20,13,1,36,958792,9182,28859
1921975163623304099,periodic,brute_force,1050,20,1,1,37,9152834,9189,550725
1921975163623304099,periodic,cim,1050,20,2,1,37,8810250,9189,550725
1921975163623304099,periodic,cim,1050,20,3,1,37,8772791,9189,550725
1921975163623304099,periodic,cim,1050,20,4,1,37,5284625,9189,309572
1921975163623304099,periodic,cim,1050,20,5,1,37,3551041,9189,197994
1921975163623304099,periodic,cim,1050,20,6,1,37,2656083,9189,137333
1921975163623304099,periodic,cim,1050,20,7,1,37,2061291,9189,100786
1921975163623304099,periodic,cim,1050,20,8,1,37,1692708,9189,77075
1921975163623304099,periodic,cim,1050,20,9,1,37,1483833,9189,60781
1921975163623304099,periodic,cim,1050,20,10,1,37,1303292,9189,49195
1921975163623304099,periodic,cim,1050,20,11,1,37,1113916,9189,40549
1921975163623304099,periodic,cim,1050,20,12,1,37,1099375,9189,33966
1921975163623304099,periodic,cim,1050,20,13,1,37,962208,9189,28873
7065949125694663475,periodic,brute_force,1050,20,1,1,38,9195792,9169,550725
7065949125694663475,periodic,cim,1050,20,2,1,38,9172416,9169,550725
7065949125694663475,periodic,cim,1050,20,3,1,38,8841625,9169,550725
7065949125694663475,periodic,cim,1050,20,4,1,38,5416041,9169,309551
7065949125694663475,periodic,cim,1050,20,5,1,38,3478791,9169,197940
7065949125694663475,periodic,cim,1050,20,6,1,38,2772833,9169,137304
7065949125694663475,periodic,cim,1050,20,7,1,38,2088542,9169,100761
7065949125694663475,periodic,cim,1050,20,8,1,38,1711916,9169,77023
7065949125694663475,periodic,cim,1050,20,9,1,38,1426916,9169,60778
7065949125694663475,periodic,cim,1050,20,10,1,38,1276083,9169,49138
7065949125694663475,periodic,cim,1050,20,11,1,38,1142875,9169,40507
7065949125694663475,periodic,cim,1050,20,12,1,38,1028250,9169,33989
7065949125694663475,periodic,cim,1050,20,13,1,38,987083,9169,28916
8661006073955026074,periodic,brute_force,1050,20,1,1,39,9274041,9180,550725
8661006073955026074,periodic,cim,1050,20,2,1,39,9097834,9180,550725
8661006073955026074,periodic,cim,1050,20,3,1,39,8969959,9180,550725
8661006073955026074,periodic,cim,1050,20,4,1,39,5364792,9180,309541
8661006073955026074,periodic,cim,1050,20,5,1,39,3537333,9180,197946
8661006073955026074,periodic,cim,1050,20,6,1,39,2814208,9180,137295
8661006073955026074,periodic,cim,1050,20,7,1,39,2138625,9180,100742
8661006073955026074,periodic,cim,1050,20,8,1,39,1716167,9180,77015
8661006073955026074,periodic,cim,1050,20,9,1,39,1490916,9180,60755
8661006073955026074,periodic,cim,1050,20,10,1,39,1278584,9180,49129
8661006073955026074,periodic,cim,1050,20,11,1,39,1151625,9180,40545
8661006073955026074,periodic,cim,1050,20,12,1,39,1052166,9180,34009
8661006073955026074,periodic,cim,1050,20,13,1,39,1008708,9180,28909
4869297007674544278,periodic,brute_force,1050,20,1,1,40,9271750,9113,550725
4869297007674544278,periodic,cim,1050,20,2,1,40,8931417,9113,550725
4869297007674544278,periodic,cim,1050,20,3,1,40,8941000,9113,550725
4869297007674544278,periodic,cim,1050,20,4,1,40,5197542,9113,309646
4869297007674544278,periodic,cim,1050,20,5,1,40,3569416,9113,197979
4869297007674544278,periodic,cim,1050,20,6,1,40,2703291,9113,137312
4869297007674544278,periodic,cim,1050,20,7,1,40,2106959,9113,100765
4869297007674544278,periodic,cim,1050,20,8,1,40,1675791,9113,76979
4869297007674544278,periodic,cim,1050,20,9,1,40,1570417,9113,60720
4869297007674544278,periodic,cim,1050,20,10,1,40,1234084,9113,49122
4869297007674544278,periodic,cim,1050,20,11,1,40,1131209,9113,40502
4869297007674544278,periodic,cim,1050,20,12,1,40,1111500,9113,33944
4869297007674544278,periodic,cim,1050,20,13,1,40,1007042,9113,28867
7815307888855198903,periodic,brute_force,1050,20,1,1,41,9107333,9111,550725
7815307888855198903,periodic,cim,1050,20,2,1,41,8917458,9111,550725
7815307888855198903,periodic,cim,1050,20,3,1,41,8707208,9111,550725
7815307888855198903,periodic,cim,1050,20,4,1,41,5314625,9111,309623
7815307888855198903,periodic,cim,1050,20,5,1,41,3476916,9111,197956
7815307888855198903,periodic,cim,1050,20,6,1,41,2665917,9111,137283
7815307888855198903,periodic,cim,1050,20,7,1,41,2038292,9111,100758
7815307888855198903,periodic,cim,1050,20,8,1,41,1701375,9111,77054
7815307888855198903,periodic,cim,1050,20,9,1,41,1408250,9111,60771
7815307888855198903,periodic,cim,1050,20,10,1,41,1276375,9111,49124
7815307888855198903,periodic,cim,1050,20,11,1,41,1121458,9111,40514
7815307888855198903,periodic,cim,1050,20,12,1,41,1044583,9111,33986
7815307888855198903,periodic,cim,1050,20,13,1,41,1003917,9111,28868
7086927866089610119,periodic,brute_force,1050,20,1,1,42,9232250,9096,550725
7086927866089610119,periodic,cim,1050,20,2,1,42,8968750,9096,550725
7086927866089610119,periodic,cim,1050,20,3,1,42,9099458,9096,550725
7086927866089610119,periodic,cim,1050,20,4,1,42,5256375,9096,309593
7086927866089610119,periodic,cim,1050,20,5,1,42,3527125,9096,197947
7086927866089610119,periodic,cim,1050,20,6,1,42,2655584,9096,137312
7086927866089610119,periodic,cim,1050,20,7,1,42,2096334,9096,100774
7086927866089610119,periodic,cim,1050,20,8,1,42,1673666,9096,77064
7086927866089610119,periodic,cim,1050,20,9,1,42,1413209,9096,60794
7086927866089610119,periodic,cim,1050,20,10,1,42,1234250,9096,49108
7086927866089610119,periodic,cim,1050,20,11,1,42,1143667,9096,40538
7086927866089610119,periodic,cim,1050,20,12,1,42,1026000,9096,34002
7086927866089610119,periodic,cim,1050,20,13,1,42,966583,9096,28901
7060168826252193102,periodic,brute_force,1050,20,1,1,43,9578667,9167,550725
7060168826252193102,periodic,cim,1050,20,2,1,43,8987500,9167,550725
7060168826252193102,periodic,cim,1050,20,3,1,43,9140459,9167,550725
7060168826252193102,periodic,cim,1050,20,4,1,43,5324084,9167,309605
7060168826252193102,periodic,cim,1050,20,5,1,43,3806334,9167,197945
7060168826252193102,periodic,cim,1050,20,6,1,43,2632208,9167,137358
7060168826252193102,periodic,cim,1050,20,7,1,43,2106542,9167,100798
7060168826252193102,periodic,cim,1050,20,8,1,43,1686792,9167,77051
7060168826252193102,periodic,cim,1050,20,9,1,43,1502458,9167,60762
7060168826252193102,periodic,cim,1050,20,10,1,43,1234458,9167,49110
7060168826252193102,periodic,cim,1050,20,11,1,43,1116458,9167,40524
7060168826252193102,periodic,cim,1050,20,12,1,43,1136292,9167,33951
7060168826252193102,periodic,cim,1050,20,13,1,43,972000,9167,28911
11224506935132960699,periodic,brute_force,1050,20,1,1,44,9304542,9130,550725
11224506935132960699,periodic,cim,1050,20,2,1,44,8871958,9130,550725
11224506935132960699,periodic,cim,1050,20,3,1,44,8919584,9130,550725
11224506935132960699,periodic,cim,1050,20,4,1,44,5154625,9130,309605
11224506935132960699,periodic,cim,1050,20,5,1,44,3565625,9130,197981
11224506935132960699,periodic,cim,1050,20,6,1,44,2628666,9130,137386
11224506935132960699,periodic,cim,1050,20,7,1,44,2098625,9130,100824
11224506935132960699,periodic,cim,1050,20,8,1,44,1706875,9130,77041
11224506935132960699,periodic,cim,1050,20,9,1,44,1406541,9130,60794
11224506935132960699,periodic,cim,1050,20,10,1,44,1231625,9130,49128
11224506935132960699,periodic,cim,1050,20,11,1,44,1142333,9130,40529
11224506935132960699,periodic,cim,1050,20,12,1,44,1136917,9130,34003
11224506935132960699,periodic,cim,1050,20,13,1,44,989750,9130,28892
3386724523150696856,periodic,brute_force,1050,20,1,1,45,9953458,9194,550725
3386724523150696856,periodic,cim,1050,20,2,1,45,9266500,9194,550725
3386724523150696856,periodic,cim,1050,20,3,1,45,9208625,9194,550725
3386724523150696856,periodic,cim,1050,20,4,1,45,5365333,9194,309620
3386724523150696856,periodic,cim,1050,20,5,1,45,3734333,9194,197981
3386724523150696856,periodic,cim,1050,20,6,1,45,2729500,9194,137358
3386724523150696856,periodic,cim,1050,20,7,1,45,2094542,9194,100790
3386724523150696856,periodic,cim,1050,20,8,1,45,1696375,9194,76997
3386724523150696856,periodic,cim,1050,20,9,1,45,1503208,9194,60792
3386724523150696856,periodic,cim,1050,20,10,1,45,1383958,9194,49158
3386724523150696856,periodic,cim,1050,20,11,1,45,1307000,9194,40534
3386724523150696856,periodic,cim,1050,20,12,1,45,1079750,9194,33981
3386724523150696856,periodic,cim,1050,20,13,1,45,1096417,9194,28867
3944584733343598922,periodic,brute_force,1050,20,1,1,46,9570500,9130,550725
3944584733343598922,periodic,cim,1050,20,2,1,46,9296167,9130,550725
3944584733343598922,periodic,cim,1050,20,3,1,46,9140542,9130,550725
3944584733343598922,periodic,cim,1050,20,4,1,46,5322083,9130,309587
3944584733343598922,periodic,cim,1050,20,5,1,46,3707000,9130,197956
3944584733343598922,periodic,cim,1050,20,6,1,46,2821334,9130,137284
3944584733343598922,periodic,cim,1050,20,7,1,46,2201041,9130,100726
3944584733343598922,periodic,cim,1050,20,8,1,46,1846584,9130,77027
3944584733343598922,periodic,cim,1050,20,9,1,46,1410292,9130,60750
3944584733343598922,periodic,cim,1050,20,10,1,46,1451125,9130,49118
3944584733343598922,periodic,cim,1050,20,11,1,46,1184625,9130,40533
3944584733343598922,periodic,cim,1050,20,12,1,46,1093750,9130,33943
3944584733343598922,periodic,cim,1050,20,13,1,46,1030584,9130,28866
2986201801723506401,periodic,brute_force,1050,20,1,1,47,9370542,9149,550725
2986201801723506401,periodic,cim,1050,20,2,1,47,8860417,9149,550725
2986201801723506401,periodic,cim,1050,20,3,1,47,8952583,9149,550725
2986201801723506401,periodic,cim,1050,20,4,1,47,5170958,9149,309610
2986201801723506401,periodic,cim,1050,20,5,1,47,3578417,9149,197966
2986201801723506401,periodic,cim,1050,20,6,1,47,2609709,9149,137368
2986201801723506401,periodic,cim,1050,20,7,1,47,2150334,9149,100741
2986201801723506401,periodic,cim,1050,20,8,1,47,1693000,9149,77038
2986201801723506401,periodic,cim,1050,20,9,1,47,1408375,9149,60763
2986201801723506401,periodic,cim,1050,20,10,1,47,1255625,9149,49143
2986201801723506401,periodic,cim,1050,20,11,1,47,1122333,9149,40537
2986201801723506401,periodic,cim,1050,20,12,1,47,1098958,9149,33977
2986201801723506401,periodic,cim,1050,20,13,1,47,980292,9149,28882
14774534099459456855,periodic,brute_force,1050,20,1,1,48,10474875,9164,550725
14774534099459456855,periodic,cim,1050,20,2,1,48,9127417,9164,550725
14774534099459456855,periodic,cim,1050,20,3,1,48,9164375,9164,550725
14774534099459456855,periodic,cim,1050,20,4,1,48,5376333,9164,309616
14774534099459456855,periodic,cim,1050,20,5,1,48,3826958,9164,197982
14774534099459456855,periodic,cim,1050,20,6,1,48,2781125,9164,137369
14774534099459456855,periodic,cim,1050,20,7,1,48,2219875,9164,100783
14774534099459456855,periodic,cim,1050,20,8,1,48,1712041,9164,77067
14774534099459456855,periodic,cim,1050,20,9,1,48,1437208,9164,60797
14774534099459456855,periodic,cim,1050,20,10,1,48,1283125,9164,49130
14774534099459456855,periodic,cim,1050,20,11,1,48,1233209,9164,40533
14774534099459456855,periodic,cim,1050,20,12,1,48,1045709,9164,33971
14774534099459456855,periodic,cim,1050,20,13,1,48,971791,9164,28886
5611088740018049575,periodic,brute_force,1050,20,1,1,49,9551708,9190,550725
5611088740018049575,periodic,cim,1050,20,2,1,49,9347375,9190,550725
5611088740018049575,periodic,cim,1050,20,3,1,49,9204000,9190,550725
5611088740018049575,periodic,cim,1050,20,4,1,49,5524042,9190,309596
5611088740018049575,periodic,cim,1050,20,5,1,49,3753708,9190,197952
5611088740018049575,periodic,cim,1050,20,6,1,49,2653292,9190,137372
5611088740018049575,periodic,cim,1050,20,7,1,49,2133709,9190,100816
5611088740018049575,periodic,cim,1050,20,8,1,49,1710084,9190,77091
5611088740018049575,periodic,cim,1050,20,9,1,49,1560375,9190,60831
5611088740018049575,periodic,cim,1050,20,10,1,49,1270375,9190,49139
5611088740018049575,periodic,cim,1050,20,11,1,49,1113500,9190,40574
5611088740018049575,periodic,cim,1050,20,12,1,49,1060125,9190,34023
5611088740018049575,periodic,cim,1050,20,13,1,49,969500,9190,28905
18194662752558065577,periodic,brute_force,1050,20,1,1,50,9675125,9139,550725
18194662752558065577,periodic,cim,1050,20,2,1,50,9459750,9139,550725
18194662752558065577,periodic,cim,1050,20,3,1,50,8955459,9139,550725
18194662752558065577,periodic,cim,1050,20,4,1,50,5423459,9139,309559
18194662752558065577,periodic,cim,1050,20,5,1,50,3590500,9139,197975
18194662752558065577,periodic,cim,1050,20,6,1,50,2696750,9139,137338
18194662752558065577,periodic,cim,1050,20,7,1,50,2069000,9139,100830
18194662752558065577,periodic,cim,1050,20,8,1,50,2557459,9139,77048
18194662752558065577,periodic,cim,1050,20,9,1,50,1537208,9139,60811
18194662752558065577,periodic,cim,1050,20,10,1,50,1253875,9139,49103
18194662752558065577,periodic,cim,1050,20,11,1,50,1202917,9139,40532
18194662752558065577,periodic,cim,1050,20,12,1,50,1117375,9139,33951
18194662752558065577,periodic,cim,1050,20,13,1,50,1052916,9139,28865
13173332592173949945,periodic,brute_force,1050,20,1,1,51,9811917,9141,550725
13173332592173949945,periodic,cim,1050,20,2,1,51,10598417,9141,550725
13173332592173949945,periodic,cim,1050,20,3,1,51,9709583,9141,550725
13173332592173949945,periodic,cim,1050,20,4,1,51,5244333,9141,309599
13173332592173949945,periodic,cim,1050,20,5,1,51,3543583,9141,197963
13173332592173949945,periodic,cim,1050,20,6,1,51,2620708,9141,137283
13173332592173949945,periodic,cim,1050,20,7,1,51,2158167,9141,100795
13173332592173949945,periodic,cim,1050,20,8,1,51,1717875,9141,77045
13173332592173949945,periodic,cim,1050,20,9,1,51,1478791,9141,60782
13173332592173949945,periodic,cim,1050,20,10,1,51,1241166,9141,49128
13173332592173949945,periodic,cim,1050,20,11,1,51,1218042,9141,40515
13173332592173949945,periodic,cim,1050,20,12,1,51,1036250,9141,33983
13173332592173949945,periodic,cim,1050,20,13,1,51,961917,9141,28872
2313091742870398041,periodic,brute_force,1050,20,1,1,52,9483500,9126,550725
2313091742870398041,periodic,cim,1050,20,2,1,52,9112708,9126,550725
2313091742870398041,periodic,cim,1050,20,3,1,52,8945708,9126,550725
2313091742870398041,periodic,cim,1050,20,4,1,52,5441666,9126,309652
2313091742870398041,periodic,cim,1050,20,5,1,52,3613375,9126,198002
2313091742870398041,periodic,cim,1050,20,6,1,52,2747667,9126,137452
2313091742870398041,periodic,cim,1050,20,7,1,52,2238792,9126,100834
2313091742870398041,periodic,cim,1050,20,8,1,52,1803542,9126,77060
2313091742870398041,periodic,cim,1050,20,9,1,52,1474083,9126,60846
2313091742870398041,periodic,cim,1050,20,10,1,52,1330125,9126,49164
2313091742870398041,periodic,cim,1050,20,11,1,52,1191500,9126,40576
2313091742870398041,periodic,cim,1050,20,12,1,52,1031917,9126,34029
2313091742870398041,periodic,cim,1050,20,13,1,52,962542,9126,28922
12392563237927600244,periodic,brute_force,1050,20,1,1,53,9214459,9110,550725
12392563237927600244,periodic,cim,1050,20,2,1,53,9000375,9110,550725
12392563237927600244,periodic,cim,1050,20,3,1,53,8821708,9110,550725
12392563237927600244,periodic,cim,1050,20,4,1,53,5200083,9110,309595
12392563237927600244,periodic,cim,1050,20,5,1,53,3684250,9110,197967
12392563237927600244,periodic,cim,1050,20,6,1,53,2699959,9110,137328
12392563237927600244,periodic,cim,1050,20,7,1,53,2040750,9110,100733
12392563237927600244,periodic,cim,1050,20,8,1,53,1663791,9110,77059
12392563237927600244,periodic,cim,1050,20,9,1,53,1436750,9110,60765
12392563237927600244,periodic,cim,1050,20,10,1,53,1250500,9110,49118
12392563237927600244,periodic,cim,1050,20,11,1,53,1179000,9110,40539
12392563237927600244,periodic,cim,1050,20,12,1,53,1025959,9110,33958
12392563237927600244,periodic,cim,1050,20,13,1,53,968000,9110,28922
18086950569605609957,periodic,brute_force,1050,20,1,1,54,9451000,9149,550725
18086950569605609957,periodic,cim,1050,20,2,1,54,8955084,9149,550725
18086950569605609957,periodic,cim,1050,20,3,1,54,9094458,9149,550725
18086950569605609957,periodic,cim,1050,20,4,1,54,5171875,9149,309578
18086950569605609957,periodic,cim,1050,20,5,1,54,3628291,9149,197926
18086950569605609957,periodic,cim,1050,20,6,1,54,2692084,9149,137288
18086950569605609957,periodic,cim,1050,20,7,1,54,2071958,9149,100799
18086950569605609957,periodic,cim,1050,20,8,1,54,1682000,9149,77025
18086950569605609957,periodic,cim,1050,20,9,1,54,1423542,9149,60778
18086950569605609957,periodic,cim,1050,20,10,1,54,1289875,9149,49113
18086950569605609957,periodic,cim,1050,20,11,1,54,1112583,9149,40524
18086950569605609957,periodic,cim,1050,20,12,1,54,1028500,9149,33980
18086950569605609957,periodic,cim,1050,20,13,1,54,994791,9149,28866
8502780570796381767,periodic,brute_force,1050,20,1,1,55,9249417,9159,550725
8502780570796381767,periodic,cim,1050,20,2,1,55,8704541,9159,550725
8502780570796381767,periodic,cim,1050,20,3,1,55,8894125,9159,550725
8502780570796381767,periodic,cim,1050,20,4,1,55,5191209,9159,309533
8502780570796381767,periodic,cim,1050,20,5,1,55,3549500,9159,197968
8502780570796381767,periodic,cim,1050,20,6,1,55,2607750,9159,137315
8502780570796381767,periodic,cim,1050,20,7,1,55,2148625,9159,100741
8502780570796381767,periodic,cim,1050,20,8,1,55,1661083,9159,77029
8502780570796381767,periodic,cim,1050,20,9,1,55,1410875,9159,60739
8502780570796381767,periodic,cim,1050,20,10,1,55,1232666,9159,49134
8502780570796381767,periodic,cim,1050,20,11,1,55,1135583,9159,40529
8502780570796381767,periodic,cim,1050,20,12,1,55,1079875,9159,33952
8502780570796381767,periodic,cim,1050,20,13,1,55,959333,9159,28867
16092172145811101753,periodic,brute_force,1050,20,1,1,56,9211125,9198,550725
16092172145811101753,periodic,cim,1050,20,2,1,56,8875042,9198,550725
16092172145811101753,periodic,cim,1050,20,3,1,56,8749791,9198,550725
16092172145811101753,periodic,cim,1050,20,4,1,56,5213833,9198,309574
16092172145811101753,periodic,cim,1050,20,5,1,56,3554375,9198,198039
16092172145811101753,periodic,cim,1050,20,6,1,56,2719250,9198,137294
16092172145811101753,periodic,cim,1050,20,7,1,56,2247000,9198,100771
16092172145811101753,periodic,cim,1050,20,8,1,56,1732292,9198,77008
16092172145811101753,periodic,cim,1050,20,9,1,56,1455625,9198,60761
16092172145811101753,periodic,cim,1050,20,10,1,56,1318459,9198,49135
16092172145811101753,periodic,cim,1050,20,11,1,56,1208125,9198,40560
16092172145811101753,periodic,cim,1050,20,12,1,56,1053667,9198,33961
16092172145811101753,periodic,cim,1050,20,13,1,56,1013875,9198,28875
15008907489310343083,periodic,brute_force,1050,20,1,1,57,9272750,9149,550725
15008907489310343083,periodic,cim,1050,20,2,1,57,8962500,9149,550725
15008907489310343083,periodic,cim,1050,20,3,1,57,8886417,9149,550725
15008907489310343083,periodic,cim,1050,20,4,1,57,5194041,9149,309567
15008907489310343083,periodic,cim,1050,20,5,1,57,3633458,9149,197950
15008907489310343083,periodic,cim,1050,20,6,1,57,2670208,9149,137338
15008907489310343083,periodic,cim,1050,20,7,1,57,2094584,9149,100790
15008907489310343083,periodic,cim,1050,20,8,1,57,1738250,9149,77066
15008907489310343083,periodic,cim,1050,20,9,1,57,1468709,9149,60795
15008907489310343083,periodic,cim,1050,20,10,1,57,1249625,9149,49163
15008907489310343083,periodic,cim,1050,20,11,1,57,1174916,9149,40547
15008907489310343083,periodic,cim,1050,20,12,1,57,1035625,9149,34037
15008907489310343083,periodic,cim,1050,20,13,1,57,996917,9149,28897
12130638764224732640,periodic,brute_force,1050,20,1,1,58,9213916,9110,550725
12130638764224732640,periodic,cim,1050,20,2,1,58,8812167,9110,550725
12130638764224732640,periodic,cim,1050,20,3,1,58,8765500,9110,550725
12130638764224732640,periodic,cim,1050,20,4,1,58,5270041,9110,309577
12130638764224732640,periodic,cim,1050,20,5,1,58,3470083,9110,197943
12130638764224732640,periodic,cim,1050,20,6,1,58,2665416,9110,137314
12130638764224732640,periodic,cim,1050,20,7,1,58,2128125,9110,100771
12130638764224732640,periodic,cim,1050,20,8,1,58,1708166,9110,77049
12130638764224732640,periodic,cim,1050,20,9,1,58,1453083,9110,60718
12130638764224732640,periodic,cim,1050,20,10,1,58,1237334,9110,49156
12130638764224732640,periodic,cim,1050,20,11,1,58,1125708,9110,40504
12130638764224732640,periodic,cim,1050,20,12,1,58,1067959,9110,33967
12130638764224732640,periodic,cim,1050,20,13,1,58,956875,9110,28848
2597305361517546272,periodic,brute_force,1050,20,1,1,59,9211750,9158,550725
2597305361517546272,periodic,cim,1050,20,2,1,59,8784292,9158,550725
2597305361517546272,periodic,cim,1050,20,3,1,59,9150709,9158,550725
2597305361517546272,periodic,cim,1050,20,4,1,59,5298708,9158,309552
2597305361517546272,periodic,cim,1050,20,5,1,59,3781958,9158,197915
2597305361517546272,periodic,cim,1050,20,6,1,59,2790041,9158,137292
2597305361517546272,periodic,cim,1050,20,7,1,59,2212875,9158,100741
2597305361517546272,periodic,cim,1050,20,8,1,59,1689833,9158,77059
2597305361517546272,periodic,cim,1050,20,9,1,59,1458792,9158,60754
2597305361517546272,periodic,cim,1050,20,10,1,59,1244209,9158,49134
2597305361517546272,periodic,cim,1050,20,11,1,59,1114875,9158,40540
2597305361517546272,periodic,cim,1050,20,12,1,59,1035000,9158,33949
2597305361517546272,periodic,cim,1050,20,13,1,59,980792,9158,28854
12992018579687762717,periodic,brute_force,1050,20,1,1,60,9465458,9124,550725
12992018579687762717,periodic,cim,1050,20,2,1,60,8929583,9124,550725
12992018579687762717,periodic,cim,1050,20,3,1,60,8903750,9124,550725
12992018579687762717,periodic,cim,1050,20,4,1,60,5483958,9124,309612
12992018579687762717,periodic,cim,1050,20,5,1,60,3678166,9124,197991
12992018579687762717,periodic,cim,1050,20,6,1,60,2746333,9124,137344
12992018579687762717,periodic,cim,1050,20,7,1,60,2196041,9124,100772
12992018579687762717,periodic,cim,1050,20,8,1,60,1797458,9124,77052
12992018579687762717,periodic,cim,1050,20,9,1,60,1465792,9124,60762
12992018579687762717,periodic,cim,1050,20,10,1,60,1506791,9124,49127
12992018579687762717,periodic,cim,1050,20,11,1,60,1180292,9124,40514
12992018579687762717,periodic,cim,1050,20,12,1,60,1052000,9124,33996
12992018579687762717,periodic,cim,1050,20,13,1,60,1039292,9124,28858
1681436860307315881,periodic,brute_force,1050,20,1,1,61,9163666,9125,550725
1681436860307315881,periodic,cim,1050,20,2,1,61,8900375,9125,550725
1681436860307315881,periodic,cim,1050,20,3,1,61,8911375,9125,550725
1681436860307315881,periodic,cim,1050,20,4,1,61,5299750,9125,309546
1681436860307315881,periodic,cim,1050,20,5,1,61,3553542,9125,197969
1681436860307315881,periodic,cim,1050,20,6,1,61,2607750,9125,137321
1681436860307315881,periodic,cim,1050,20,7,1,61,2124125,9125,100764
1681436860307315881,periodic,cim,1050,20,8,1,61,1684459,9125,77067
1681436860307315881,periodic,cim,1050,20,9,1,61,1401709,9125,60790
1681436860307315881,periodic,cim,1050,20,10,1,61,1275417,9125,49184
1681436860307315881,periodic,cim,1050,20,11,1,61,1155083,9125,40557
1681436860307315881,periodic,cim,1050,20,12,1,61,1043250,9125,33948
1681436860307315881,periodic,cim,1050,20,13,1,61,965458,9125,28869
9892955152962330958,periodic,brute_force,1050,20,1,1,62,9111917,9130,550725
9892955152962330958,periodic,cim,1050,20,2,1,62,8795125,9130,550725
9892955152962330958,periodic,cim,1050,20,3,1,62,8973625,9130,550725
9892955152962330958,periodic,cim,1050,20,4,1,62,5253458,9130,309552
9892955152962330958,periodic,cim,1050,20,5,1,62,3572584,9130,197955
9892955152962330958,periodic,cim,1050,20,6,1,62,2670958,9130,137352
9892955152962330958,periodic,cim,1050,20,7,1,62,2034750,9130,100762
9892955152962330958,periodic,cim,1050,20,8,1,62,1677417,9130,77003
9892955152962330958,periodic,cim,1050,20,9,1,62,1434458,9130,60722
9892955152962330958,periodic,cim,1050,20,10,1,62,1273083,9130,49123
9892955152962330958,periodic,cim,1050,20,11,1,62,1148000,9130,40540
9892955152962330958,periodic,cim,1050,20,12,1,62,1092917,9130,33938
9892955152962330958,periodic,cim,1050,20,13,1,62,965125,9130,28871
2090653352934862604,periodic,brute_force,1050,20,1,1,63,9281292,9128,550725
2090653352934862604,periodic,cim,1050,20,2,1,63,9067459,9128,550725
2090653352934862604,periodic,cim,1050,20,3,1,63,8911125,9128,550725
2090653352934862604,periodic,cim,1050,20,4,1,63,5142208,9128,309566
2090653352934862604,periodic,cim,1050,20,5,1,63,3594000,9128,198026
2090653352934862604,periodic,cim,1050,20,6,1,63,2756042,9128,137338
2090653352934862604,periodic,cim,1050,20,7,1,63,2074916,9128,100787
2090653352934862604,periodic,cim,1050,20,8,1,63,1735208,9128,77070
2090653352934862604,periodic,cim,1050,20,9,1,63,1401166,9128,60778
2090653352934862604,periodic,cim,1050,20,10,1,63,1302166,9128,49143
2090653352934862604,periodic,cim,1050,20,11,1,63,1134125,9128,40546
2090653352934862604,periodic,cim,1050,20,12,1,63,1047541,9128,34019
2090653352934862604,periodic,cim,1050,20,13,1,63,1003083,9128,28903
14245406681551107815,periodic,brute_force,1050,20,1,1,64,9181708,9116,550725
14245406681551107815,periodic,cim,1050,20,2,1,64,8955250,9116,550725
14245406681551107815,periodic,cim,1050,20,3,1,64,8858833,9116,550725
14245406681551107815,periodic,cim,1050,20,4,1,64,5323292,9116,309582
14245406681551107815,periodic,cim,1050,20,5,1,64,3538542,9116,197947
14245406681551107815,periodic,cim,1050,20,6,1,64,2620208,9116,137293
14245406681551107815,periodic,cim,1050,20,7,1,64,2040166,9116,100741
14245406681551107815,periodic,cim,1050,20,8,1,64,1717417,9116,76989
14245406681551107815,periodic,cim,1050,20,9,1,64,1431833,9116,60736
14245406681551107815,periodic,cim,1050,20,10,1,64,1255708,9116,49108
14245406681551107815,periodic,cim,1050,20,11,1,64,1122750,9116,40503
14245406681551107815,periodic,cim,1050,20,12,1,64,1043875,9116,33945
14245406681551107815,periodic,cim,1050,20,13,1,64,971458,9116,28862
14221154521936352966,periodic,brute_force,1050,20,1,1,65,9128084,9163,550725
14221154521936352966,periodic,cim,1050,20,2,1,65,8937834,9163,550725
14221154521936352966,periodic,cim,1050,20,3,1,65,8847250,9163,550725
14221154521936352966,periodic,cim,1050,20,4,1,65,5313333,9163,309506
14221154521936352966,periodic,cim,1050,20,5,1,65,3490917,9163,197978
14221154521936352966,periodic,cim,1050,20,6,1,65,2662667,9163,137329
14221154521936352966,periodic,cim,1050,20,7,1,65,2060292,9163,100780
14221154521936352966,periodic,cim,1050,20,8,1,65,1670625,9163,77043
14221154521936352966,periodic,cim,1050,20,9,1,65,1445542,9163,60764
14221154521936352966,periodic,cim,1050,20,10,1,65,1264833,9163,49126
14221154521936352966,periodic,cim,1050,20,11,1,65,1169584,9163,40549
14221154521936352966,periodic,cim,1050,20,12,1,65,1039167,9163,33980
14221154521936352966,periodic,cim,1050,20,13,1,65,964125,9163,28879
6883526404471607215,periodic,brute_force,1050,20,1,1,66,9294125,9119,550725
6883526404471607215,periodic,cim,1050,20,2,1,66,8730791,9119,550725
6883526404471607215,periodic,cim,1050,20,3,1,66,8837833,9119,550725
6883526404471607215,periodic,cim,1050,20,4,1,66,5215166,9119,309542
6883526404471607215,periodic,cim,1050,20,5,1,66,3541875,9119,197921
6883526404471607215,periodic,cim,1050,20,6,1,66,2598084,9119,137292
6883526404471607215,periodic,cim,1050,20,7,1,66,2102167,9119,100724
6883526404471607215,periodic,cim,1050,20,8,1,66,1747625,9119,76991
6883526404471607215,periodic,cim,1050,20,9,1,66,1421792,9119,60776
6883526404471607215,periodic,cim,1050,20,10,1,66,1297208,9119,49082
6883526404471607215,periodic,cim,1050,20,11,1,66,1115666,9119,40500
6883526404471607215,periodic,cim,1050,20,12,1,66,1121333,9119,33963
6883526404471607215,periodic,cim,1050,20,13,1,66,997666,9119,28872
13894355921891145339,periodic,brute_force,1050,20,1,1,67,9307583,9187,550725
13894355921891145339,periodic,cim,1050,20,2,1,67,8867083,9187,550725
13894355921891145339,periodic,cim,1050,20,3,1,67,8929792,9187,550725
13894355921891145339,periodic,cim,1050,20,4,1,67,5177916,9187,309599
13894355921891145339,periodic,cim,1050,20,5,1,67,3540667,9187,198026
13894355921891145339,periodic,cim,1050,20,6,1,67,2663250,9187,137369
13894355921891145339,periodic,cim,1050,20,7,1,67,2141542,9187,100836
13894355921891145339,periodic,cim,1050,20,8,1,67,1699125,9187,77105
13894355921891145339,periodic,cim,1050,20,9,1,67,1478000,9187,60805
13894355921891145339,periodic,cim,1050,20,10,1,67,1290125,9187,49127
13894355921891145339,periodic,cim,1050,20,11,1,67,1173625,9187,40556
13894355921891145339,periodic,cim,1050,20,12,1,67,1078958,9187,34005
13894355921891145339,periodic,cim,1050,20,13,1,67,987084,9187,28921
11227147896801370358,periodic,brute_force,1050,20,1,1,68,9200209,9087,550725
11227147896801370358,periodic,cim,1050,20,2,1,68,8823875,9087,550725
11227147896801370358,periodic,cim,1050,20,3,1,68,8798666,9087,550725
11227147896801370358,periodic,cim,1050,20,4,1,68,5377458,9087,309558
11227147896801370358,periodic,cim,1050,20,5,1,68,3628125,9087,197936
11227147896801370358,periodic,cim,1050,20,6,1,68,2686333,9087,137307
11227147896801370358,periodic,cim,1050,20,7,1,68,2473625,9087,100778
11227147896801370358,periodic,cim,1050,20,8,1,68,3363209,9087,77028
11227147896801370358,periodic,cim,1050,20,9,1,68,1439083,9087,60762
11227147896801370358,periodic,cim,1050,20,10,1,68,1399750,9087,49121
11227147896801370358,periodic,cim,1050,20,11,1,68,1159292,9087,40506
11227147896801370358,periodic,cim,1050,20,12,1,68,1050292,9087,33968
11227147896801370358,periodic,cim,1050,20,13,1,68,1058208,9087,28881
12783930932472136615,periodic,brute_force,1050,20,1,1,69,9516167,9136,550725
12783930932472136615,periodic,cim,1050,20,2,1,69,9306792,9136,550725
12783930932472136615,periodic,cim,1050,20,3,1,69,9102083,9136,550725
12783930932472136615,periodic,cim,1050,20,4,1,69,5194209,9136,309602
12783930932472136615,periodic,cim,1050,20,5,1,69,3519583,9136,197972
12783930932472136615,periodic,cim,1050,20,6,1,69,2741583,9136,137337
12783930932472136615,periodic,cim,1050,20,7,1,69,2134916,9136,100744
12783930932472136615,periodic,cim,1050,20,8,1,69,2713542,9136,77038
12783930932472136615,periodic,cim,1050,20,9,1,69,1476833,9136,60739
12783930932472136615,periodic,cim,1050,20,10,1,69,1306042,9136,49109
12783930932472136615,periodic,cim,1050,20,11,1,69,1276541,9136,40516
12783930932472136615,periodic,cim,1050,20,12,1,69,1092583,9136,33978
12783930932472136615,periodic,cim,1050,20,13,1,69,992583,9136,28830
8564594863170654707,periodic,brute_force,1050,20,1,1,70,9167250,9170,550725
8564594863170654707,periodic,cim,1050,20,2,1,70,9185417,9170,550725
8564594863170654707,periodic,cim,1050,20,3,1,70,8808584,9170,550725
8564594863170654707,periodic,cim,1050,20,4,1,70,5394875,9170,309568
8564594863170654707,periodic,cim,1050,20,5,1,70,3697750,9170,197939
8564594863170654707,periodic,cim,1050,20,6,1,70,3031000,9170,137306
8564594863170654707,periodic,cim,1050,20,7,1,70,2143959,9170,100730
8564594863170654707,periodic,cim,1050,20,8,1,70,1745292,9170,76989
8564594863170654707,periodic,cim,1050,20,9,1,70,1406208,9170,60741
8564594863170654707,periodic,cim,1050,20,10,1,70,1463167,9170,49075
8564594863170654707,periodic,cim,1050,20,11,1,70,1312750,9170,40508
8564594863170654707,periodic,cim,1050,20,12,1,70,1062458,9170,33956
8564594863170654707,periodic,cim,1050,20,13,1,70,1041833,9170,28869
59419735073610369,periodic,brute_force,1050,20,1,1,71,9677250,9101,550725
59419735073610369,periodic,cim,1050,20,2,1,71,8914167,9101,550725
59419735073610369,periodic,cim,1050,20,3,1,71,8974125,9101,550725
59419735073610369,periodic,cim,1050,20,4,1,71,5397291,9101,309621
59419735073610369,periodic,cim,1050,20,5,1,71,3687167,9101,198009
59419735073610369,periodic,cim,1050,20,6,1,71,2789292,9101,137364
59419735073610369,periodic,cim,1050,20,7,1,71,2181208,9101,100798
59419735073610369,periodic,cim,1050,20,8,1,71,1748458,9101,77042
59419735073610369,periodic,cim,1050,20,9,1,71,1481500,9101,60757
59419735073610369,periodic,cim,1050,20,10,1,71,1441625,9101,49148
59419735073610369,periodic,cim,1050,20,11,1,71,1146667,9101,40530
59419735073610369,periodic,cim,1050,20,12,1,71,1081125,9101,33965
59419735073610369,periodic,cim,1050,20,13,1,71,1005042,9101,28869
7044819990420660649,periodic,brute_force,1050,20,1,1,72,9684834,9142,550725
7044819990420660649,periodic,cim,1050,20,2,1,72,20521000,9142,550725
7044819990420660649,periodic,cim,1050,20,3,1,72,9576291,9142,550725
7044819990420660649,periodic,cim,1050,20,4,1,72,5650541,9142,309539
7044819990420660649,periodic,cim,1050,20,5,1,72,3773375,9142,197937
7044819990420660649,periodic,cim,1050,20,6,1,72,2816917,9142,137326
7044819990420660649,periodic,cim,1050,20,7,1,72,2672792,9142,100735
7044819990420660649,periodic,cim,1050,20,8,1,72,1777958,9142,77042
7044819990420660649,periodic,cim,1050,20,9,1,72,1740625,9142,60769
7044819990420660649,periodic,cim,1050,20,10,1,72,1272625,9142,49114
7044819990420660649,periodic,cim,1050,20,11,1,72,1195500,9142,40532
7044819990420660649,periodic,cim,1050,20,12,1,72,1098334,9142,33921
7044819990420660649,periodic,cim,1050,20,13,1,72,1013667,9142,28872
1059264822381064221,periodic,brute_force,1050,20,1,1,73,9175375,9190,550725
1059264822381064221,periodic,cim,1050,20,2,1,73,9348000,9190,550725
1059264822381064221,periodic,cim,1050,20,3,1,73,9400792,9190,550725
1059264822381064221,periodic,cim,1050,20,4,1,73,5313375,9190,309610
1059264822381064221,periodic,cim,1050,20,5,1,73,3686041,9190,197989
1059264822381064221,periodic,cim,1050,20,6,1,73,2789750,9190,137374
1059264822381064221,periodic,cim,1050,20,7,1,73,2237834,9190,100812
1059264822381064221,periodic,cim,1050,20,8,1,73,1669917,9190,77073
1059264822381064221,periodic,cim,1050,20,9,1,73,1553042,9190,60792
1059264822381064221,periodic,cim,1050,20,10,1,73,1246625,9190,49147
1059264822381064221,periodic,cim,1050,20,11,1,73,1131125,9190,40552
1059264822381064221,periodic,cim,1050,20,12,1,73,1060875,9190,34004
1059264822381064221,periodic,cim,1050,20,13,1,73,998917,9190,28877
1543557627164364110,periodic,brute_force,1050,20,1,1,74,9136209,9136,550725
1543557627164364110,periodic,cim,1050,20,2,1,74,9883250,9136,550725
1543557627164364110,periodic,cim,1050,20,3,1,74,9133625,9136,550725
1543557627164364110,periodic,cim,1050,20,4,1,74,5460042,9136,309569
1543557627164364110,periodic,cim,1050,20,5,1,74,3726625,9136,198021
1543557627164364110,periodic,cim,1050,20,6,1,74,2695584,9136,137293
1543557627164364110,periodic,cim,1050,20,7,1,74,2118083,9136,100744
1543557627164364110,periodic,cim,1050,20,8,1,74,1716208,9136,77043
1543557627164364110,periodic,cim,1050,20,9,1,74,1489459,9136,60779
1543557627164364110,periodic,cim,1050,20,10,1,74,1295500,9136,49170
1543557627164364110,periodic,cim,1050,20,11,1,74,1133541,9136,40533
1543557627164364110,periodic,cim,1050,20,12,1,74,1051000,9136,33983
1543557627164364110,periodic,cim,1050,20,13,1,74,962667,9136,28879
2803784617883743790,periodic,brute_force,1050,20,1,1,75,9278167,9091,550725
2803784617883743790,periodic,cim,1050,20,2,1,75,8926708,9091,550725
2803784617883743790,periodic,cim,1050,20,3,1,75,8925000,9091,550725
2803784617883743790,periodic,cim,1050,20,4,1,75,5287875,9091,309546
2803784617883743790,periodic,cim,1050,20,5,1,75,3502209,9091,197945
2803784617883743790,periodic,cim,1050,20,6,1,75,2612583,9091,137334
2803784617883743790,periodic,cim,1050,20,7,1,75,2275375,9091,100759
2803784617883743790,periodic,cim,1050,20,8,1,75,1672542,9091,77039
2803784617883743790,periodic,cim,1050,20,9,1,75,1481250,9091,60762
2803784617883743790,periodic,cim,1050,20,10,1,75,1264459,9091,49112
2803784617883743790,periodic,cim,1050,20,11,1,75,1142709,9091,40526
2803784617883743790,periodic,cim,1050,20,12,1,75,1067833,9091,33990
2803784617883743790,periodic,cim,1050,20,13,1,75,970958,9091,28876
2320911471117790163,periodic,brute_force,1050,20,1,1,76,9298333,9161,550725
2320911471117790163,periodic,cim,1050,20,2,1,76,8882583,9161,550725
2320911471117790163,periodic,cim,1050,20,3,1,76,8908000,9161,550725
2320911471117790163,periodic,cim,1050,20,4,1,76,5155084,9161,309577
2320911471117790163,periodic,cim,1050,20,5,1,76,3573125,9161,197913
2320911471117790163,periodic,cim,1050,20,6,1,76,2676292,9161,137313
2320911471117790163,periodic,cim,1050,20,7,1,76,2084875,9161,100746
2320911471117790163,periodic,cim,1050,20,8,1,76,1711833,9161,76982
2320911471117790163,periodic,cim,1050,20,9,1,76,1420959,9161,60753
2320911471117790163,periodic,cim,1050,20,10,1,76,1232292,9161,49097
2320911471117790163,periodic,cim,1050,20,11,1,76,1134667,9161,40511
2320911471117790163,periodic,cim,1050,20,12,1,76,1085959,9161,33971
2320911471117790163,periodic,cim,1050,20,13,1,76,998042,9161,28882
10603905211253781049,periodic,brute_force,1050,20,1,1,77,9545458,9140,550725
10603905211253781049,periodic,cim,1050,20,2,1,77,9104125,9140,550725
10603905211253781049,periodic,cim,1050,20,3,1,77,9059542,9140,550725
10603905211253781049,periodic,cim,1050,20,4,1,77,5309333,9140,309543
10603905211253781049,periodic,cim,1050,20,5,1,77,3600542,9140,197963
10603905211253781049,periodic,cim,1050,20,6,1,77,2632333,9140,137317
10603905211253781049,periodic,cim,1050,20,7,1,77,2097500,9140,100763
10603905211253781049,periodic,cim,1050,20,8,1,77,1679417,9140,77030
10603905211253781049,periodic,cim,1050,20,9,1,77,1475083,9140,60787
10603905211253781049,periodic,cim,1050,20,10,1,77,1316500,9140,49141
10603905211253781049,periodic,cim,1050,20,11,1,77,1138500,9140,40564
10603905211253781049,periodic,cim,1050,20,12,1,77,1034083,9140,33960
10603905211253781049,periodic,cim,1050,20,13,1,77,1024208,9140,28879
3706399951782856104,periodic,brute_force,1050,20,1,1,78,9517875,9141,550725
3706399951782856104,periodic,cim,1050,20,2,1,78,8900458,9141,550725
3706399951782856104,periodic,cim,1050,20,3,1,78,8933875,9141,550725
3706399951782856104,periodic,cim,1050,20,4,1,78,5165375,9141,309566
3706399951782856104,periodic,cim,1050,20,5,1,78,3595875,9141,197934
3706399951782856104,periodic,cim,1050,20,6,1,78,2730125,9141,137291
3706399951782856104,periodic,cim,1050,20,7,1,78,2053000,9141,100715
3706399951782856104,periodic,cim,1050,20,8,1,78,1762125,9141,77007
3706399951782856104,periodic,cim,1050,20,9,1,78,1436792,9141,60783
3706399951782856104,periodic,cim,1050,20,10,1,78,1293708,9141,49086
3706399951782856104,periodic,cim,1050,20,11,1,78,1115708,9141,40503
3706399951782856104,periodic,cim,1050,20,12,1,78,1056250,9141,33950
3706399951782856104,periodic,cim,1050,20,13,1,78,1011042,9141,28874
15742571752902064935,periodic,brute_force,1050,20,1,1,79,9432875,9145,550725
15742571752902064935,periodic,cim,1050,20,2,1,79,8811958,9145,550725
15742571752902064935,periodic,cim,1050,20,3,1,79,8930875,9145,550725
15742571752902064935,periodic,cim,1050,20,4,1,79,5437000,9145,309596
15742571752902064935,periodic,cim,1050,20,5,1,79,3645167,9145,198087
15742571752902064935,periodic,cim,1050,20,6,1,79,2776500,9145,137394
15742571752902064935,periodic,cim,1050,20,7,1,79,2099583,9145,100801
15742571752902064935,periodic,cim,1050,20,8,1,79,1746791,9145,77085
15742571752902064935,periodic,cim,1050,20,9,1,79,1414292,9145,60841
15742571752902064935,periodic,cim,1050,20,10,1,79,1252041,9145,49188
15742571752902064935,periodic,cim,1050,20,11,1,79,1191292,9145,40537
15742571752902064935,periodic,cim,1050,20,12,1,79,1071125,9145,33979
15742571752902064935,periodic,cim,1050,20,13,1,79,975041,9145,28885
1473260553121924810,periodic,brute_force,1050,20,1,1,80,9508459,9125,550725
1473260553121924810,periodic,cim,1050,20,2,1,80,9012125,9125,550725
1473260553121924810,periodic,cim,1050,20,3,1,80,9141750,9125,550725
1473260553121924810,periodic,cim,1050,20,4,1,80,5395166,9125,309498
1473260553121924810,periodic,cim,1050,20,5,1,80,3708125,9125,197882
1473260553121924810,periodic,cim,1050,20,6,1,80,2819375,9125,137308
1473260553121924810,periodic,cim,1050,20,7,1,80,2076459,9125,100750
1473260553121924810,periodic,cim,1050,20,8,1,80,1676042,9125,77028
1473260553121924810,periodic,cim,1050,20,9,1,80,1407542,9125,60759
1473260553121924810,periodic,cim,1050,20,10,1,80,1354333,9125,49161
1473260553121924810,periodic,cim,1050,20,11,1,80,1180875,9125,40512
1473260553121924810,periodic,cim,1050,20,12,1,80,1094375,9125,33973
1473260553121924810,periodic,cim,1050,20,13,1,80,964958,9125,28846
12044195758679523608,periodic,brute_force,1050,20,1,1,81,9148916,9082,550725
12044195758679523608,periodic,cim,1050,20,2,1,81,8973958,9082,550725
12044195758679523608,periodic,cim,1050,20,3,1,81,8916583,9082,550725
12044195758679523608,periodic,cim,1050,20,4,1,81,5313250,9082,309582
12044195758679523608,periodic,cim,1050,20,5,1,81,3537458,9082,197946
12044195758679523608,periodic,cim,1050,20,6,1,81,2702959,9082,137382
12044195758679523608,periodic,cim,1050,20,7,1,81,2070209,9082,100745
12044195758679523608,periodic,cim,1050,20,8,1,81,1739083,9082,76996
12044195758679523608,periodic,cim,1050,20,9,1,81,1442125,9082,60750
12044195758679523608,periodic,cim,1050,20,10,1,81,1316917,9082,49130
12044195758679523608,periodic,cim,1050,20,11,1,81,1129209,9082,40503
12044195758679523608,periodic,cim,1050,20,12,1,81,1039291,9082,33963
12044195758679523608,periodic,cim,1050,20,13,1,81,971583,9082,28836
15775316859325305292,periodic,brute_force,1050,20,1,1,82,9353916,9165,550725
15775316859325305292,periodic,cim,1050,20,2,1,82,8934375,9165,550725
15775316859325305292,periodic,cim,1050,20,3,1,82,8939667,9165,550725
15775316859325305292,periodic,cim,1050,20,4,1,82,5227041,9165,309613
15775316859325305292,periodic,cim,1050,20,5,1,82,3510666,9165,198020
15775316859325305292,periodic,cim,1050,20,6,1,82,2698041,9165,137370
15775316859325305292,periodic,cim,1050,20,7,1,82,2140042,9165,100815
15775316859325305292,periodic,cim,1050,20,8,1,82,1716292,9165,77063
15775316859325305292,periodic,cim,1050,20,9,1,82,1460292,9165,60820
15775316859325305292,periodic,cim,1050,20,10,1,82,1254458,9165,49160
15775316859325305292,periodic,cim,1050,20,11,1,82,1125875,9165,40558
15775316859325305292,periodic,cim,1050,20,12,1,82,1049792,9165,33956
15775316859325305292,periodic,cim,1050,20,13,1,82,983084,9165,28885
16074243741047348515,periodic,brute_force,1050,20,1,1,83,9191583,9146,550725
16074243741047348515,periodic,cim,1050,20,2,1,83,8856834,9146,550725
16074243741047348515,periodic,cim,1050,20,3,1,83,8888709,9146,550725
16074243741047348515,periodic,cim,1050,20,4,1,83,5198250,9146,309566
16074243741047348515,periodic,cim,1050,20,5,1,83,3585250,9146,197932
16074243741047348515,periodic,cim,1050,20,6,1,83,2585875,9146,137298
16074243741047348515,periodic,cim,1050,20,7,1,83,2077416,9146,100793
16074243741047348515,periodic,cim,1050,20,8,1,83,1728625,9146,77051
16074243741047348515,periodic,cim,1050,20,9,1,83,1493125,9146,60778
16074243741047348515,periodic,cim,1050,20,10,1,83,1236959,9146,49132
16074243741047348515,periodic,cim,1050,20,11,1,83,1183375,9146,40524
16074243741047348515,periodic,cim,1050,20,12,1,83,1026500,9146,34001
16074243741047348515,periodic,cim,1050,20,13,1,83,1028917,9146,28882
3075398511807379748,periodic,brute_force,1050,20,1,1,84,9239125,9126,550725
3075398511807379748,periodic,cim,1050,20,2,1,84,9135041,9126,550725
3075398511807379748,periodic,cim,1050,20,3,1,84,8844625,9126,550725
3075398511807379748,periodic,cim,1050,20,4,1,84,5137333,9126,309594
3075398511807379748,periodic,cim,1050,20,5,1,84,3487291,9126,197954
3075398511807379748,periodic,cim,1050,20,6,1,84,2599042,9126,137347
3075398511807379748,periodic,cim,1050,20,7,1,84,2161917,9126,100761
3075398511807379748,periodic,cim,1050,20,8,1,84,1703750,9126,77087
3075398511807379748,periodic,cim,1050,20,9,1,84,1408583,9126,60769
3075398511807379748,periodic,cim,1050,20,10,1,84,1234708,9126,49156
3075398511807379748,periodic,cim,1050,20,11,1,84,1111333,9126,40525
3075398511807379748,periodic,cim,1050,20,12,1,84,1065542,9126,33961
3075398511807379748,periodic,cim,1050,20,13,1,84,962875,9126,28903
13959828552513377430,periodic,brute_force,1050,20,1,1,85,9341834,9122,550725
13959828552513377430,periodic,cim,1050,20,2,1,85,9144166,9122,550725
13959828552513377430,periodic,cim,1050,20,3,1,85,8906542,9122,550725
13959828552513377430,periodic,cim,1050,20,4,1,85,5391084,9122,309589
13959828552513377430,periodic,cim,1050,20,5,1,85,3659625,9122,197921
13959828552513377430,periodic,cim,1050,20,6,1,85,2963166,9122,137316
13959828552513377430,periodic,cim,1050,20,7,1,85,2371375,9122,100733
13959828552513377430,periodic,cim,1050,20,8,1,85,1721541,9122,77042
13959828552513377430,periodic,cim,1050,20,9,1,85,1441417,9122,60737
13959828552513377430,periodic,cim,1050,20,10,1,85,1289834,9122,49177
13959828552513377430,periodic,cim,1050,20,11,1,85,1142833,9122,40563
13959828552513377430,periodic,cim,1050,20,12,1,85,1042083,9122,33971
13959828552513377430,periodic,cim,1050,20,13,1,85,1062750,9122,28894
4317025303752881566,periodic,brute_force,1050,20,1,1,86,9209208,9095,550725
4317025303752881566,periodic,cim,1050,20,2,1,86,9204625,9095,550725
4317025303752881566,periodic,cim,1050,20,3,1,86,9037833,9095,550725
4317025303752881566,periodic,cim,1050,20,4,1,86,5767500,9095,309578
4317025303752881566,periodic,cim,1050,20,5,1,86,3684833,9095,197975
4317025303752881566,periodic,cim,1050,20,6,1,86,2654000,9095,137339
4317025303752881566,periodic,cim,1050,20,7,1,86,2048417,9095,100784
4317025303752881566,periodic,cim,1050,20,8,1,86,1813000,9095,77053
4317025303752881566,periodic,cim,1050,20,9,1,86,1453916,9095,60754
4317025303752881566,periodic,cim,1050,20,10,1,86,1415791,9095,49168
4317025303752881566,periodic,cim,1050,20,11,1,86,1161000,9095,40554
4317025303752881566,periodic,cim,1050,20,12,1,86,1020750,9095,33950
4317025303752881566,periodic,cim,1050,20,13,1,86,974125,9095,28892
102765371801568416,periodic,brute_force,1050,20,1,1,87,9365500,9158,550725
102765371801568416,periodic,cim,1050,20,2,1,87,9332917,9158,550725
102765371801568416,periodic,cim,1050,20,3,1,87,8868000,9158,550725
102765371801568416,periodic,cim,1050,20,4,1,87,5321042,9158,309569
102765371801568416,periodic,cim,1050,20,5,1,87,3649375,9158,197952
102765371801568416,periodic,cim,1050,20,6,1,87,2693375,9158,137330
102765371801568416,periodic,cim,1050,20,7,1,87,2123500,9158,100784
102765371801568416,periodic,cim,1050,20,8,1,87,1708042,9158,77029
102765371801568416,periodic,cim,1050,20,9,1,87,1484417,9158,60843
102765371801568416,periodic,cim,1050,20,10,1,87,1290625,9158,49154
102765371801568416,periodic,cim,1050,20,11,1,87,1128250,9158,40540
102765371801568416,periodic,cim,1050,20,12,1,87,1048333,9158,33995
102765371801568416,periodic,cim,1050,20,13,1,87,989208,9158,28888
11371837728034900357,periodic,brute_force,1050,20,1,1,88,9535750,9134,550725
11371837728034900357,periodic,cim,1050,20,2,1,88,10130833,9134,550725
11371837728034900357,periodic,cim,1050,20,3,1,88,9002959,9134,550725
11371837728034900357,periodic,cim,1050,20,4,1,88,5347375,9134,309616
11371837728034900357,periodic,cim,1050,20,5,1,88,3691542,9134,198069
11371837728034900357,periodic,cim,1050,20,6,1,88,2663208,9134,137379
11371837728034900357,periodic,cim,1050,20,7,1,88,2236792,9134,100842
11371837728034900357,periodic,cim,1050,20,8,1,88,1814417,9134,77069
11371837728034900357,periodic,cim,1050,20,9,1,88,1480250,9134,60811
11371837728034900357,periodic,cim,1050,20,10,1,88,1401666,9134,49169
11371837728034900357,periodic,cim,1050,20,11,1,88,1209542,9134,40513
11371837728034900357,periodic,cim,1050,20,12,1,88,1040916,9134,34017
11371837728034900357,periodic,cim,1050,20,13,1,88,1052167,9134,28890
5174501059217206707,periodic,brute_force,1050,20,1,1,89,9557375,9187,550725
5174501059217206707,periodic,cim,1050,20,2,1,89,9322792,9187,550725
5174501059217206707,periodic,cim,1050,20,3,1,89,9228000,9187,550725
5174501059217206707,periodic,cim,1050,20,4,1,89,5366500,9187,309519
5174501059217206707,periodic,cim,1050,20,5,1,89,3666833,9187,197961
5174501059217206707,periodic,cim,1050,20,6,1,89,2668125,9187,137324
5174501059217206707,periodic,cim,1050,20,7,1,89,2076875,9187,100769
5174501059217206707,periodic,cim,1050,20,8,1,89,1683959,9187,77064
5174501059217206707,periodic,cim,1050,20,9,1,89,1407375,9187,60786
5174501059217206707,periodic,cim,1050,20,10,1,89,1236875,9187,49142
5174501059217206707,periodic,cim,1050,20,11,1,89,1138625,9187,40521
5174501059217206707,periodic,cim,1050,20,12,1,89,1053167,9187,33999
5174501059217206707,periodic,cim,1050,20,13,1,89,963208,9187,28906
16628889178623824230,periodic,brute_force,1050,20,1,1,90,9645375,9128,550725
16628889178623824230,periodic,cim,1050,20,2,1,90,9316875,9128,550725
16628889178623824230,periodic,cim,1050,20,3,1,90,9077375,9128,550725
16628889178623824230,periodic,cim,1050,20,4,1,90,5486708,9128,309621
16628889178623824230,periodic,cim,1050,20,5,1,90,3704166,9128,197932
16628889178623824230,periodic,cim,1050,20,6,1,90,2690250,9128,137379
16628889178623824230,periodic,cim,1050,20,7,1,90,2224417,9128,100773
16628889178623824230,periodic,cim,1050,20,8,1,90,1723833,9128,77072
16628889178623824230,periodic,cim,1050,20,9,1,90,1460375,9128,60787
16628889178623824230,periodic,cim,1050,20,10,1,90,1256083,9128,49158
16628889178623824230,periodic,cim,1050,20,11,1,90,1259041,9128,40536
16628889178623824230,periodic,cim,1050,20,12,1,90,1111375,9128,33980
16628889178623824230,periodic,cim,1050,20,13,1,90,983250,9128,28897
3872788745847569948,periodic,brute_force,1050,20,1,1,91,9728542,9129,550725
3872788745847569948,periodic,cim,1050,20,2,1,91,9049542,9129,550725
3872788745847569948,periodic,cim,1050,20,3,1,91,8963500,9129,550725
3872788745847569948,periodic,cim,1050,20,4,1,91,5336333,9129,309635
3872788745847569948,periodic,cim,1050,20,5,1,91,3744333,9129,198043
3872788745847569948,periodic,cim,1050,20,6,1,91,2724584,9129,137399
3872788745847569948,periodic,cim,1050,20,7,1,91,2287458,9129,100848
3872788745847569948,periodic,cim,1050,20,8,1,91,1708167,9129,77055
3872788745847569948,periodic,cim,1050,20,9,1,91,1492917,9129,60795
3872788745847569948,periodic,cim,1050,20,10,1,91,1295584,9129,49180
3872788745847569948,periodic,cim,1050,20,11,1,91,1164417,9129,40546
3872788745847569948,periodic,cim,1050,20,12,1,91,1103750,9129,34033
3872788745847569948,periodic,cim,1050,20,13,1,91,1008292,9129,28871
17638634256867848101,periodic,brute_force,1050,20,1,1,92,9495084,9140,550725
17638634256867848101,periodic,cim,1050,20,2,1,92,9102709,9140,550725
17638634256867848101,periodic,cim,1050,20,3,1,92,9300334,9140,550725
17638634256867848101,periodic,cim,1050,20,4,1,92,5291375,9140,309582
17638634256867848101,periodic,cim,1050,20,5,1,92,3709750,9140,197948
17638634256867848101,periodic,cim,1050,20,6,1,92,2701958,9140,137318
17638634256867848101,periodic,cim,1050,20,7,1,92,2077583,9140,100738
17638634256867848101,periodic,cim,1050,20,8,1,92,1694500,9140,77012
17638634256867848101,periodic,cim,1050,20,9,1,92,1608000,9140,60766
17638634256867848101,periodic,cim,1050,20,10,1,92,1345292,9140,49092
17638634256867848101,periodic,cim,1050,20,11,1,92,1294458,9140,40527
17638634256867848101,periodic,cim,1050,20,12,1,92,1092791,9140,34010
17638634256867848101,periodic,cim,1050,20,13,1,92,979792,9140,28886
18404100969403058776,periodic,brute_force,1050,20,1,1,93,11557459,9152,550725
18404100969403058776,periodic,cim,1050,20,2,1,93,9440750,9152,550725
18404100969403058776,periodic,cim,1050,20,3,1,93,11748708,9152,550725
18404100969403058776,periodic,cim,1050,20,4,1,93,5334250,9152,309590
18404100969403058776,periodic,cim,1050,20,5,1,93,3520875,9152,197977
18404100969403058776,periodic,cim,1050,20,6,1,93,2733208,9152,137359
18404100969403058776,periodic,cim,1050,20,7,1,93,2550792,9152,100797
18404100969403058776,periodic,cim,1050,20,8,1,93,1810125,9152,77015
18404100969403058776,periodic,cim,1050,20,9,1,93,1482625,9152,60822
18404100969403058776,periodic,cim,1050,20,10,1,93,1311750,9152,49138
18404100969403058776,periodic,cim,1050,20,11,1,93,1148792,9152,40535
18404100969403058776,periodic,cim,1050,20,12,1,93,1155875,9152,34001
18404100969403058776,periodic,cim,1050,20,13,1,93,1001250,9152,28858
9777661007446222005,periodic,brute_force,1050,20,1,1,94,9717500,9132,550725
9777661007446222005,periodic,cim,1050,20,2,1,94,9227833,9132,550725
9777661007446222005,periodic,cim,1050,20,3,1,94,9874708,9132,550725
9777661007446222005,periodic,cim,1050,20,4,1,94,5621708,9132,309559
9777661007446222005,periodic,cim,1050,20,5,1,94,4119084,9132,197969
9777661007446222005,periodic,cim,1050,20,6,1,94,2907542,9132,137333
9777661007446222005,periodic,cim,1050,20,7,1,94,2176583,9132,100764
9777661007446222005,periodic,cim,1050,20,8,1,94,1871458,9132,77049
9777661007446222005,periodic,cim,1050,20,9,1,94,1579417,9132,60772
9777661007446222005,periodic,cim,1050,20,10,1,94,1269459,9132,49091
9777661007446222005,periodic,cim,1050,20,11,1,94,1185250,9132,40522
9777661007446222005,periodic,cim,1050,20,12,1,94,1078167,9132,33978
9777661007446222005,periodic,cim,1050,20,13,1,94,1029583,9132,28885
17530327653741442904,periodic,brute_force,1050,20,1,1,95,9795250,9190,550725
17530327653741442904,periodic,cim,1050,20,2,1,95,13084667,9190,550725
17530327653741442904,periodic,cim,1050,20,3,1,95,9241917,9190,550725
17530327653741442904,periodic,cim,1050,20,4,1,95,5721292,9190,309558
17530327653741442904,periodic,cim,1050,20,5,1,95,4219584,9190,197939
17530327653741442904,periodic,cim,1050,20,6,1,95,3174458,9190,137360
17530327653741442904,periodic,cim,1050,20,7,1,95,2220709,9190,100776
17530327653741442904,periodic,cim,1050,20,8,1,95,1761708,9190,77062
17530327653741442904,periodic,cim,1050,20,9,1,95,1536292,9190,60781
17530327653741442904,periodic,cim,1050,20,10,1,95,1383875,9190,49166
17530327653741442904,periodic,cim,1050,20,11,1,95,1199250,9190,40520
17530327653741442904,periodic,cim,1050,20,12,1,95,1133167,9190,33957
17530327653741442904,periodic,cim,1050,20,13,1,95,1005333,9190,28879
14223209802494203640,periodic,brute_force,1050,20,1,1,96,10664792,9121,550725
14223209802494203640,periodic,cim,1050,20,2,1,96,9423125,9121,550725
14223209802494203640,periodic,cim,1050,20,3,1,96,9401167,9121,550725
14223209802494203640,periodic,cim,1050,20,4,1,96,5844584,9121,309585
14223209802494203640,periodic,cim,1050,20,5,1,96,4012042,9121,198007
14223209802494203640,periodic,cim,1050,20,6,1,96,2675375,9121,137342
14223209802494203640,periodic,cim,1050,20,7,1,96,2125958,9121,100745
14223209802494203640,periodic,cim,1050,20,8,1,96,1810708,9121,77070
14223209802494203640,periodic,cim,1050,20,9,1,96,1798500,9121,60774
14223209802494203640,periodic,cim,1050,20,10,1,96,1238166,9121,49150
14223209802494203640,periodic,cim,1050,20,11,1,96,1121083,9121,40523
14223209802494203640,periodic,cim,1050,20,12,1,96,1032208,9121,33985
14223209802494203640,periodic,cim,1050,20,13,1,96,1025792,9121,28859
3472467663218635274,periodic,brute_force,1050,20,1,1,97,10138458,9110,550725
3472467663218635274,periodic,cim,1050,20,2,1,97,9171500,9110,550725
3472467663218635274,periodic,cim,1050,20,3,1,97,9170250,9110,550725
3472467663218635274,periodic,cim,1050,20,4,1,97,5357084,9110,309558
3472467663218635274,periodic,cim,1050,20,5,1,97,3760500,9110,197984
3472467663218635274,periodic,cim,1050,20,6,1,97,2621250,9110,137364
3472467663218635274,periodic,cim,1050,20,7,1,97,2233917,9110,100739
3472467663218635274,periodic,cim,1050,20,8,1,97,2673917,9110,77034
3472467663218635274,periodic,cim,1050,20,9,1,97,1416709,9110,60777
3472467663218635274,periodic,cim,1050,20,10,1,97,1310958,9110,49159
3472467663218635274,periodic,cim,1050,20,11,1,97,1113083,9110,40557
3472467663218635274,periodic,cim,1050,20,12,1,97,1067709,9110,33975
3472467663218635274,periodic,cim,1050,20,13,1,97,1102875,9110,28886
6647873561856050822,periodic,brute_force,1050,20,1,1,98,12586667,9130,550725
6647873561856050822,periodic,cim,1050,20,2,1,98,10050834,9130,550725
6647873561856050822,periodic,cim,1050,20,3,1,98,13899083,9130,550725
6647873561856050822,periodic,cim,1050,20,4,1,98,5692000,9130,309531
6647873561856050822,periodic,cim,1050,20,5,1,98,3602708,9130,197945
6647873561856050822,periodic,cim,1050,20,6,1,98,2779250,9130,137341
6647873561856050822,periodic,cim,1050,20,7,1,98,2237500,9130,100788
6647873561856050822,periodic,cim,1050,20,8,1,98,1676334,9130,77040
6647873561856050822,periodic,cim,1050,20,9,1,98,1420125,9130,60782
6647873561856050822,periodic,cim,1050,20,10,1,98,1282916,9130,49135
6647873561856050822,periodic,cim,1050,20,11,1,98,1112709,9130,40509
6647873561856050822,periodic,cim,1050,20,12,1,98,1132125,9130,33973
6647873561856050822,periodic,cim,1050,20,13,1,98,964541,9130,28884
1265333811303992814,periodic,brute_force,1050,20,1,1,99,9188500,9167,550725
1265333811303992814,periodic,cim,1050,20,2,1,99,10528916,9167,550725
1265333811303992814,periodic,cim,1050,20,3,1,99,9194375,9167,550725
1265333811303992814,periodic,cim,1050,20,4,1,99,5485042,9167,309497
1265333811303992814,periodic,cim,1050,20,5,1,99,3821083,9167,198006
1265333811303992814,periodic,cim,1050,20,6,1,99,2765959,9167,137334
1265333811303992814,periodic,cim,1050,20,7,1,99,2092291,9167,100738
1265333811303992814,periodic,cim,1050,20,8,1,99,1811417,9167,77064
1265333811303992814,periodic,cim,1050,20,9,1,99,1438500,9167,60763
1265333811303992814,periodic,cim,1050,20,10,1,99,1380459,9167,49140
1265333811303992814,periodic,cim,1050,20,11,1,99,1218917,9167,40520
1265333811303992814,periodic,cim,1050,20,12,1,99,1143208,9167,33975
1265333811303992814,periodic,cim,1050,20,13,1,99,977333,9167,28859
13611019276664132816,periodic,brute_force,1050,20,1,1,100,9744791,9137,550725
13611019276664132816,periodic,cim,1050,20,2,1,100,9188125,9137,550725
13611019276664132816,periodic,cim,1050,20,3,1,100,9128458,9137,550725
13611019276664132816,periodic,cim,1050,20,4,1,100,5393083,9137,309599
13611019276664132816,periodic,cim,1050,20,5,1,100,3759417,9137,197987
13611019276664132816,periodic,cim,1050,20,6,1,100,2726291,9137,137366
13611019276664132816,periodic,cim,1050,20,7,1,100,2280333,9137,100795
13611019276664132816,periodic,cim,1050,20,8,1,100,1752291,9137,77012
13611019276664132816,periodic,cim,1050,20,9,1,100,1521000,9137,60752
13611019276664132816,periodic,cim,1050,20,10,1,100,1276792,9137,49091
13611019276664132816,periodic,cim,1050,20,11,1,100,2718792,9137,40502
13611019276664132816,periodic,cim,1050,20,12,1,100,1113917,9137,33969
13611019276664132816,periodic,cim,1050,20,13,1,100,1018625,9137,28871
