seed,boundary,method,N,L,M,rc,repetition,time_ns,neighbor_pairs,distance_evaluations
11239912412449524342,walls,brute_force,500,20,1,1,1,1966417,1992,124750
11239912412449524342,walls,cim,500,20,2,1,1,1937875,1992,124750
11239912412449524342,walls,cim,500,20,3,1,1,1238334,1992,76008
11239912412449524342,walls,cim,500,20,4,1,1,838208,1992,49456
11239912412449524342,walls,cim,500,20,5,1,1,627209,1992,34863
11239912412449524342,walls,cim,500,20,6,1,1,503000,1992,25690
11239912412449524342,walls,cim,500,20,7,1,1,417875,1992,19472
11239912412449524342,walls,cim,500,20,8,1,1,362958,1992,15228
11239912412449524342,walls,cim,500,20,9,1,1,316250,1992,12034
11239912412449524342,walls,cim,500,20,10,1,1,265709,1992,9951
11239912412449524342,walls,cim,500,20,11,1,1,270125,1992,8340
11239912412449524342,walls,cim,500,20,12,1,1,238459,1992,7054
11239912412449524342,walls,cim,500,20,13,1,1,211250,1992,6028
5176328189385296828,walls,brute_force,500,20,1,1,2,1926792,1960,124750
5176328189385296828,walls,cim,500,20,2,1,2,1860000,1960,124750
5176328189385296828,walls,cim,500,20,3,1,2,1196791,1960,74454
5176328189385296828,walls,cim,500,20,4,1,2,820833,1960,48846
5176328189385296828,walls,cim,500,20,5,1,2,631917,1960,33943
5176328189385296828,walls,cim,500,20,6,1,2,522834,1960,25158
5176328189385296828,walls,cim,500,20,7,1,2,419125,1960,19184
5176328189385296828,walls,cim,500,20,8,1,2,350333,1960,15044
5176328189385296828,walls,cim,500,20,9,1,2,288750,1960,12060
5176328189385296828,walls,cim,500,20,10,1,2,274250,1960,9875
5176328189385296828,walls,cim,500,20,11,1,2,247666,1960,8328
5176328189385296828,walls,cim,500,20,12,1,2,228042,1960,7059
5176328189385296828,walls,cim,500,20,13,1,2,219833,1960,6024
8682492325400057176,walls,brute_force,500,20,1,1,3,1928917,1948,124750
8682492325400057176,walls,cim,500,20,2,1,3,1920542,1948,124750
8682492325400057176,walls,cim,500,20,3,1,3,1161542,1948,75612
8682492325400057176,walls,cim,500,20,4,1,3,795167,1948,49497
8682492325400057176,walls,cim,500,20,5,1,3,587167,1948,33645
8682492325400057176,walls,cim,500,20,6,1,3,461625,1948,24484
8682492325400057176,walls,cim,500,20,7,1,3,385333,1948,18815
8682492325400057176,walls,cim,500,20,8,1,3,329083,1948,14768
8682492325400057176,walls,cim,500,20,9,1,3,285166,1948,11840
8682492325400057176,walls,cim,500,20,10,1,3,257042,1948,9777
8682492325400057176,walls,cim,500,20,11,1,3,244875,1948,8149
8682492325400057176,walls,cim,500,20,12,1,3,242000,1948,6873
8682492325400057176,walls,cim,500,20,13,1,3,233375,1948,5912
1704302896586569770,walls,brute_force,500,20,1,1,4,1877250,1889,124750
1704302896586569770,walls,cim,500,20,2,1,4,1891833,1889,124750
1704302896586569770,walls,cim,500,20,3,1,4,1265083,1889,76309
1704302896586569770,walls,cim,500,20,4,1,4,817750,1889,49284
1704302896586569770,walls,cim,500,20,5,1,4,612042,1889,33829
1704302896586569770,walls,cim,500,20,6,1,4,536250,1889,24739
1704302896586569770,walls,cim,500,20,7,1,4,400416,1889,18869
1704302896586569770,walls,cim,500,20,8,1,4,330500,1889,14763
1704302896586569770,walls,cim,500,20,9,1,4,281625,1889,11820
1704302896586569770,walls,cim,500,20,10,1,4,253084,1889,9591
1704302896586569770,walls,cim,500,20,11,1,4,239792,1889,7974
1704302896586569770,walls,cim,500,20,12,1,4,216250,1889,6706
1704302896586569770,walls,cim,500,20,13,1,4,215792,1889,5825
144494185784764649,walls,brute_force,500,20,1,1,5,1907458,1942,124750
144494185784764649,walls,cim,500,20,2,1,5,1853792,1942,124750
144494185784764649,walls,cim,500,20,3,1,5,1251708,1942,76178
144494185784764649,walls,cim,500,20,4,1,5,813375,1942,48420
144494185784764649,walls,cim,500,20,5,1,5,614333,1942,34003
144494185784764649,walls,cim,500,20,6,1,5,503500,1942,24978
144494185784764649,walls,cim,500,20,7,1,5,394625,1942,18943
144494185784764649,walls,cim,500,20,8,1,5,340042,1942,14897
144494185784764649,walls,cim,500,20,9,1,5,310042,1942,11975
144494185784764649,walls,cim,500,20,10,1,5,257292,1942,9759
144494185784764649,walls,cim,500,20,11,1,5,252709,1942,8173
144494185784764649,walls,cim,500,20,12,1,5,219792,1942,6884
144494185784764649,walls,cim,500,20,13,1,5,209125,1942,5886
15340068251634951100,walls,brute_force,500,20,1,1,6,1963250,1973,124750
15340068251634951100,walls,cim,500,20,2,1,6,1906084,1973,124750
15340068251634951100,walls,cim,500,20,3,1,6,1177125,1973,76043
15340068251634951100,walls,cim,500,20,4,1,6,880959,1973,49903
15340068251634951100,walls,cim,500,20,5,1,6,630250,1973,34644
15340068251634951100,walls,cim,500,20,6,1,6,486208,1973,25454
15340068251634951100,walls,cim,500,20,7,1,6,402125,1973,19400
15340068251634951100,walls,cim,500,20,8,1,6,344208,1973,15100
15340068251634951100,walls,cim,500,20,9,1,6,316209,1973,12078
15340068251634951100,walls,cim,500,20,10,1,6,291542,1973,9929
15340068251634951100,walls,cim,500,20,11,1,6,244292,1973,8252
15340068251634951100,walls,cim,500,20,12,1,6,230167,1973,7045
15340068251634951100,walls,cim,500,20,13,1,6,218042,1973,6064
6232703188227176859,walls,brute_force,500,20,1,1,7,1894084,1910,124750
6232703188227176859,walls,cim,500,20,2,1,7,1901709,1910,124750
6232703188227176859,walls,cim,500,20,3,1,7,1186417,1910,76406
6232703188227176859,walls,cim,500,20,4,1,7,804583,1910,49167
6232703188227176859,walls,cim,500,20,5,1,7,595167,1910,34181
6232703188227176859,walls,cim,500,20,6,1,7,478750,1910,24973
6232703188227176859,walls,cim,500,20,7,1,7,388959,1910,18892
6232703188227176859,walls,cim,500,20,8,1,7,328875,1910,14899
6232703188227176859,walls,cim,500,20,9,1,7,289667,1910,11923
6232703188227176859,walls,cim,500,20,10,1,7,261541,1910,9841
6232703188227176859,walls,cim,500,20,11,1,7,239875,1910,8253
6232703188227176859,walls,cim,500,20,12,1,7,220834,1910,6974
6232703188227176859,walls,cim,500,20,13,1,7,229584,1910,5993
12920132057653450435,walls,brute_force,500,20,1,1,8,1908542,1914,124750
12920132057653450435,walls,cim,500,20,2,1,8,1902083,1914,124750
12920132057653450435,walls,cim,500,20,3,1,8,1203250,1914,77235
12920132057653450435,walls,cim,500,20,4,1,8,888792,1914,50631
12920132057653450435,walls,cim,500,20,5,1,8,644083,1914,35067
12920132057653450435,walls,cim,500,20,6,1,8,484958,1914,24970
12920132057653450435,walls,cim,500,20,7,1,8,397750,1914,18956
12920132057653450435,walls,cim,500,20,8,1,8,343125,1914,14862
12920132057653450435,walls,cim,500,20,9,1,8,305542,1914,11935
12920132057653450435,walls,cim,500,20,10,1,8,272750,1914,9928
12920132057653450435,walls,cim,500,20,11,1,8,251250,1914,8256
12920132057653450435,walls,cim,500,20,12,1,8,244625,1914,6964
12920132057653450435,walls,cim,500,20,13,1,8,215334,1914,5956
3769950568810124237,walls,brute_force,500,20,1,1,9,1943209,1936,124750
3769950568810124237,walls,cim,500,20,2,1,9,1896125,1936,124750
3769950568810124237,walls,cim,500,20,3,1,9,1258875,1936,76645
3769950568810124237,walls,cim,500,20,4,1,9,886042,1936,49795
3769950568810124237,walls,cim,500,20,5,1,9,604083,1936,33845
3769950568810124237,walls,cim,500,20,6,1,9,522667,1936,24767
3769950568810124237,walls,cim,500,20,7,1,9,425250,1936,18798
3769950568810124237,walls,cim,500,20,8,1,9,357959,1936,14837
3769950568810124237,walls,cim,500,20,9,1,9,300292,1936,11879
3769950568810124237,walls,cim,500,20,10,1,9,259875,1936,9781
3769950568810124237,walls,cim,500,20,11,1,9,259583,1936,8142
3769950568810124237,walls,cim,500,20,12,1,9,234625,1936,6887
3769950568810124237,walls,cim,500,20,13,1,9,219666,1936,5948
11351344292183468157,walls,brute_force,500,20,1,1,10,1918542,1952,124750
11351344292183468157,walls,cim,500,20,2,1,10,1850167,1952,124750
11351344292183468157,walls,cim,500,20,3,1,10,1212750,1952,77072
11351344292183468157,walls,cim,500,20,4,1,10,828833,1952,49715
11351344292183468157,walls,cim,500,20,5,1,10,615792,1952,35424
11351344292183468157,walls,cim,500,20,6,1,10,506458,1952,25623
11351344292183468157,walls,cim,500,20,7,1,10,407542,1952,19404
11351344292183468157,walls,cim,500,20,8,1,10,348958,1952,15128
11351344292183468157,walls,cim,500,20,9,1,10,337541,1952,12157
11351344292183468157,walls,cim,500,20,10,1,10,280166,1952,9925
11351344292183468157,walls,cim,500,20,11,1,10,252250,1952,8293
11351344292183468157,walls,cim,500,20,12,1,10,225167,1952,7051
11351344292183468157,walls,cim,500,20,13,1,10,211000,1952,6077
10039902916874301431,walls,brute_force,500,20,1,1,11,1893042,1956,124750
10039902916874301431,walls,cim,500,20,2,1,11,1882625,1956,124750
10039902916874301431,walls,cim,500,20,3,1,11,1190375,1956,74410
10039902916874301431,walls,cim,500,20,4,1,11,808500,1956,48552
10039902916874301431,walls,cim,500,20,5,1,11,636666,1956,33780
10039902916874301431,walls,cim,500,20,6,1,11,489959,1956,24704
10039902916874301431,walls,cim,500,20,7,1,11,404083,1956,18707
10039902916874301431,walls,cim,500,20,8,1,11,363666,1956,14774
10039902916874301431,walls,cim,500,20,9,1,11,303750,1956,12008
10039902916874301431,walls,cim,500,20,10,1,11,280167,1956,9721
10039902916874301431,walls,cim,500,20,11,1,11,285959,1956,8255
10039902916874301431,walls,cim,500,20,12,1,11,232250,1956,6915
10039902916874301431,walls,cim,500,20,13,1,11,258750,1956,5924
7598990184045351982,walls,brute_force,500,20,1,1,12,1905542,1938,124750
7598990184045351982,walls,cim,500,20,2,1,12,1880791,1938,124750
7598990184045351982,walls,cim,500,20,3,1,12,1175125,1938,74968
7598990184045351982,walls,cim,500,20,4,1,12,856250,1938,48406
7598990184045351982,walls,cim,500,20,5,1,12,683209,1938,33723
7598990184045351982,walls,cim,500,20,6,1,12,472375,1938,24513
7598990184045351982,walls,cim,500,20,7,1,12,392916,1938,18614
7598990184045351982,walls,cim,500,20,8,1,12,334542,1938,14755
7598990184045351982,walls,cim,500,20,9,1,12,288375,1938,11921
7598990184045351982,walls,cim,500,20,10,1,12,257417,1938,9705
7598990184045351982,walls,cim,500,20,11,1,12,236709,1938,8140
7598990184045351982,walls,cim,500,20,12,1,12,235625,1938,6839
7598990184045351982,walls,cim,500,20,13,1,12,225292,1938,5909
2180241112551673478,walls,brute_force,500,20,1,1,13,1853084,1898,124750
2180241112551673478,walls,cim,500,20,2,1,13,1876708,1898,124750
2180241112551673478,walls,cim,500,20,3,1,13,1205625,1898,76644
2180241112551673478,walls,cim,500,20,4,1,13,799292,1898,49021
2180241112551673478,walls,cim,500,20,5,1,13,604959,1898,34022
2180241112551673478,walls,cim,500,20,6,1,13,456750,1898,24321
2180241112551673478,walls,cim,500,20,7,1,13,379541,1898,18658
2180241112551673478,walls,cim,500,20,8,1,13,321209,1898,14487
2180241112551673478,walls,cim,500,20,9,1,13,282667,1898,11712
2180241112551673478,walls,cim,500,20,10,1,13,260208,1898,9689
2180241112551673478,walls,cim,500,20,11,1,13,242917,1898,8019
2180241112551673478,walls,cim,500,20,12,1,13,248916,1898,6784
2180241112551673478,walls,cim,500,20,13,1,13,223000,1898,5841
7053613284351575669,walls,brute_force,500,20,1,1,14,1997417,1985,124750
7053613284351575669,walls,cim,500,20,2,1,14,1965750,1985,124750
7053613284351575669,walls,cim,500,20,3,1,14,1227458,1985,75156
7053613284351575669,walls,cim,500,20,4,1,14,909542,1985,50184
7053613284351575669,walls,cim,500,20,5,1,14,607208,1985,34345
7053613284351575669,walls,cim,500,20,6,1,14,488333,1985,24997
7053613284351575669,walls,cim,500,20,7,1,14,425042,1985,19293
7053613284351575669,walls,cim,500,20,8,1,14,335709,1985,15062
7053613284351575669,walls,cim,500,20,9,1,14,294333,1985,12307
7053613284351575669,walls,cim,500,20,10,1,14,292167,1985,10049
7053613284351575669,walls,cim,500,20,11,1,14,269458,1985,8372
7053613284351575669,walls,cim,500,20,12,1,14,236292,1985,7102
7053613284351575669,walls,cim,500,20,13,1,14,232125,1985,6087
8968311777579283271,walls,brute_force,500,20,1,1,15,1901625,1893,124750
8968311777579283271,walls,cim,500,20,2,1,15,1965042,1893,124750
8968311777579283271,walls,cim,500,20,3,1,15,1210167,1893,76077
8968311777579283271,walls,cim,500,20,4,1,15,788458,1893,48798
8968311777579283271,walls,cim,500,20,5,1,15,606125,1893,33562
8968311777579283271,walls,cim,500,20,6,1,15,469125,1893,24976
8968311777579283271,walls,cim,500,20,7,1,15,387625,1893,18848
8968311777579283271,walls,cim,500,20,8,1,15,344958,1893,14894
8968311777579283271,walls,cim,500,20,9,1,15,290875,1893,11902
8968311777579283271,walls,cim,500,20,10,1,15,262333,1893,9755
8968311777579283271,walls,cim,500,20,11,1,15,270750,1893,8148
8968311777579283271,walls,cim,500,20,12,1,15,232750,1893,6907
8968311777579283271,walls,cim,500,20,13,1,15,216000,1893,5964
8074967277697899070,walls,brute_force,500,20,1,1,16,1923458,1926,124750
8074967277697899070,walls,cim,500,20,2,1,16,1907541,1926,124750
8074967277697899070,walls,cim,500,20,3,1,16,1268417,1926,75639
8074967277697899070,walls,cim,500,20,4,1,16,789750,1926,48901
8074967277697899070,walls,cim,500,20,5,1,16,596834,1926,33861
8074967277697899070,walls,cim,500,20,6,1,16,647875,1926,24950
8074967277697899070,walls,cim,500,20,7,1,16,549541,1926,18920
8074967277697899070,walls,cim,500,20,8,1,16,619167,1926,14744
8074967277697899070,walls,cim,500,20,9,1,16,341375,1926,11724
8074967277697899070,walls,cim,500,20,10,1,16,269000,1926,9646
8074967277697899070,walls,cim,500,20,11,1,16,257833,1926,8094
8074967277697899070,walls,cim,500,20,12,1,16,299542,1926,6841
8074967277697899070,walls,cim,500,20,13,1,16,261750,1926,5866
14864349236965661056,walls,brute_force,500,20,1,1,17,2100541,1903,124750
14864349236965661056,walls,cim,500,20,2,1,17,1987959,1903,124750
14864349236965661056,walls,cim,500,20,3,1,17,1276458,1903,76703
14864349236965661056,walls,cim,500,20,4,1,17,815583,1903,50384
14864349236965661056,walls,cim,500,20,5,1,17,662708,1903,34110
14864349236965661056,walls,cim,500,20,6,1,17,493166,1903,25021
14864349236965661056,walls,cim,500,20,7,1,17,395292,1903,19114
14864349236965661056,walls,cim,500,20,8,1,17,334750,1903,14804
14864349236965661056,walls,cim,500,20,9,1,17,307833,1903,12051
14864349236965661056,walls,cim,500,20,10,1,17,269417,1903,9751
14864349236965661056,walls,cim,500,20,11,1,17,252333,1903,8167
14864349236965661056,walls,cim,500,20,12,1,17,226375,1903,6903
14864349236965661056,walls,cim,500,20,13,1,17,229041,1903,5943
18337706176750416816,walls,brute_force,500,20,1,1,18,1882459,1969,124750
18337706176750416816,walls,cim,500,20,2,1,18,1953209,1969,124750
18337706176750416816,walls,cim,500,20,3,1,18,1272708,1969,75544
18337706176750416816,walls,cim,500,20,4,1,18,846584,1969,49808
18337706176750416816,walls,cim,500,20,5,1,18,676667,1969,34143
18337706176750416816,walls,cim,500,20,6,1,18,498500,1969,25050
18337706176750416816,walls,cim,500,20,7,1,18,400500,1969,19059
18337706176750416816,walls,cim,500,20,8,1,18,330375,1969,14946
18337706176750416816,walls,cim,500,20,9,1,18,290792,1969,12006
18337706176750416816,walls,cim,500,20,10,1,18,259625,1969,9880
18337706176750416816,walls,cim,500,20,11,1,18,263875,1969,8280
18337706176750416816,walls,cim,500,20,12,1,18,235292,1969,7007
18337706176750416816,walls,cim,500,20,13,1,18,220583,1969,5976
444576642094943232,walls,brute_force,500,20,1,1,19,1926750,1935,124750
444576642094943232,walls,cim,500,20,2,1,19,1843000,1935,124750
444576642094943232,walls,cim,500,20,3,1,19,1231417,1935,77110
444576642094943232,walls,cim,500,20,4,1,19,837333,1935,48964
444576642094943232,walls,cim,500,20,5,1,19,611416,1935,33517
444576642094943232,walls,cim,500,20,6,1,19,481666,1935,24730
444576642094943232,walls,cim,500,20,7,1,19,427041,1935,19060
444576642094943232,walls,cim,500,20,8,1,19,329041,1935,14915
444576642094943232,walls,cim,500,20,9,1,19,300833,1935,12041
444576642094943232,walls,cim,500,20,10,1,19,262792,1935,9927
444576642094943232,walls,cim,500,20,11,1,19,237500,1935,8300
444576642094943232,walls,cim,500,20,12,1,19,303667,1935,6963
444576642094943232,walls,cim,500,20,13,1,19,228958,1935,5905
8968808570847649133,walls,brute_force,500,20,1,1,20,1918541,1959,124750
8968808570847649133,walls,cim,500,20,2,1,20,2002541,1959,124750
8968808570847649133,walls,cim,500,20,3,1,20,1169084,1959,77112
8968808570847649133,walls,cim,500,20,4,1,20,836750,1959,49402
8968808570847649133,walls,cim,500,20,5,1,20,595542,1959,33815
8968808570847649133,walls,cim,500,20,6,1,20,466584,1959,24665
8968808570847649133,walls,cim,500,20,7,1,20,395833,1959,18937
8968808570847649133,walls,cim,500,20,8,1,20,348750,1959,15068
8968808570847649133,walls,cim,500,20,9,1,20,291541,1959,12068
8968808570847649133,walls,cim,500,20,10,1,20,262291,1959,9929
8968808570847649133,walls,cim,500,20,11,1,20,262917,1959,8316
8968808570847649133,walls,cim,500,20,12,1,20,239541,1959,7074
8968808570847649133,walls,cim,500,20,13,1,20,227291,1959,6001
12003281546198161912,walls,brute_force,500,20,1,1,21,2044833,1964,124750
12003281546198161912,walls,cim,500,20,2,1,21,1831166,1964,124750
12003281546198161912,walls,cim,500,20,3,1,21,1310375,1964,75560
12003281546198161912,walls,cim,500,20,4,1,21,829542,1964,49194
12003281546198161912,walls,cim,500,20,5,1,21,612167,1964,34543
12003281546198161912,walls,cim,500,20,6,1,21,476333,1964,25077
12003281546198161912,walls,cim,500,20,7,1,21,444584,1964,19245
12003281546198161912,walls,cim,500,20,8,1,21,363125,1964,15018
12003281546198161912,walls,cim,500,20,9,1,21,377000,1964,12162
12003281546198161912,walls,cim,500,20,10,1,21,312542,1964,9899
12003281546198161912,walls,cim,500,20,11,1,21,240333,1964,8266
12003281546198161912,walls,cim,500,20,12,1,21,222375,1964,6960
12003281546198161912,walls,cim,500,20,13,1,21,213917,1964,5985
3544992608660215255,walls,brute_force,500,20,1,1,22,1910375,1954,124750
3544992608660215255,walls,cim,500,20,2,1,22,1838541,1954,124750
3544992608660215255,walls,cim,500,20,3,1,22,1229625,1954,77342
3544992608660215255,walls,cim,500,20,4,1,22,823250,1954,49965
3544992608660215255,walls,cim,500,20,5,1,22,615000,1954,33908
3544992608660215255,walls,cim,500,20,6,1,22,479209,1954,25262
3544992608660215255,walls,cim,500,20,7,1,22,424083,1954,19059
3544992608660215255,walls,cim,500,20,8,1,22,358500,1954,14893
3544992608660215255,walls,cim,500,20,9,1,22,287459,1954,11985
3544992608660215255,walls,cim,500,20,10,1,22,260084,1954,9752
3544992608660215255,walls,cim,500,20,11,1,22,238500,1954,8205
3544992608660215255,walls,cim,500,20,12,1,22,232375,1954,6957
3544992608660215255,walls,cim,500,20,13,1,22,215334,1954,5994
16940661115708437892,walls,brute_force,500,20,1,1,23,1874000,1974,124750
16940661115708437892,walls,cim,500,20,2,1,23,1907917,1974,124750
16940661115708437892,walls,cim,500,20,3,1,23,1181583,1974,76480
16940661115708437892,walls,cim,500,20,4,1,23,809917,1974,49895
16940661115708437892,walls,cim,500,20,5,1,23,597959,1974,34011
16940661115708437892,walls,cim,500,20,6,1,23,489459,1974,24676
16940661115708437892,walls,cim,500,20,7,1,23,385875,1974,18749
16940661115708437892,walls,cim,500,20,8,1,23,331708,1974,14700
16940661115708437892,walls,cim,500,20,9,1,23,293250,1974,11956
16940661115708437892,walls,cim,500,20,10,1,23,260750,1974,9851
16940661115708437892,walls,cim,500,20,11,1,23,240833,1974,8167
16940661115708437892,walls,cim,500,20,12,1,23,225708,1974,6973
16940661115708437892,walls,cim,500,20,13,1,23,210709,1974,5977
2850177426629502429,walls,brute_force,500,20,1,1,24,1858625,1934,124750
2850177426629502429,walls,cim,500,20,2,1,24,2046583,1934,124750
2850177426629502429,walls,cim,500,20,3,1,24,1211959,1934,75972
2850177426629502429,walls,cim,500,20,4,1,24,793709,1934,48919
2850177426629502429,walls,cim,500,20,5,1,24,595458,1934,33939
2850177426629502429,walls,cim,500,20,6,1,24,499083,1934,24877
2850177426629502429,walls,cim,500,20,7,1,24,392375,1934,19022
2850177426629502429,walls,cim,500,20,8,1,24,341709,1934,14877
2850177426629502429,walls,cim,500,20,9,1,24,309708,1934,12121
2850177426629502429,walls,cim,500,20,10,1,24,262583,1934,9958
2850177426629502429,walls,cim,500,20,11,1,24,236042,1934,8203
2850177426629502429,walls,cim,500,20,12,1,24,236792,1934,6981
2850177426629502429,walls,cim,500,20,13,1,24,225000,1934,6023
1894468625752801266,walls,brute_force,500,20,1,1,25,1869292,1939,124750
1894468625752801266,walls,cim,500,20,2,1,25,1834584,1939,124750
1894468625752801266,walls,cim,500,20,3,1,25,1179375,1939,75305
1894468625752801266,walls,cim,500,20,4,1,25,801500,1939,49481
1894468625752801266,walls,cim,500,20,5,1,25,622708,1939,34197
1894468625752801266,walls,cim,500,20,6,1,25,476416,1939,25067
1894468625752801266,walls,cim,500,20,7,1,25,396209,1939,18893
1894468625752801266,walls,cim,500,20,8,1,25,329917,1939,14838
1894468625752801266,walls,cim,500,20,9,1,25,300791,1939,11982
1894468625752801266,walls,cim,500,20,10,1,25,263000,1939,9837
1894468625752801266,walls,cim,500,20,11,1,25,304292,1939,8208
1894468625752801266,walls,cim,500,20,12,1,25,227292,1939,7001
1894468625752801266,walls,cim,500,20,13,1,25,239459,1939,5980
15549012472029944805,walls,brute_force,500,20,1,1,26,1951250,1957,124750
15549012472029944805,walls,cim,500,20,2,1,26,1891375,1957,124750
15549012472029944805,walls,cim,500,20,3,1,26,1155208,1957,75322
15549012472029944805,walls,cim,500,20,4,1,26,818625,1957,48810
15549012472029944805,walls,cim,500,20,5,1,26,598333,1957,33796
15549012472029944805,walls,cim,500,20,6,1,26,477250,1957,24700
15549012472029944805,walls,cim,500,20,7,1,26,396792,1957,18941
15549012472029944805,walls,cim,500,20,8,1,26,331500,1957,14888
15549012472029944805,walls,cim,500,20,9,1,26,289958,1957,12035
15549012472029944805,walls,cim,500,20,10,1,26,293125,1957,9830
15549012472029944805,walls,cim,500,20,11,1,26,250750,1957,8110
15549012472029944805,walls,cim,500,20,12,1,26,239875,1957,6966
15549012472029944805,walls,cim,500,20,13,1,26,219708,1957,5953
13105553179663621517,walls,brute_force,500,20,1,1,27,1887417,1951,124750
13105553179663621517,walls,cim,500,20,2,1,27,1854042,1951,124750
13105553179663621517,walls,cim,500,20,3,1,27,1178625,1951,76650
13105553179663621517,walls,cim,500,20,4,1,27,790125,1951,48733
13105553179663621517,walls,cim,500,20,5,1,27,604083,1951,34116
13105553179663621517,walls,cim,500,20,6,1,27,473792,1951,25070
13105553179663621517,walls,cim,500,20,7,1,27,420334,1951,18879
13105553179663621517,walls,cim,500,20,8,1,27,344333,1951,14884
13105553179663621517,walls,cim,500,20,9,1,27,294459,1951,12040
13105553179663621517,walls,cim,500,20,10,1,27,262875,1951,9965
13105553179663621517,walls,cim,500,20,11,1,27,255291,1951,8238
13105553179663621517,walls,cim,500,20,12,1,27,232666,1951,7010
13105553179663621517,walls,cim,500,20,13,1,27,215125,1951,5991
1944554662654823966,walls,brute_force,500,20,1,1,28,1834167,1936,124750
1944554662654823966,walls,cim,500,20,2,1,28,1954916,1936,124750
1944554662654823966,walls,cim,500,20,3,1,28,1192125,1936,76739
1944554662654823966,walls,cim,500,20,4,1,28,806500,1936,50019
1944554662654823966,walls,cim,500,20,5,1,28,599208,1936,34287
1944554662654823966,walls,cim,500,20,6,1,28,504625,1936,24834
1944554662654823966,walls,cim,500,20,7,1,28,393666,1936,19018
1944554662654823966,walls,cim,500,20,8,1,28,347541,1936,14921
1944554662654823966,walls,cim,500,20,9,1,28,291708,1936,12069
1944554662654823966,walls,cim,500,20,10,1,28,275958,1936,9808
1944554662654823966,walls,cim,500,20,11,1,28,274000,1936,8281
1944554662654823966,walls,cim,500,20,12,1,28,223459,1936,6983
1944554662654823966,walls,cim,500,20,13,1,28,250709,1936,5967
8013206969357869980,walls,brute_force,500,20,1,1,29,1843750,1928,124750
8013206969357869980,walls,cim,500,20,2,1,29,1879000,1928,124750
8013206969357869980,walls,cim,500,20,3,1,29,1152750,1928,75965
8013206969357869980,walls,cim,500,20,4,1,29,797459,1928,48998
8013206969357869980,walls,cim,500,20,5,1,29,627083,1928,33886
8013206969357869980,walls,cim,500,20,6,1,29,504458,1928,24710
8013206969357869980,walls,cim,500,20,7,1,29,410167,1928,18777
8013206969357869980,walls,cim,500,20,8,1,29,365708,1928,14698
8013206969357869980,walls,cim,500,20,9,1,29,294917,1928,11870
8013206969357869980,walls,cim,500,20,10,1,29,261708,1928,9866
8013206969357869980,walls,cim,500,20,11,1,29,239042,1928,8289
8013206969357869980,walls,cim,500,20,12,1,29,223416,1928,7040
8013206969357869980,walls,cim,500,20,13,1,29,208583,1928,6015
10839231772272214372,walls,brute_force,500,20,1,1,30,1867875,1871,124750
10839231772272214372,walls,cim,500,20,2,1,30,1900625,1871,124750
10839231772272214372,walls,cim,500,20,3,1,30,1160042,1871,75310
10839231772272214372,walls,cim,500,20,4,1,30,808250,1871,48786
10839231772272214372,walls,cim,500,20,5,1,30,644417,1871,33863
10839231772272214372,walls,cim,500,20,6,1,30,500125,1871,24667
10839231772272214372,walls,cim,500,20,7,1,30,397250,1871,18561
10839231772272214372,walls,cim,500,20,8,1,30,322125,1871,14647
10839231772272214372,walls,cim,500,20,9,1,30,282000,1871,11788
10839231772272214372,walls,cim,500,20,10,1,30,254875,1871,9756
10839231772272214372,walls,cim,500,20,11,1,30,236042,1871,8069
10839231772272214372,walls,cim,500,20,12,1,30,216375,1871,6859
10839231772272214372,walls,cim,500,20,13,1,30,205375,1871,5850
15123170691231286338,walls,brute_force,500,20,1,1,31,1890416,1926,124750
15123170691231286338,walls,cim,500,20,2,1,31,1843167,1926,124750
15123170691231286338,walls,cim,500,20,3,1,31,1171750,1926,76183
15123170691231286338,walls,cim,500,20,4,1,31,968709,1926,49567
15123170691231286338,walls,cim,500,20,5,1,31,592459,1926,33972
15123170691231286338,walls,cim,500,20,6,1,31,471541,1926,24739
15123170691231286338,walls,cim,500,20,7,1,31,396583,1926,19095
15123170691231286338,walls,cim,500,20,8,1,31,331875,1926,15003
15123170691231286338,walls,cim,500,20,9,1,31,327167,1926,11964
15123170691231286338,walls,cim,500,20,10,1,31,286500,1926,9759
15123170691231286338,walls,cim,500,20,11,1,31,245833,1926,8154
15123170691231286338,walls,cim,500,20,12,1,31,231375,1926,6916
15123170691231286338,walls,cim,500,20,13,1,31,207000,1926,5934
12452272445447920163,walls,brute_force,500,20,1,1,32,1871917,1916,124750
12452272445447920163,walls,cim,500,20,2,1,32,1838750,1916,124750
12452272445447920163,walls,cim,500,20,3,1,32,1310625,1916,75557
12452272445447920163,walls,cim,500,20,4,1,32,818958,1916,49319
12452272445447920163,walls,cim,500,20,5,1,32,619709,1916,34026
12452272445447920163,walls,cim,500,20,6,1,32,478916,1916,24735
12452272445447920163,walls,cim,500,20,7,1,32,385542,1916,18954
12452272445447920163,walls,cim,500,20,8,1,32,339750,1916,14791
12452272445447920163,walls,cim,500,20,9,1,32,285583,1916,11924
12452272445447920163,walls,cim,500,20,10,1,32,257792,1916,9816
12452272445447920163,walls,cim,500,20,11,1,32,296125,1916,8134
12452272445447920163,walls,cim,500,20,12,1,32,234292,1916,6926
12452272445447920163,walls,cim,500,20,13,1,32,237709,1916,5942
4366441887833694863,walls,brute_force,500,20,1,1,33,1955208,1934,124750
4366441887833694863,walls,cim,500,20,2,1,33,1924875,1934,124750
4366441887833694863,walls,cim,500,20,3,1,33,1258500,1934,75965
4366441887833694863,walls,cim,500,20,4,1,33,865542,1934,49267
4366441887833694863,walls,cim,500,20,5,1,33,612833,1934,34076
4366441887833694863,walls,cim,500,20,6,1,33,477959,1934,24857
4366441887833694863,walls,cim,500,20,7,1,33,388416,1934,18894
4366441887833694863,walls,cim,500,20,8,1,33,337917,1934,14920
4366441887833694863,walls,cim,500,20,9,1,33,316291,1934,11965
4366441887833694863,walls,cim,500,20,10,1,33,284583,1934,9857
4366441887833694863,walls,cim,500,20,11,1,33,260083,1934,8295
4366441887833694863,walls,cim,500,20,12,1,33,237916,1934,6918
4366441887833694863,walls,cim,500,20,13,1,33,222625,1934,5894
6561915363471568032,walls,brute_force,500,20,1,1,34,2004750,1973,124750
6561915363471568032,walls,cim,500,20,2,1,34,1916875,1973,124750
6561915363471568032,walls,cim,500,20,3,1,34,1202083,1973,76247
6561915363471568032,walls,cim,500,20,4,1,34,794042,1973,48803
6561915363471568032,walls,cim,500,20,5,1,34,668709,1973,34350
6561915363471568032,walls,cim,500,20,6,1,34,495125,1973,25512
6561915363471568032,walls,cim,500,20,7,1,34,437500,1973,19247
6561915363471568032,walls,cim,500,20,8,1,34,345958,1973,15181
6561915363471568032,walls,cim,500,20,9,1,34,322292,1973,12217
6561915363471568032,walls,cim,500,20,10,1,34,309375,1973,10012
6561915363471568032,walls,cim,500,20,11,1,34,261416,1973,8280
6561915363471568032,walls,cim,500,20,12,1,34,227166,1973,7133
6561915363471568032,walls,cim,500,20,13,1,34,217250,1973,6110
11121494527851584234,walls,brute_force,500,20,1,1,35,1903500,1938,124750
11121494527851584234,walls,cim,500,20,2,1,35,1838958,1938,124750
11121494527851584234,walls,cim,500,20,3,1,35,1292958,1938,75674
11121494527851584234,walls,cim,500,20,4,1,35,865250,1938,49266
11121494527851584234,walls,cim,500,20,5,1,35,664625,1938,34434
11121494527851584234,walls,cim,500,20,6,1,35,482500,1938,24721
11121494527851584234,walls,cim,500,20,7,1,35,406000,1938,18930
11121494527851584234,walls,cim,500,20,8,1,35,341292,1938,14866
11121494527851584234,walls,cim,500,20,9,1,35,303208,1938,11987
11121494527851584234,walls,cim,500,20,10,1,35,263209,1938,9889
11121494527851584234,walls,cim,500,20,11,1,35,267375,1938,8244
11121494527851584234,walls,cim,500,20,12,1,35,249875,1938,6934
11121494527851584234,walls,cim,500,20,13,1,35,294542,1938,5967
731421493338821381,walls,brute_force,500,20,1,1,36,1963083,1947,124750
731421493338821381,walls,cim,500,20,2,1,36,1951042,1947,124750
731421493338821381,walls,cim,500,20,3,1,36,1233166,1947,76844
731421493338821381,walls,cim,500,20,4,1,36,825250,1947,49799
731421493338821381,walls,cim,500,20,5,1,36,659709,1947,34881
731421493338821381,walls,cim,500,20,6,1,36,534333,1947,25310
731421493338821381,walls,cim,500,20,7,1,36,388458,1947,18905
731421493338821381,walls,cim,500,20,8,1,36,351208,1947,15050
731421493338821381,walls,cim,500,20,9,1,36,352292,1947,12132
731421493338821381,walls,cim,500,20,10,1,36,271791,1947,9868
731421493338821381,walls,cim,500,20,11,1,36,259625,1947,8233
731421493338821381,walls,cim,500,20,12,1,36,230292,1947,6948
731421493338821381,walls,cim,500,20,13,1,36,228500,1947,6010
12991004755153704075,walls,brute_force,500,20,1,1,37,1937583,1942,124750
12991004755153704075,walls,cim,500,20,2,1,37,1863875,1942,124750
12991004755153704075,walls,cim,500,20,3,1,37,1180334,1942,73828
12991004755153704075,walls,cim,500,20,4,1,37,792292,1942,47666
12991004755153704075,walls,cim,500,20,5,1,37,608042,1942,33668
12991004755153704075,walls,cim,500,20,6,1,37,475208,1942,24553
12991004755153704075,walls,cim,500,20,7,1,37,386167,1942,18841
12991004755153704075,walls,cim,500,20,8,1,37,368209,1942,14920
12991004755153704075,walls,cim,500,20,9,1,37,289292,1942,11998
12991004755153704075,walls,cim,500,20,10,1,37,328708,1942,9783
12991004755153704075,walls,cim,500,20,11,1,37,245542,1942,8188
12991004755153704075,walls,cim,500,20,12,1,37,232792,1942,6979
12991004755153704075,walls,cim,500,20,13,1,37,210042,1942,6012
3445317615843792174,walls,brute_force,500,20,1,1,38,1993666,1954,124750
3445317615843792174,walls,cim,500,20,2,1,38,1906375,1954,124750
3445317615843792174,walls,cim,500,20,3,1,38,1195375,1954,75258
3445317615843792174,walls,cim,500,20,4,1,38,844291,1954,48795
3445317615843792174,walls,cim,500,20,5,1,38,630209,1954,33813
3445317615843792174,walls,cim,500,20,6,1,38,478917,1954,24829
3445317615843792174,walls,cim,500,20,7,1,38,440125,1954,18733
3445317615843792174,walls,cim,500,20,8,1,38,361042,1954,14715
3445317615843792174,walls,cim,500,20,9,1,38,328125,1954,11930
3445317615843792174,walls,cim,500,20,10,1,38,280334,1954,9785
3445317615843792174,walls,cim,500,20,11,1,38,240542,1954,8207
3445317615843792174,walls,cim,500,20,12,1,38,224542,1954,6954
3445317615843792174,walls,cim,500,20,13,1,38,225500,1954,5938
8732480415436051841,walls,brute_force,500,20,1,1,39,1884458,1934,124750
8732480415436051841,walls,cim,500,20,2,1,39,1983125,1934,124750
8732480415436051841,walls,cim,500,20,3,1,39,1136000,1934,74186
8732480415436051841,walls,cim,500,20,4,1,39,814333,1934,48949
8732480415436051841,walls,cim,500,20,5,1,39,594375,1934,33941
8732480415436051841,walls,cim,500,20,6,1,39,477167,1934,24999
8732480415436051841,walls,cim,500,20,7,1,39,393667,1934,18961
8732480415436051841,walls,cim,500,20,8,1,39,334291,1934,14941
8732480415436051841,walls,cim,500,20,9,1,39,337500,1934,11996
8732480415436051841,walls,cim,500,20,10,1,39,259750,1934,9765
8732480415436051841,walls,cim,500,20,11,1,39,249083,1934,8211
8732480415436051841,walls,cim,500,20,12,1,39,228333,1934,6928
8732480415436051841,walls,cim,500,20,13,1,39,213667,1934,5936
8176661216224187491,walls,brute_force,500,20,1,1,40,1997083,1953,124750
8176661216224187491,walls,cim,500,20,2,1,40,1995209,1953,124750
8176661216224187491,walls,cim,500,20,3,1,40,1806917,1953,76100
8176661216224187491,walls,cim,500,20,4,1,40,1535209,1953,49892
8176661216224187491,walls,cim,500,20,5,1,40,1237292,1953,34322
8176661216224187491,walls,cim,500,20,6,1,40,563167,1953,24769
8176661216224187491,walls,cim,500,20,7,1,40,458708,1953,19139
8176661216224187491,walls,cim,500,20,8,1,40,362917,1953,14992
8176661216224187491,walls,cim,500,20,9,1,40,1077167,1953,12096
8176661216224187491,walls,cim,500,20,10,1,40,943000,1953,10042
8176661216224187491,walls,cim,500,20,11,1,40,566166,1953,8314
8176661216224187491,walls,cim,500,20,12,1,40,437375,1953,6981
8176661216224187491,walls,cim,500,20,13,1,40,237416,1953,6009
8654171807968649567,walls,brute_force,500,20,1,1,41,1919333,1944,124750
8654171807968649567,walls,cim,500,20,2,1,41,1900875,1944,124750
8654171807968649567,walls,cim,500,20,3,1,41,1232041,1944,76912
8654171807968649567,walls,cim,500,20,4,1,41,800667,1944,49252
8654171807968649567,walls,cim,500,20,5,1,41,590584,1944,33991
8654171807968649567,walls,cim,500,20,6,1,41,536917,1944,24602
8654171807968649567,walls,cim,500,20,7,1,41,385542,1944,18797
8654171807968649567,walls,cim,500,20,8,1,41,358458,1944,14737
8654171807968649567,walls,cim,500,20,9,1,41,304459,1944,11981
8654171807968649567,walls,cim,500,20,10,1,41,271542,1944,9816
8654171807968649567,walls,cim,500,20,11,1,41,253542,1944,8237
8654171807968649567,walls,cim,500,20,12,1,41,240042,1944,6950
8654171807968649567,walls,cim,500,20,13,1,41,226375,1944,5944
8076992252188482164,walls,brute_force,500,20,1,1,42,1821458,1971,124750
8076992252188482164,walls,cim,500,20,2,1,42,1824500,1971,124750
8076992252188482164,walls,cim,500,20,3,1,42,1155166,1971,75266
8076992252188482164,walls,cim,500,20,4,1,42,860583,1971,49318
8076992252188482164,walls,cim,500,20,5,1,42,601042,1971,34348
8076992252188482164,walls,cim,500,20,6,1,42,473292,1971,25140
8076992252188482164,walls,cim,500,20,7,1,42,438250,1971,19184
8076992252188482164,walls,cim,500,20,8,1,42,333666,1971,15019
8076992252188482164,walls,cim,500,20,9,1,42,308583,1971,12022
8076992252188482164,walls,cim,500,20,10,1,42,276041,1971,9884
8076992252188482164,walls,cim,500,20,11,1,42,239875,1971,8180
8076992252188482164,walls,cim,500,20,12,1,42,227417,1971,6951
8076992252188482164,walls,cim,500,20,13,1,42,211791,1971,5927
290732348110317296,walls,brute_force,500,20,1,1,43,1920583,1965,124750
290732348110317296,walls,cim,500,20,2,1,43,1833416,1965,124750
290732348110317296,walls,cim,500,20,3,1,43,1233542,1965,77378
290732348110317296,walls,cim,500,20,4,1,43,804834,1965,49770
290732348110317296,walls,cim,500,20,5,1,43,596875,1965,34410
290732348110317296,walls,cim,500,20,6,1,43,476500,1965,24826
290732348110317296,walls,cim,500,20,7,1,43,420250,1965,18835
290732348110317296,walls,cim,500,20,8,1,43,333875,1965,14881
290732348110317296,walls,cim,500,20,9,1,43,294792,1965,11950
290732348110317296,walls,cim,500,20,10,1,43,263084,1965,9896
290732348110317296,walls,cim,500,20,11,1,43,344666,1965,8307
290732348110317296,walls,cim,500,20,12,1,43,243792,1965,6964
290732348110317296,walls,cim,500,20,13,1,43,212084,1965,5994
1572303650038677351,walls,brute_force,500,20,1,1,44,1829208,1926,124750
1572303650038677351,walls,cim,500,20,2,1,44,1916042,1926,124750
1572303650038677351,walls,cim,500,20,3,1,44,1290666,1926,77602
1572303650038677351,walls,cim,500,20,4,1,44,829709,1926,50418
1572303650038677351,walls,cim,500,20,5,1,44,608875,1926,35158
1572303650038677351,walls,cim,500,20,6,1,44,520875,1926,25770
1572303650038677351,walls,cim,500,20,7,1,44,402250,1926,19260
1572303650038677351,walls,cim,500,20,8,1,44,338083,1926,15048
1572303650038677351,walls,cim,500,20,9,1,44,291375,1926,12179
1572303650038677351,walls,cim,500,20,10,1,44,319125,1926,9888
1572303650038677351,walls,cim,500,20,11,1,44,250000,1926,8215
1572303650038677351,walls,cim,500,20,12,1,44,221875,1926,6997
1572303650038677351,walls,cim,500,20,13,1,44,214875,1926,6042
17911305167915789536,walls,brute_force,500,20,1,1,45,2024167,1989,124750
17911305167915789536,walls,cim,500,20,2,1,45,1882083,1989,124750
17911305167915789536,walls,cim,500,20,3,1,45,1243166,1989,77530
17911305167915789536,walls,cim,500,20,4,1,45,878042,1989,49853
17911305167915789536,walls,cim,500,20,5,1,45,615708,1989,35120
17911305167915789536,walls,cim,500,20,6,1,45,487500,1989,25674
17911305167915789536,walls,cim,500,20,7,1,45,398833,1989,19499
17911305167915789536,walls,cim,500,20,8,1,45,339167,1989,15184
17911305167915789536,walls,cim,500,20,9,1,45,295042,1989,12160
17911305167915789536,walls,cim,500,20,10,1,45,275875,1989,10135
17911305167915789536,walls,cim,500,20,11,1,45,243542,1989,8406
17911305167915789536,walls,cim,500,20,12,1,45,228875,1989,7172
17911305167915789536,walls,cim,500,20,13,1,45,217250,1989,6107
9763102308677117023,walls,brute_force,500,20,1,1,46,1946709,1943,124750
9763102308677117023,walls,cim,500,20,2,1,46,1837041,1943,124750
9763102308677117023,walls,cim,500,20,3,1,46,1202333,1943,77109
9763102308677117023,walls,cim,500,20,4,1,46,821792,1943,49870
9763102308677117023,walls,cim,500,20,5,1,46,620041,1943,34979
9763102308677117023,walls,cim,500,20,6,1,46,485166,1943,25213
9763102308677117023,walls,cim,500,20,7,1,46,396584,1943,19382
9763102308677117023,walls,cim,500,20,8,1,46,332250,1943,15015
9763102308677117023,walls,cim,500,20,9,1,46,311166,1943,12026
9763102308677117023,walls,cim,500,20,10,1,46,293791,1943,9914
9763102308677117023,walls,cim,500,20,11,1,46,272417,1943,8337
9763102308677117023,walls,cim,500,20,12,1,46,221125,1943,6923
9763102308677117023,walls,cim,500,20,13,1,46,215958,1943,5969
17574893907665270175,walls,brute_force,500,20,1,1,47,1852458,1955,124750
17574893907665270175,walls,cim,500,20,2,1,47,1861958,1955,124750
17574893907665270175,walls,cim,500,20,3,1,47,1180417,1955,75649
17574893907665270175,walls,cim,500,20,4,1,47,823791,1955,48890
17574893907665270175,walls,cim,500,20,5,1,47,587708,1955,33842
17574893907665270175,walls,cim,500,20,6,1,47,471292,1955,24922
17574893907665270175,walls,cim,500,20,7,1,47,386458,1955,18876
17574893907665270175,walls,cim,500,20,8,1,47,328709,1955,14765
17574893907665270175,walls,cim,500,20,9,1,47,290709,1955,11916
17574893907665270175,walls,cim,500,20,10,1,47,260708,1955,9918
17574893907665270175,walls,cim,500,20,11,1,47,239916,1955,8227
17574893907665270175,walls,cim,500,20,12,1,47,223583,1955,6999
17574893907665270175,walls,cim,500,20,13,1,47,214667,1955,6032
9204990639615862658,walls,brute_force,500,20,1,1,48,1866083,1952,124750
9204990639615862658,walls,cim,500,20,2,1,48,1916000,1952,124750
9204990639615862658,walls,cim,500,20,3,1,48,1183541,1952,75524
9204990639615862658,walls,cim,500,20,4,1,48,792125,1952,48941
9204990639615862658,walls,cim,500,20,5,1,48,588625,1952,33807
9204990639615862658,walls,cim,500,20,6,1,48,467792,1952,24677
9204990639615862658,walls,cim,500,20,7,1,48,388333,1952,19053
9204990639615862658,walls,cim,500,20,8,1,48,327958,1952,14765
9204990639615862658,walls,cim,500,20,9,1,48,298917,1952,11977
9204990639615862658,walls,cim,500,20,10,1,48,257375,1952,9704
9204990639615862658,walls,cim,500,20,11,1,48,236375,1952,8147
9204990639615862658,walls,cim,500,20,12,1,48,221792,1952,6863
9204990639615862658,walls,cim,500,20,13,1,48,215958,1952,5933
10963542611104015957,walls,brute_force,500,20,1,1,49,1831917,1979,124750
10963542611104015957,walls,cim,500,20,2,1,49,1861458,1979,124750
10963542611104015957,walls,cim,500,20,3,1,49,1163500,1979,76266
10963542611104015957,walls,cim,500,20,4,1,49,801667,1979,49469
10963542611104015957,walls,cim,500,20,5,1,49,601666,1979,34008
10963542611104015957,walls,cim,500,20,6,1,49,495625,1979,24919
10963542611104015957,walls,cim,500,20,7,1,49,446333,1979,19127
10963542611104015957,walls,cim,500,20,8,1,49,333333,1979,15030
10963542611104015957,walls,cim,500,20,9,1,49,292625,1979,12151
10963542611104015957,walls,cim,500,20,10,1,49,264375,1979,9909
10963542611104015957,walls,cim,500,20,11,1,49,254625,1979,8275
10963542611104015957,walls,cim,500,20,12,1,49,226208,1979,7035
10963542611104015957,walls,cim,500,20,13,1,49,214750,1979,6018
16629782368769873795,walls,brute_force,500,20,1,1,50,1827042,1927,124750
16629782368769873795,walls,cim,500,20,2,1,50,1923375,1927,124750
16629782368769873795,walls,cim,500,20,3,1,50,1154625,1927,76131
16629782368769873795,walls,cim,500,20,4,1,50,793042,1927,48744
16629782368769873795,walls,cim,500,20,5,1,50,589125,1927,34070
16629782368769873795,walls,cim,500,20,6,1,50,468500,1927,24842
16629782368769873795,walls,cim,500,20,7,1,50,389167,1927,18925
16629782368769873795,walls,cim,500,20,8,1,50,334833,1927,14998
16629782368769873795,walls,cim,500,20,9,1,50,286417,1927,12070
16629782368769873795,walls,cim,500,20,10,1,50,257458,1927,9852
16629782368769873795,walls,cim,500,20,11,1,50,237167,1927,8191
16629782368769873795,walls,cim,500,20,12,1,50,220292,1927,6888
16629782368769873795,walls,cim,500,20,13,1,50,207417,1927,5871
7861873310646051337,walls,brute_force,500,20,1,1,51,1911625,1913,124750
7861873310646051337,walls,cim,500,20,2,1,51,1842750,1913,124750
7861873310646051337,walls,cim,500,20,3,1,51,1180417,1913,77292
7861873310646051337,walls,cim,500,20,4,1,51,816417,1913,50920
7861873310646051337,walls,cim,500,20,5,1,51,602125,1913,34953
7861873310646051337,walls,cim,500,20,6,1,51,528750,1913,25569
7861873310646051337,walls,cim,500,20,7,1,51,408000,1913,19273
7861873310646051337,walls,cim,500,20,8,1,51,333333,1913,14918
7861873310646051337,walls,cim,500,20,9,1,51,290291,1913,11993
7861873310646051337,walls,cim,500,20,10,1,51,257958,1913,9885
7861873310646051337,walls,cim,500,20,11,1,51,235583,1913,8205
7861873310646051337,walls,cim,500,20,12,1,51,220000,1913,6973
7861873310646051337,walls,cim,500,20,13,1,51,208125,1913,5971
2306742123839973776,walls,brute_force,500,20,1,1,52,1835416,1942,124750
2306742123839973776,walls,cim,500,20,2,1,52,1894917,1942,124750
2306742123839973776,walls,cim,500,20,3,1,52,1169708,1942,76446
2306742123839973776,walls,cim,500,20,4,1,52,854625,1942,48161
2306742123839973776,walls,cim,500,20,5,1,52,592583,1942,34089
2306742123839973776,walls,cim,500,20,6,1,52,468625,1942,25074
2306742123839973776,walls,cim,500,20,7,1,52,398875,1942,19007
2306742123839973776,walls,cim,500,20,8,1,52,330625,1942,14935
2306742123839973776,walls,cim,500,20,9,1,52,288583,1942,12002
2306742123839973776,walls,cim,500,20,10,1,52,258792,1942,9871
2306742123839973776,walls,cim,500,20,11,1,52,239666,1942,8270
2306742123839973776,walls,cim,500,20,12,1,52,222750,1942,6992
2306742123839973776,walls,cim,500,20,13,1,52,212750,1942,6053
13144363166267001214,walls,brute_force,500,20,1,1,53,1829750,1980,124750
13144363166267001214,walls,cim,500,20,2,1,53,1815958,1980,124750
13144363166267001214,walls,cim,500,20,3,1,53,1146917,1980,75484
13144363166267001214,walls,cim,500,20,4,1,53,797125,1980,48710
13144363166267001214,walls,cim,500,20,5,1,53,588125,1980,33817
13144363166267001214,walls,cim,500,20,6,1,53,484458,1980,24696
13144363166267001214,walls,cim,500,20,7,1,53,391000,1980,18724
13144363166267001214,walls,cim,500,20,8,1,53,328500,1980,14719
13144363166267001214,walls,cim,500,20,9,1,53,287375,1980,11881
13144363166267001214,walls,cim,500,20,10,1,53,260375,1980,9767
13144363166267001214,walls,cim,500,20,11,1,53,240709,1980,8158
13144363166267001214,walls,cim,500,20,12,1,53,224042,1980,6916
13144363166267001214,walls,cim,500,20,13,1,53,210625,1980,5922
9449633676343140825,walls,brute_force,500,20,1,1,54,1826417,1984,124750
9449633676343140825,walls,cim,500,20,2,1,54,1821542,1984,124750
9449633676343140825,walls,cim,500,20,3,1,54,1145208,1984,75350
9449633676343140825,walls,cim,500,20,4,1,54,788459,1984,48767
9449633676343140825,walls,cim,500,20,5,1,54,647958,1984,34173
9449633676343140825,walls,cim,500,20,6,1,54,472666,1984,25110
9449633676343140825,walls,cim,500,20,7,1,54,390542,1984,19018
9449633676343140825,walls,cim,500,20,8,1,54,333250,1984,15042
9449633676343140825,walls,cim,500,20,9,1,54,292708,1984,12088
9449633676343140825,walls,cim,500,20,10,1,54,262750,1984,9892
9449633676343140825,walls,cim,500,20,11,1,54,240417,1984,8194
9449633676343140825,walls,cim,500,20,12,1,54,225958,1984,7041
9449633676343140825,walls,cim,500,20,13,1,54,215583,1984,6049
12960499580726231883,walls,brute_force,500,20,1,1,55,1825417,1908,124750
12960499580726231883,walls,cim,500,20,2,1,55,1925334,1908,124750
12960499580726231883,walls,cim,500,20,3,1,55,1140666,1908,75115
12960499580726231883,walls,cim,500,20,4,1,55,776625,1908,48213
12960499580726231883,walls,cim,500,20,5,1,55,585666,1908,33675
12960499580726231883,walls,cim,500,20,6,1,55,462834,1908,24654
12960499580726231883,walls,cim,500,20,7,1,55,382500,1908,18757
12960499580726231883,walls,cim,500,20,8,1,55,322625,1908,14596
12960499580726231883,walls,cim,500,20,9,1,55,284666,1908,11819
12960499580726231883,walls,cim,500,20,10,1,55,254084,1908,9598
12960499580726231883,walls,cim,500,20,11,1,55,233250,1908,8031
12960499580726231883,walls,cim,500,20,12,1,55,218833,1908,6793
12960499580726231883,walls,cim,500,20,13,1,55,206875,1908,5799
11116554962187636275,walls,brute_force,500,20,1,1,56,1825125,1929,124750
11116554962187636275,walls,cim,500,20,2,1,56,1816250,1929,124750
11116554962187636275,walls,cim,500,20,3,1,56,1164375,1929,75788
11116554962187636275,walls,cim,500,20,4,1,56,848208,1929,49785
11116554962187636275,walls,cim,500,20,5,1,56,599000,1929,34695
11116554962187636275,walls,cim,500,20,6,1,56,482250,1929,25325
11116554962187636275,walls,cim,500,20,7,1,56,395666,1929,19030
11116554962187636275,walls,cim,500,20,8,1,56,347708,1929,14968
11116554962187636275,walls,cim,500,20,9,1,56,302959,1929,11944
11116554962187636275,walls,cim,500,20,10,1,56,261125,1929,9850
11116554962187636275,walls,cim,500,20,11,1,56,239042,1929,8245
11116554962187636275,walls,cim,500,20,12,1,56,221333,1929,6937
11116554962187636275,walls,cim,500,20,13,1,56,230250,1929,6031
16669934151866511984,walls,brute_force,500,20,1,1,57,1853250,1918,124750
16669934151866511984,walls,cim,500,20,2,1,57,1821250,1918,124750
16669934151866511984,walls,cim,500,20,3,1,57,1205333,1918,77506
16669934151866511984,walls,cim,500,20,4,1,57,802208,1918,49631
16669934151866511984,walls,cim,500,20,5,1,57,594458,1918,34281
16669934151866511984,walls,cim,500,20,6,1,57,467958,1918,24816
16669934151866511984,walls,cim,500,20,7,1,57,399875,1918,19054
16669934151866511984,walls,cim,500,20,8,1,57,345791,1918,14812
16669934151866511984,walls,cim,500,20,9,1,57,291959,1918,11946
16669934151866511984,walls,cim,500,20,10,1,57,266208,1918,9758
16669934151866511984,walls,cim,500,20,11,1,57,237792,1918,8160
16669934151866511984,walls,cim,500,20,12,1,57,222541,1918,6842
16669934151866511984,walls,cim,500,20,13,1,57,206625,1918,5854
2510515223259596857,walls,brute_force,500,20,1,1,58,2030833,1940,124750
2510515223259596857,walls,cim,500,20,2,1,58,1830125,1940,124750
2510515223259596857,walls,cim,500,20,3,1,58,1214209,1940,75301
2510515223259596857,walls,cim,500,20,4,1,58,808750,1940,49193
2510515223259596857,walls,cim,500,20,5,1,58,594792,1940,34006
2510515223259596857,walls,cim,500,20,6,1,58,472917,1940,24789
2510515223259596857,walls,cim,500,20,7,1,58,397250,1940,18679
2510515223259596857,walls,cim,500,20,8,1,58,343458,1940,14735
2510515223259596857,walls,cim,500,20,9,1,58,292583,1940,11983
2510515223259596857,walls,cim,500,20,10,1,58,269250,1940,9783
2510515223259596857,walls,cim,500,20,11,1,58,250666,1940,8174
2510515223259596857,walls,cim,500,20,12,1,58,231666,1940,6844
2510515223259596857,walls,cim,500,20,13,1,58,224584,1940,5953
344911266501871077,walls,brute_force,500,20,1,1,59,1841708,1910,124750
344911266501871077,walls,cim,500,20,2,1,59,1898125,1910,124750
344911266501871077,walls,cim,500,20,3,1,59,1188666,1910,75113
344911266501871077,walls,cim,500,20,4,1,59,801375,1910,48590
344911266501871077,walls,cim,500,20,5,1,59,593042,1910,33991
344911266501871077,walls,cim,500,20,6,1,59,467542,1910,24768
344911266501871077,walls,cim,500,20,7,1,59,386584,1910,18816
344911266501871077,walls,cim,500,20,8,1,59,360166,1910,14945
344911266501871077,walls,cim,500,20,9,1,59,311583,1910,12013
344911266501871077,walls,cim,500,20,10,1,59,263792,1910,9754
344911266501871077,walls,cim,500,20,11,1,59,237250,1910,8191
344911266501871077,walls,cim,500,20,12,1,59,219792,1910,6934
344911266501871077,walls,cim,500,20,13,1,59,225042,1910,5914
17283067290203405706,walls,brute_force,500,20,1,1,60,1861875,1934,124750
17283067290203405706,walls,cim,500,20,2,1,60,1936875,1934,124750
17283067290203405706,walls,cim,500,20,3,1,60,1175667,1934,76864
17283067290203405706,walls,cim,500,20,4,1,60,783834,1934,48267
17283067290203405706,walls,cim,500,20,5,1,60,603375,1934,34195
17283067290203405706,walls,cim,500,20,6,1,60,514958,1934,25010
17283067290203405706,walls,cim,500,20,7,1,60,405875,1934,19052
17283067290203405706,walls,cim,500,20,8,1,60,331333,1934,14870
17283067290203405706,walls,cim,500,20,9,1,60,292250,1934,11978
17283067290203405706,walls,cim,500,20,10,1,60,259583,1934,9836
17283067290203405706,walls,cim,500,20,11,1,60,236500,1934,8187
17283067290203405706,walls,cim,500,20,12,1,60,224958,1934,6926
17283067290203405706,walls,cim,500,20,13,1,60,208667,1934,5911
9689176111446432560,walls,brute_force,500,20,1,1,61,1829750,1965,124750
9689176111446432560,walls,cim,500,20,2,1,61,1829666,1965,124750
9689176111446432560,walls,cim,500,20,3,1,61,1160208,1965,76286
9689176111446432560,walls,cim,500,20,4,1,61,814917,1965,49453
9689176111446432560,walls,cim,500,20,5,1,61,617833,1965,33906
9689176111446432560,walls,cim,500,20,6,1,61,465208,1965,24568
9689176111446432560,walls,cim,500,20,7,1,61,385875,1965,18711
9689176111446432560,walls,cim,500,20,8,1,61,330750,1965,14879
9689176111446432560,walls,cim,500,20,9,1,61,288208,1965,11942
9689176111446432560,walls,cim,500,20,10,1,61,256416,1965,9751
9689176111446432560,walls,cim,500,20,11,1,61,237042,1965,8141
9689176111446432560,walls,cim,500,20,12,1,61,220875,1965,6883
9689176111446432560,walls,cim,500,20,13,1,61,209667,1965,5904
7471625511378383084,walls,brute_force,500,20,1,1,62,1949458,1955,124750
7471625511378383084,walls,cim,500,20,2,1,62,1845000,1955,124750
7471625511378383084,walls,cim,500,20,3,1,62,1191334,1955,78651
7471625511378383084,walls,cim,500,20,4,1,62,809417,1955,50359
7471625511378383084,walls,cim,500,20,5,1,62,601208,1955,34837
7471625511378383084,walls,cim,500,20,6,1,62,486875,1955,25494
7471625511378383084,walls,cim,500,20,7,1,62,391209,1955,19161
7471625511378383084,walls,cim,500,20,8,1,62,349084,1955,15167
7471625511378383084,walls,cim,500,20,9,1,62,320916,1955,12059
7471625511378383084,walls,cim,500,20,10,1,62,260542,1955,9985
7471625511378383084,walls,cim,500,20,11,1,62,240083,1955,8293
7471625511378383084,walls,cim,500,20,12,1,62,227541,1955,7074
7471625511378383084,walls,cim,500,20,13,1,62,237166,1955,6027
14948557019991756815,walls,brute_force,500,20,1,1,63,1850916,1964,124750
14948557019991756815,walls,cim,500,20,2,1,63,1845083,1964,124750
14948557019991756815,walls,cim,500,20,3,1,63,1143500,1964,75068
14948557019991756815,walls,cim,500,20,4,1,63,822875,1964,48337
14948557019991756815,walls,cim,500,20,5,1,63,585375,1964,33588
14948557019991756815,walls,cim,500,20,6,1,63,490875,1964,24449
14948557019991756815,walls,cim,500,20,7,1,63,405167,1964,18747
14948557019991756815,walls,cim,500,20,8,1,63,327375,1964,14677
14948557019991756815,walls,cim,500,20,9,1,63,287875,1964,11906
14948557019991756815,walls,cim,500,20,10,1,63,259084,1964,9750
14948557019991756815,walls,cim,500,20,11,1,63,241167,1964,8202
14948557019991756815,walls,cim,500,20,12,1,63,222000,1964,6889
14948557019991756815,walls,cim,500,20,13,1,63,209125,1964,5829
11955952039202219563,walls,brute_force,500,20,1,1,64,1829875,1927,124750
11955952039202219563,walls,cim,500,20,2,1,64,1913000,1927,124750
11955952039202219563,walls,cim,500,20,3,1,64,1170166,1927,77176
11955952039202219563,walls,cim,500,20,4,1,64,782625,1927,48538
11955952039202219563,walls,cim,500,20,5,1,64,586209,1927,33590
11955952039202219563,walls,cim,500,20,6,1,64,462208,1927,24583
11955952039202219563,walls,cim,500,20,7,1,64,381958,1927,18728
11955952039202219563,walls,cim,500,20,8,1,64,322166,1927,14642
11955952039202219563,walls,cim,500,20,9,1,64,284417,1927,11762
11955952039202219563,walls,cim,500,20,10,1,64,253833,1927,9632
11955952039202219563,walls,cim,500,20,11,1,64,234000,1927,8030
11955952039202219563,walls,cim,500,20,12,1,64,221375,1927,6829
11955952039202219563,walls,cim,500,20,13,1,64,215583,1927,5913
17864896225797836234,walls,brute_force,500,20,1,1,65,1832125,1959,124750
17864896225797836234,walls,cim,500,20,2,1,65,1817834,1959,124750
17864896225797836234,walls,cim,500,20,3,1,65,1224500,1959,75245
17864896225797836234,walls,cim,500,20,4,1,65,805250,1959,49004
17864896225797836234,walls,cim,500,20,5,1,65,659959,1959,33725
17864896225797836234,walls,cim,500,20,6,1,65,477417,1959,24883
17864896225797836234,walls,cim,500,20,7,1,65,387666,1959,18844
17864896225797836234,walls,cim,500,20,8,1,65,329709,1959,14777
17864896225797836234,walls,cim,500,20,9,1,65,294875,1959,11947
17864896225797836234,walls,cim,500,20,10,1,65,261875,1959,9889
17864896225797836234,walls,cim,500,20,11,1,65,257833,1959,8281
17864896225797836234,walls,cim,500,20,12,1,65,223208,1959,6942
17864896225797836234,walls,cim,500,20,13,1,65,210292,1959,5943
14604802839788390260,walls,brute_force,500,20,1,1,66,1829291,1951,124750
14604802839788390260,walls,cim,500,20,2,1,66,1815958,1951,124750
14604802839788390260,walls,cim,500,20,3,1,66,1148875,1951,75438
14604802839788390260,walls,cim,500,20,4,1,66,851041,1951,48160
14604802839788390260,walls,cim,500,20,5,1,66,608125,1951,33805
14604802839788390260,walls,cim,500,20,6,1,66,472583,1951,24761
14604802839788390260,walls,cim,500,20,7,1,66,385542,1951,18628
14604802839788390260,walls,cim,500,20,8,1,66,326125,1951,14674
14604802839788390260,walls,cim,500,20,9,1,66,290958,1951,11867
14604802839788390260,walls,cim,500,20,10,1,66,255834,1951,9698
14604802839788390260,walls,cim,500,20,11,1,66,237250,1951,8188
14604802839788390260,walls,cim,500,20,12,1,66,220708,1951,6929
14604802839788390260,walls,cim,500,20,13,1,66,209250,1951,5931
1774650668229774475,walls,brute_force,500,20,1,1,67,1841625,1986,124750
1774650668229774475,walls,cim,500,20,2,1,67,1819541,1986,124750
1774650668229774475,walls,cim,500,20,3,1,67,1195916,1986,78589
1774650668229774475,walls,cim,500,20,4,1,67,826417,1986,51465
1774650668229774475,walls,cim,500,20,5,1,67,613000,1986,35434
1774650668229774475,walls,cim,500,20,6,1,67,504209,1986,25717
1774650668229774475,walls,cim,500,20,7,1,67,416750,1986,19599
1774650668229774475,walls,cim,500,20,8,1,67,355084,1986,15364
1774650668229774475,walls,cim,500,20,9,1,67,310125,1986,12286
1774650668229774475,walls,cim,500,20,10,1,67,287417,1986,10235
1774650668229774475,walls,cim,500,20,11,1,67,255125,1986,8456
1774650668229774475,walls,cim,500,20,12,1,67,227625,1986,7205
1774650668229774475,walls,cim,500,20,13,1,67,218666,1986,6148
16329816774658028111,walls,brute_force,500,20,1,1,68,1830500,1939,124750
16329816774658028111,walls,cim,500,20,2,1,68,1817125,1939,124750
16329816774658028111,walls,cim,500,20,3,1,68,1243625,1939,76099
16329816774658028111,walls,cim,500,20,4,1,68,813417,1939,48888
16329816774658028111,walls,cim,500,20,5,1,68,591750,1939,34094
16329816774658028111,walls,cim,500,20,6,1,68,472000,1939,25176
16329816774658028111,walls,cim,500,20,7,1,68,390833,1939,19077
16329816774658028111,walls,cim,500,20,8,1,68,333000,1939,15096
16329816774658028111,walls,cim,500,20,9,1,68,290333,1939,12072
16329816774658028111,walls,cim,500,20,10,1,68,257500,1939,9835
16329816774658028111,walls,cim,500,20,11,1,68,237792,1939,8314
16329816774658028111,walls,cim,500,20,12,1,68,221334,1939,7004
16329816774658028111,walls,cim,500,20,13,1,68,210916,1939,6017
5299788151178625734,walls,brute_force,500,20,1,1,69,1858916,1949,124750
5299788151178625734,walls,cim,500,20,2,1,69,1907417,1949,124750
5299788151178625734,walls,cim,500,20,3,1,69,1166458,1949,75922
5299788151178625734,walls,cim,500,20,4,1,69,794250,1949,49101
5299788151178625734,walls,cim,500,20,5,1,69,587125,1949,33798
5299788151178625734,walls,cim,500,20,6,1,69,467750,1949,24896
5299788151178625734,walls,cim,500,20,7,1,69,386542,1949,18736
5299788151178625734,walls,cim,500,20,8,1,69,328875,1949,14711
5299788151178625734,walls,cim,500,20,9,1,69,288917,1949,11841
5299788151178625734,walls,cim,500,20,10,1,69,260792,1949,9796
5299788151178625734,walls,cim,500,20,11,1,69,238041,1949,8193
5299788151178625734,walls,cim,500,20,12,1,69,221959,1949,6875
5299788151178625734,walls,cim,500,20,13,1,69,210041,1949,5937
10787355478323051441,walls,brute_force,500,20,1,1,70,1824500,1932,124750
10787355478323051441,walls,cim,500,20,2,1,70,1816416,1932,124750
10787355478323051441,walls,cim,500,20,3,1,70,1240167,1932,77730
10787355478323051441,walls,cim,500,20,4,1,70,801667,1932,49932
10787355478323051441,walls,cim,500,20,5,1,70,590042,1932,34007
10787355478323051441,walls,cim,500,20,6,1,70,487416,1932,24929
10787355478323051441,walls,cim,500,20,7,1,70,413042,1932,19155
10787355478323051441,walls,cim,500,20,8,1,70,326916,1932,14806
10787355478323051441,walls,cim,500,20,9,1,70,341167,1932,11972
10787355478323051441,walls,cim,500,20,10,1,70,270834,1932,9815
10787355478323051441,walls,cim,500,20,11,1,70,254667,1932,8267
10787355478323051441,walls,cim,500,20,12,1,70,261042,1932,6946
10787355478323051441,walls,cim,500,20,13,1,70,547292,1932,5922
7656901395057480980,walls,brute_force,500,20,1,1,71,1827667,1923,124750
7656901395057480980,walls,cim,500,20,2,1,71,1818875,1923,124750
7656901395057480980,walls,cim,500,20,3,1,71,1241500,1923,76606
7656901395057480980,walls,cim,500,20,4,1,71,794875,1923,49391
7656901395057480980,walls,cim,500,20,5,1,71,595000,1923,34497
7656901395057480980,walls,cim,500,20,6,1,71,472625,1923,24965
7656901395057480980,walls,cim,500,20,7,1,71,387292,1923,18847
7656901395057480980,walls,cim,500,20,8,1,71,337667,1923,14800
7656901395057480980,walls,cim,500,20,9,1,71,300667,1923,11988
7656901395057480980,walls,cim,500,20,10,1,71,278750,1923,9952
7656901395057480980,walls,cim,500,20,11,1,71,236833,1923,8221
7656901395057480980,walls,cim,500,20,12,1,71,223791,1923,6888
7656901395057480980,walls,cim,500,20,13,1,71,232083,1923,5901
13264689615837621397,walls,brute_force,500,20,1,1,72,1906500,1923,124750
13264689615837621397,walls,cim,500,20,2,1,72,1834292,1923,124750
13264689615837621397,walls,cim,500,20,3,1,72,1160792,1923,76514
13264689615837621397,walls,cim,500,20,4,1,72,794166,1923,49217
13264689615837621397,walls,cim,500,20,5,1,72,590292,1923,33816
13264689615837621397,walls,cim,500,20,6,1,72,470875,1923,24970
13264689615837621397,walls,cim,500,20,7,1,72,388875,1923,18969
13264689615837621397,walls,cim,500,20,8,1,72,327333,1923,14773
13264689615837621397,walls,cim,500,20,9,1,72,300417,1923,11969
13264689615837621397,walls,cim,500,20,10,1,72,258292,1923,9832
13264689615837621397,walls,cim,500,20,11,1,72,235584,1923,8198
13264689615837621397,walls,cim,500,20,12,1,72,223250,1923,6964
13264689615837621397,walls,cim,500,20,13,1,72,208500,1923,5975
7525579738923408856,walls,brute_force,500,20,1,1,73,1951958,1923,124750
7525579738923408856,walls,cim,500,20,2,1,73,1884917,1923,124750
7525579738923408856,walls,cim,500,20,3,1,73,1196291,1923,74786
7525579738923408856,walls,cim,500,20,4,1,73,800000,1923,48292
7525579738923408856,walls,cim,500,20,5,1,73,596959,1923,33738
7525579738923408856,walls,cim,500,20,6,1,73,467917,1923,24924
7525579738923408856,walls,cim,500,20,7,1,73,391000,1923,18968
7525579738923408856,walls,cim,500,20,8,1,73,344291,1923,14859
7525579738923408856,walls,cim,500,20,9,1,73,303334,1923,11854
7525579738923408856,walls,cim,500,20,10,1,73,255583,1923,9773
7525579738923408856,walls,cim,500,20,11,1,73,237042,1923,8207
7525579738923408856,walls,cim,500,20,12,1,73,229000,1923,6897
7525579738923408856,walls,cim,500,20,13,1,73,216292,1923,5917
3396404544195522461,walls,brute_force,500,20,1,1,74,1835292,1975,124750
3396404544195522461,walls,cim,500,20,2,1,74,1855125,1975,124750
3396404544195522461,walls,cim,500,20,3,1,74,1173583,1975,77315
3396404544195522461,walls,cim,500,20,4,1,74,819125,1975,50521
3396404544195522461,walls,cim,500,20,5,1,74,610916,1975,35338
3396404544195522461,walls,cim,500,20,6,1,74,505375,1975,25503
3396404544195522461,walls,cim,500,20,7,1,74,422125,1975,19170
3396404544195522461,walls,cim,500,20,8,1,74,350334,1975,15154
3396404544195522461,walls,cim,500,20,9,1,74,317000,1975,12069
3396404544195522461,walls,cim,500,20,10,1,74,286291,1975,10036
3396404544195522461,walls,cim,500,20,11,1,74,255875,1975,8304
3396404544195522461,walls,cim,500,20,12,1,74,240000,1975,7129
3396404544195522461,walls,cim,500,20,13,1,74,221875,1975,6052
16223508420742556204,walls,brute_force,500,20,1,1,75,1865459,1924,124750
16223508420742556204,walls,cim,500,20,2,1,75,1845708,1924,124750
16223508420742556204,walls,cim,500,20,3,1,75,1170791,1924,74637
16223508420742556204,walls,cim,500,20,4,1,75,815125,1924,49088
16223508420742556204,walls,cim,500,20,5,1,75,606791,1924,33817
16223508420742556204,walls,cim,500,20,6,1,75,478542,1924,24784
16223508420742556204,walls,cim,500,20,7,1,75,387166,1924,18924
16223508420742556204,walls,cim,500,20,8,1,75,339791,1924,14623
16223508420742556204,walls,cim,500,20,9,1,75,283750,1924,11790
16223508420742556204,walls,cim,500,20,10,1,75,262833,1924,9613
16223508420742556204,walls,cim,500,20,11,1,75,244334,1924,8012
16223508420742556204,walls,cim,500,20,12,1,75,229667,1924,6824
16223508420742556204,walls,cim,500,20,13,1,75,250209,1924,5845
13657404789567417261,walls,brute_force,500,20,1,1,76,1857583,1943,124750
13657404789567417261,walls,cim,500,20,2,1,76,1872709,1943,124750
13657404789567417261,walls,cim,500,20,3,1,76,1211375,1943,76251
13657404789567417261,walls,cim,500,20,4,1,76,879875,1943,49807
13657404789567417261,walls,cim,500,20,5,1,76,628708,1943,34354
13657404789567417261,walls,cim,500,20,6,1,76,474750,1943,25396
13657404789567417261,walls,cim,500,20,7,1,76,393875,1943,19357
13657404789567417261,walls,cim,500,20,8,1,76,334459,1943,15113
13657404789567417261,walls,cim,500,20,9,1,76,297500,1943,12014
13657404789567417261,walls,cim,500,20,10,1,76,268833,1943,9943
13657404789567417261,walls,cim,500,20,11,1,76,248916,1943,8269
13657404789567417261,walls,cim,500,20,12,1,76,224542,1943,7006
13657404789567417261,walls,cim,500,20,13,1,76,224500,1943,6015
17368757852634530646,walls,brute_force,500,20,1,1,77,1917792,1867,124750
17368757852634530646,walls,cim,500,20,2,1,77,1890625,1867,124750
17368757852634530646,walls,cim,500,20,3,1,77,1157875,1867,76136
17368757852634530646,walls,cim,500,20,4,1,77,845792,1867,49117
17368757852634530646,walls,cim,500,20,5,1,77,613375,1867,34122
17368757852634530646,walls,cim,500,20,6,1,77,474000,1867,24873
17368757852634530646,walls,cim,500,20,7,1,77,387167,1867,19001
17368757852634530646,walls,cim,500,20,8,1,77,325750,1867,14812
17368757852634530646,walls,cim,500,20,9,1,77,284833,1867,12006
17368757852634530646,walls,cim,500,20,10,1,77,254083,1867,9777
17368757852634530646,walls,cim,500,20,11,1,77,231625,1867,8145
17368757852634530646,walls,cim,500,20,12,1,77,217000,1867,6916
17368757852634530646,walls,cim,500,20,13,1,77,203542,1867,5863
469945376762250571,walls,brute_force,500,20,1,1,78,1918125,1924,124750
469945376762250571,walls,cim,500,20,2,1,78,1817583,1924,124750
469945376762250571,walls,cim,500,20,3,1,78,1155584,1924,76088
469945376762250571,walls,cim,500,20,4,1,78,798917,1924,49659
469945376762250571,walls,cim,500,20,5,1,78,641250,1924,33995
469945376762250571,walls,cim,500,20,6,1,78,474042,1924,24775
469945376762250571,walls,cim,500,20,7,1,78,408458,1924,18809
469945376762250571,walls,cim,500,20,8,1,78,346083,1924,14738
469945376762250571,walls,cim,500,20,9,1,78,302292,1924,11915
469945376762250571,walls,cim,500,20,10,1,78,258333,1924,9748
469945376762250571,walls,cim,500,20,11,1,78,238334,1924,8243
469945376762250571,walls,cim,500,20,12,1,78,224917,1924,6892
469945376762250571,walls,cim,500,20,13,1,78,210292,1924,5891
12355737907088943966,walls,brute_force,500,20,1,1,79,1916666,1972,124750
12355737907088943966,walls,cim,500,20,2,1,79,1894000,1972,124750
12355737907088943966,walls,cim,500,20,3,1,79,1209667,1972,76325
12355737907088943966,walls,cim,500,20,4,1,79,820041,1972,49129
12355737907088943966,walls,cim,500,20,5,1,79,619083,1972,34342
12355737907088943966,walls,cim,500,20,6,1,79,476250,1972,24890
12355737907088943966,walls,cim,500,20,7,1,79,405166,1972,19072
12355737907088943966,walls,cim,500,20,8,1,79,338875,1972,15095
12355737907088943966,walls,cim,500,20,9,1,79,295167,1972,12183
12355737907088943966,walls,cim,500,20,10,1,79,293833,1972,10027
12355737907088943966,walls,cim,500,20,11,1,79,258625,1972,8407
12355737907088943966,walls,cim,500,20,12,1,79,228792,1972,7131
12355737907088943966,walls,cim,500,20,13,1,79,231042,1972,6095
10459161209551088080,walls,brute_force,500,20,1,1,80,1839167,1898,124750
10459161209551088080,walls,cim,500,20,2,1,80,1904333,1898,124750
10459161209551088080,walls,cim,500,20,3,1,80,1185792,1898,75984
10459161209551088080,walls,cim,500,20,4,1,80,787292,1898,48961
10459161209551088080,walls,cim,500,20,5,1,80,588875,1898,33820
10459161209551088080,walls,cim,500,20,6,1,80,506375,1898,24779
10459161209551088080,walls,cim,500,20,7,1,80,385333,1898,18918
10459161209551088080,walls,cim,500,20,8,1,80,326917,1898,14931
10459161209551088080,walls,cim,500,20,9,1,80,286500,1898,11970
10459161209551088080,walls,cim,500,20,10,1,80,262250,1898,9899
10459161209551088080,walls,cim,500,20,11,1,80,237625,1898,8150
10459161209551088080,walls,cim,500,20,12,1,80,241084,1898,6867
10459161209551088080,walls,cim,500,20,13,1,80,207000,1898,5891
12634116968504131333,walls,brute_force,500,20,1,1,81,1850208,1889,124750
12634116968504131333,walls,cim,500,20,2,1,81,1981792,1889,124750
12634116968504131333,walls,cim,500,20,3,1,81,1158833,1889,75585
12634116968504131333,walls,cim,500,20,4,1,81,817459,1889,48643
12634116968504131333,walls,cim,500,20,5,1,81,630333,1889,33482
12634116968504131333,walls,cim,500,20,6,1,81,479250,1889,24425
12634116968504131333,walls,cim,500,20,7,1,81,405333,1889,18568
12634116968504131333,walls,cim,500,20,8,1,81,351167,1889,14517
12634116968504131333,walls,cim,500,20,9,1,81,289208,1889,11671
12634116968504131333,walls,cim,500,20,10,1,81,252750,1889,9559
12634116968504131333,walls,cim,500,20,11,1,81,247750,1889,8093
12634116968504131333,walls,cim,500,20,12,1,81,223917,1889,6856
12634116968504131333,walls,cim,500,20,13,1,81,223417,1889,5870
7476017875999575043,walls,brute_force,500,20,1,1,82,1928958,1939,124750
7476017875999575043,walls,cim,500,20,2,1,82,1832375,1939,124750
7476017875999575043,walls,cim,500,20,3,1,82,1176333,1939,77160
7476017875999575043,walls,cim,500,20,4,1,82,841250,1939,48828
7476017875999575043,walls,cim,500,20,5,1,82,584875,1939,33504
7476017875999575043,walls,cim,500,20,6,1,82,468875,1939,24839
7476017875999575043,walls,cim,500,20,7,1,82,402250,1939,18934
7476017875999575043,walls,cim,500,20,8,1,82,360417,1939,14922
7476017875999575043,walls,cim,500,20,9,1,82,291375,1939,11979
7476017875999575043,walls,cim,500,20,10,1,82,266041,1939,9767
7476017875999575043,walls,cim,500,20,11,1,82,240042,1939,8249
7476017875999575043,walls,cim,500,20,12,1,82,264541,1939,6934
7476017875999575043,walls,cim,500,20,13,1,82,229208,1939,5996
11194060574931661075,walls,brute_force,500,20,1,1,83,1964000,1923,124750
11194060574931661075,walls,cim,500,20,2,1,83,1826166,1923,124750
11194060574931661075,walls,cim,500,20,3,1,83,1217000,1923,75877
11194060574931661075,walls,cim,500,20,4,1,83,797667,1923,49387
11194060574931661075,walls,cim,500,20,5,1,83,641750,1923,34215
11194060574931661075,walls,cim,500,20,6,1,83,470542,1923,24966
11194060574931661075,walls,cim,500,20,7,1,83,391000,1923,18954
11194060574931661075,walls,cim,500,20,8,1,83,360541,1923,14948
11194060574931661075,walls,cim,500,20,9,1,83,313792,1923,11962
11194060574931661075,walls,cim,500,20,10,1,83,274041,1923,9874
11194060574931661075,walls,cim,500,20,11,1,83,254125,1923,8323
11194060574931661075,walls,cim,500,20,12,1,83,247375,1923,6956
11194060574931661075,walls,cim,500,20,13,1,83,217375,1923,5932
7405642977433076202,walls,brute_force,500,20,1,1,84,1917458,1961,124750
7405642977433076202,walls,cim,500,20,2,1,84,1878417,1961,124750
7405642977433076202,walls,cim,500,20,3,1,84,1258542,1961,76627
7405642977433076202,walls,cim,500,20,4,1,84,865583,1961,50513
7405642977433076202,walls,cim,500,20,5,1,84,624291,1961,34731
7405642977433076202,walls,cim,500,20,6,1,84,473708,1961,25036
7405642977433076202,walls,cim,500,20,7,1,84,389833,1961,18977
7405642977433076202,walls,cim,500,20,8,1,84,352958,1961,14857
7405642977433076202,walls,cim,500,20,9,1,84,300875,1961,12034
7405642977433076202,walls,cim,500,20,10,1,84,281708,1961,9922
7405642977433076202,walls,cim,500,20,11,1,84,239000,1961,8221
7405642977433076202,walls,cim,500,20,12,1,84,223042,1961,6939
7405642977433076202,walls,cim,500,20,13,1,84,231875,1961,5934
9121681449776553016,walls,brute_force,500,20,1,1,85,1889583,1929,124750
9121681449776553016,walls,cim,500,20,2,1,85,1919875,1929,124750
9121681449776553016,walls,cim,500,20,3,1,85,1189917,1929,75932
9121681449776553016,walls,cim,500,20,4,1,85,800916,1929,49797
9121681449776553016,walls,cim,500,20,5,1,85,614083,1929,34783
9121681449776553016,walls,cim,500,20,6,1,85,502584,1929,25386
9121681449776553016,walls,cim,500,20,7,1,85,396958,1929,19122
9121681449776553016,walls,cim,500,20,8,1,85,337667,1929,14974
9121681449776553016,walls,cim,500,20,9,1,85,311458,1929,12179
9121681449776553016,walls,cim,500,20,10,1,85,267625,1929,9879
9121681449776553016,walls,cim,500,20,11,1,85,238417,1929,8250
9121681449776553016,walls,cim,500,20,12,1,85,245958,1929,6927
9121681449776553016,walls,cim,500,20,13,1,85,223625,1929,5970
11953316398975245605,walls,brute_force,500,20,1,1,86,1863292,1893,124750
11953316398975245605,walls,cim,500,20,2,1,86,1816375,1893,124750
11953316398975245605,walls,cim,500,20,3,1,86,1231209,1893,75802
11953316398975245605,walls,cim,500,20,4,1,86,1679708,1893,49434
11953316398975245605,walls,cim,500,20,5,1,86,592584,1893,34094
11953316398975245605,walls,cim,500,20,6,1,86,508833,1893,25314
11953316398975245605,walls,cim,500,20,7,1,86,385959,1893,18981
11953316398975245605,walls,cim,500,20,8,1,86,371875,1893,14980
11953316398975245605,walls,cim,500,20,9,1,86,298417,1893,11850
11953316398975245605,walls,cim,500,20,10,1,86,271000,1893,9801
11953316398975245605,walls,cim,500,20,11,1,86,236500,1893,8229
11953316398975245605,walls,cim,500,20,12,1,86,246750,1893,6926
11953316398975245605,walls,cim,500,20,13,1,86,229625,1893,5920
414559794570253657,walls,brute_force,500,20,1,1,87,2018167,1982,124750
414559794570253657,walls,cim,500,20,2,1,87,1960666,1982,124750
414559794570253657,walls,cim,500,20,3,1,87,1271583,1982,76828
414559794570253657,walls,cim,500,20,4,1,87,853083,1982,49695
414559794570253657,walls,cim,500,20,5,1,87,650250,1982,35081
414559794570253657,walls,cim,500,20,6,1,87,482417,1982,25446
414559794570253657,walls,cim,500,20,7,1,87,418083,1982,19379
414559794570253657,walls,cim,500,20,8,1,87,337125,1982,15221
414559794570253657,walls,cim,500,20,9,1,87,311500,1982,12233
414559794570253657,walls,cim,500,20,10,1,87,283166,1982,10186
414559794570253657,walls,cim,500,20,11,1,87,273833,1982,8357
414559794570253657,walls,cim,500,20,12,1,87,234708,1982,7072
414559794570253657,walls,cim,500,20,13,1,87,216709,1982,6068
979689465544886487,walls,brute_force,500,20,1,1,88,1870208,1934,124750
979689465544886487,walls,cim,500,20,2,1,88,1980875,1934,124750
979689465544886487,walls,cim,500,20,3,1,88,1252708,1934,75751
979689465544886487,walls,cim,500,20,4,1,88,889709,1934,48813
979689465544886487,walls,cim,500,20,5,1,88,1228083,1934,33852
979689465544886487,walls,cim,500,20,6,1,88,553250,1934,24619
979689465544886487,walls,cim,500,20,7,1,88,403625,1934,18698
979689465544886487,walls,cim,500,20,8,1,88,343042,1934,14739
979689465544886487,walls,cim,500,20,9,1,88,300042,1934,11927
979689465544886487,walls,cim,500,20,10,1,88,279583,1934,9734
979689465544886487,walls,cim,500,20,11,1,88,253625,1934,8133
979689465544886487,walls,cim,500,20,12,1,88,265625,1934,6956
979689465544886487,walls,cim,500,20,13,1,88,218750,1934,5898
14327807829580963262,walls,brute_force,500,20,1,1,89,2033041,1942,124750
14327807829580963262,walls,cim,500,20,2,1,89,2086250,1942,124750
14327807829580963262,walls,cim,500,20,3,1,89,2820750,1942,75859
14327807829580963262,walls,cim,500,20,4,1,89,1101084,1942,49430
14327807829580963262,walls,cim,500,20,5,1,89,632458,1942,33725
14327807829580963262,walls,cim,500,20,6,1,89,522209,1942,24735
14327807829580963262,walls,cim,500,20,7,1,89,415916,1942,18877
14327807829580963262,walls,cim,500,20,8,1,89,350791,1942,14760
14327807829580963262,walls,cim,500,20,9,1,89,310917,1942,11866
14327807829580963262,walls,cim,500,20,10,1,89,277584,1942,9736
14327807829580963262,walls,cim,500,20,11,1,89,252667,1942,8036
14327807829580963262,walls,cim,500,20,12,1,89,232791,1942,6803
14327807829580963262,walls,cim,500,20,13,1,89,215125,1942,5786
4055782164442947455,walls,brute_force,500,20,1,1,90,1866792,1951,124750
4055782164442947455,walls,cim,500,20,2,1,90,2208083,1951,124750
4055782164442947455,walls,cim,500,20,3,1,90,1192709,1951,74978
4055782164442947455,walls,cim,500,20,4,1,90,788541,1951,48725
4055782164442947455,walls,cim,500,20,5,1,90,589875,1951,33806
4055782164442947455,walls,cim,500,20,6,1,90,487125,1951,24856
4055782164442947455,walls,cim,500,20,7,1,90,424917,1951,19369
4055782164442947455,walls,cim,500,20,8,1,90,407958,1951,15057
4055782164442947455,walls,cim,500,20,9,1,90,301083,1951,12122
4055782164442947455,walls,cim,500,20,10,1,90,277042,1951,9900
4055782164442947455,walls,cim,500,20,11,1,90,248750,1951,8237
4055782164442947455,walls,cim,500,20,12,1,90,238750,1951,6934
4055782164442947455,walls,cim,500,20,13,1,90,211000,1951,5957
7379342708826920396,walls,brute_force,500,20,1,1,91,1933792,1902,124750
7379342708826920396,walls,cim,500,20,2,1,91,1989500,1902,124750
7379342708826920396,walls,cim,500,20,3,1,91,1610417,1902,75402
7379342708826920396,walls,cim,500,20,4,1,91,865541,1902,49987
7379342708826920396,walls,cim,500,20,5,1,91,639250,1902,33948
7379342708826920396,walls,cim,500,20,6,1,91,490542,1902,24888
7379342708826920396,walls,cim,500,20,7,1,91,416208,1902,19169
7379342708826920396,walls,cim,500,20,8,1,91,337083,1902,14928
7379342708826920396,walls,cim,500,20,9,1,91,287375,1902,11958
7379342708826920396,walls,cim,500,20,10,1,91,290083,1902,9771
7379342708826920396,walls,cim,500,20,11,1,91,294708,1902,8224
7379342708826920396,walls,cim,500,20,12,1,91,263333,1902,6917
7379342708826920396,walls,cim,500,20,13,1,91,227042,1902,5986
845830415434077057,walls,brute_force,500,20,1,1,92,1901542,1929,124750
845830415434077057,walls,cim,500,20,2,1,92,1905166,1929,124750
845830415434077057,walls,cim,500,20,3,1,92,1194459,1929,75966
845830415434077057,walls,cim,500,20,4,1,92,822500,1929,48967
845830415434077057,walls,cim,500,20,5,1,92,597917,1929,34013
845830415434077057,walls,cim,500,20,6,1,92,489000,1929,24927
845830415434077057,walls,cim,500,20,7,1,92,385916,1929,18876
845830415434077057,walls,cim,500,20,8,1,92,330417,1929,14831
845830415434077057,walls,cim,500,20,9,1,92,303917,1929,11817
845830415434077057,walls,cim,500,20,10,1,92,273792,1929,9724
845830415434077057,walls,cim,500,20,11,1,92,248958,1929,8175
845830415434077057,walls,cim,500,20,12,1,92,251791,1929,6952
845830415434077057,walls,cim,500,20,13,1,92,238292,1929,5913
15345256917565068363,walls,brute_force,500,20,1,1,93,1942958,1958,124750
15345256917565068363,walls,cim,500,20,2,1,93,2013917,1958,124750
15345256917565068363,walls,cim,500,20,3,1,93,1168875,1958,74309
15345256917565068363,walls,cim,500,20,4,1,93,818084,1958,49004
15345256917565068363,walls,cim,500,20,5,1,93,624708,1958,34071
15345256917565068363,walls,cim,500,20,6,1,93,481292,1958,24741
15345256917565068363,walls,cim,500,20,7,1,93,383875,1958,18597
15345256917565068363,walls,cim,500,20,8,1,93,326541,1958,14662
15345256917565068363,walls,cim,500,20,9,1,93,286667,1958,11740
15345256917565068363,walls,cim,500,20,10,1,93,261791,1958,9672
15345256917565068363,walls,cim,500,20,11,1,93,272333,1958,8132
15345256917565068363,walls,cim,500,20,12,1,93,234875,1958,6836
15345256917565068363,walls,cim,500,20,13,1,93,220416,1958,5863
16133399385729067653,walls,brute_force,500,20,1,1,94,1919042,1947,124750
16133399385729067653,walls,cim,500,20,2,1,94,2014708,1947,124750
16133399385729067653,walls,cim,500,20,3,1,94,1255417,1947,77320
16133399385729067653,walls,cim,500,20,4,1,94,829167,1947,49648
16133399385729067653,walls,cim,500,20,5,1,94,608625,1947,35164
16133399385729067653,walls,cim,500,20,6,1,94,481000,1947,25353
16133399385729067653,walls,cim,500,20,7,1,94,396667,1947,19021
16133399385729067653,walls,cim,500,20,8,1,94,342750,1947,15101
16133399385729067653,walls,cim,500,20,9,1,94,338583,1947,12232
16133399385729067653,walls,cim,500,20,10,1,94,277167,1947,9932
16133399385729067653,walls,cim,500,20,11,1,94,243000,1947,8296
16133399385729067653,walls,cim,500,20,12,1,94,228167,1947,7056
16133399385729067653,walls,cim,500,20,13,1,94,220083,1947,6037
85667575558331781,walls,brute_force,500,20,1,1,95,1988958,1967,124750
85667575558331781,walls,cim,500,20,2,1,95,2140375,1967,124750
85667575558331781,walls,cim,500,20,3,1,95,1181959,1967,75494
85667575558331781,walls,cim,500,20,4,1,95,835333,1967,47821
85667575558331781,walls,cim,500,20,5,1,95,779459,1967,34053
85667575558331781,walls,cim,500,20,6,1,95,495875,1967,25125
85667575558331781,walls,cim,500,20,7,1,95,401791,1967,18824
85667575558331781,walls,cim,500,20,8,1,95,383834,1967,14875
85667575558331781,walls,cim,500,20,9,1,95,293167,1967,11969
85667575558331781,walls,cim,500,20,10,1,95,263041,1967,9840
85667575558331781,walls,cim,500,20,11,1,95,241708,1967,8318
85667575558331781,walls,cim,500,20,12,1,95,233958,1967,7088
85667575558331781,walls,cim,500,20,13,1,95,220250,1967,6018
15526180040769339461,walls,brute_force,500,20,1,1,96,1821167,1948,124750
15526180040769339461,walls,cim,500,20,2,1,96,1817250,1948,124750
15526180040769339461,walls,cim,500,20,3,1,96,1276500,1948,75723
15526180040769339461,walls,cim,500,20,4,1,96,813125,1948,49418
15526180040769339461,walls,cim,500,20,5,1,96,588166,1948,33531
15526180040769339461,walls,cim,500,20,6,1,96,486375,1948,24510
15526180040769339461,walls,cim,500,20,7,1,96,431666,1948,18774
15526180040769339461,walls,cim,500,20,8,1,96,357833,1948,14670
15526180040769339461,walls,cim,500,20,9,1,96,298583,1948,11781
15526180040769339461,walls,cim,500,20,10,1,96,260416,1948,9811
15526180040769339461,walls,cim,500,20,11,1,96,237125,1948,8143
15526180040769339461,walls,cim,500,20,12,1,96,219917,1948,6849
15526180040769339461,walls,cim,500,20,13,1,96,274250,1948,5843
2056041328320294221,walls,brute_force,500,20,1,1,97,1931083,1935,124750
2056041328320294221,walls,cim,500,20,2,1,97,1973041,1935,124750
2056041328320294221,walls,cim,500,20,3,1,97,1239542,1935,75939
2056041328320294221,walls,cim,500,20,4,1,97,805834,1935,47905
2056041328320294221,walls,cim,500,20,5,1,97,607250,1935,33980
2056041328320294221,walls,cim,500,20,6,1,97,531541,1935,24671
2056041328320294221,walls,cim,500,20,7,1,97,459500,1935,18812
2056041328320294221,walls,cim,500,20,8,1,97,344209,1935,14704
2056041328320294221,walls,cim,500,20,9,1,97,302292,1935,11844
2056041328320294221,walls,cim,500,20,10,1,97,272583,1935,9715
2056041328320294221,walls,cim,500,20,11,1,97,246084,1935,8101
2056041328320294221,walls,cim,500,20,12,1,97,233375,1935,6872
2056041328320294221,walls,cim,500,20,13,1,97,211541,1935,5982
337262189811921913,walls,brute_force,500,20,1,1,98,2022208,1943,124750
337262189811921913,walls,cim,500,20,2,1,98,1921917,1943,124750
337262189811921913,walls,cim,500,20,3,1,98,1170291,1943,73852
337262189811921913,walls,cim,500,20,4,1,98,793958,1943,49405
337262189811921913,walls,cim,500,20,5,1,98,597000,1943,34072
337262189811921913,walls,cim,500,20,6,1,98,525792,1943,24687
337262189811921913,walls,cim,500,20,7,1,98,425875,1943,18756
337262189811921913,walls,cim,500,20,8,1,98,386250,1943,14798
337262189811921913,walls,cim,500,20,9,1,98,290750,1943,11879
337262189811921913,walls,cim,500,20,10,1,98,258833,1943,9711
337262189811921913,walls,cim,500,20,11,1,98,260041,1943,8104
337262189811921913,walls,cim,500,20,12,1,98,222958,1943,6809
337262189811921913,walls,cim,500,20,13,1,98,224541,1943,5933
7669197533346046076,walls,brute_force,500,20,1,1,99,1825791,1968,124750
7669197533346046076,walls,cim,500,20,2,1,99,1932083,1968,124750
7669197533346046076,walls,cim,500,20,3,1,99,1217875,1968,77507
7669197533346046076,walls,cim,500,20,4,1,99,805667,1968,49455
7669197533346046076,walls,cim,500,20,5,1,99,596750,1968,34532
7669197533346046076,walls,cim,500,20,6,1,99,492042,1968,25255
7669197533346046076,walls,cim,500,20,7,1,99,398167,1968,19334
7669197533346046076,walls,cim,500,20,8,1,99,349250,1968,14982
7669197533346046076,walls,cim,500,20,9,1,99,304667,1968,12055
7669197533346046076,walls,cim,500,20,10,1,99,272125,1968,9895
7669197533346046076,walls,cim,500,20,11,1,99,282916,1968,8230
7669197533346046076,walls,cim,500,20,12,1,99,238709,1968,6987
7669197533346046076,walls,cim,500,20,13,1,99,218542,1968,5966
18340163177619118,walls,brute_force,500,20,1,1,100,1916584,1925,124750
18340163177619118,walls,cim,500,20,2,1,100,1842833,1925,124750
18340163177619118,walls,cim,500,20,3,1,100,1172000,1925,74464
18340163177619118,walls,cim,500,20,4,1,100,801459,1925,48926
18340163177619118,walls,cim,500,20,5,1,100,646416,1925,34276
18340163177619118,walls,cim,500,20,6,1,100,498667,1925,24721
18340163177619118,walls,cim,500,20,7,1,100,398709,1925,18945
18340163177619118,walls,cim,500,20,8,1,100,354583,1925,14700
18340163177619118,walls,cim,500,20,9,1,100,309916,1925,11828
18340163177619118,walls,cim,500,20,10,1,100,268042,1925,9800
18340163177619118,walls,cim,500,20,11,1,100,236708,1925,8145
18340163177619118,walls,cim,500,20,12,1,100,245375,1925,6853
18340163177619118,walls,cim,500,20,13,1,100,216292,1925,5870
1751350728503813279,walls,brute_force,1050,20,1,1,1,8323292,8728,550725
1751350728503813279,walls,cim,1050,20,2,1,1,8317541,8728,550725
1751350728503813279,walls,cim,1050,20,3,1,1,5098625,8728,331747
1751350728503813279,walls,cim,1050,20,4,1,1,3406459,8728,213760
1751350728503813279,walls,cim,1050,20,5,1,1,2573209,8728,148632
1751350728503813279,walls,cim,1050,20,6,1,1,2144375,8728,108639
1751350728503813279,walls,cim,1050,20,7,1,1,1622458,8728,82537
1751350728503813279,walls,cim,1050,20,8,1,1,1430667,8728,65188
1751350728503813279,walls,cim,1050,20,9,1,1,1233584,8728,52435
1751350728503813279,walls,cim,1050,20,10,1,1,1069750,8728,43067
1751350728503813279,walls,cim,1050,20,11,1,1,994417,8728,35917
1751350728503813279,walls,cim,1050,20,12,1,1,955917,8728,30652
1751350728503813279,walls,cim,1050,20,13,1,1,838834,8728,26206
13845951433293907454,walls,brute_force,1050,20,1,1,2,8419125,8732,550725
13845951433293907454,walls,cim,1050,20,2,1,2,8200709,8732,550725
13845951433293907454,walls,cim,1050,20,3,1,2,5115458,8732,334166
13845951433293907454,walls,cim,1050,20,4,1,2,3499500,8732,215770
13845951433293907454,walls,cim,1050,20,5,1,2,2539709,8732,150016
13845951433293907454,walls,cim,1050,20,6,1,2,2156250,8732,108694
13845951433293907454,walls,cim,1050,20,7,1,2,1662666,8732,83159
13845951433293907454,walls,cim,1050,20,8,1,2,1399708,8732,64884
13845951433293907454,walls,cim,1050,20,9,1,2,1190000,8732,52618
13845951433293907454,walls,cim,1050,20,10,1,2,1113584,8732,43113
13845951433293907454,walls,cim,1050,20,11,1,2,973792,8732,35994
13845951433293907454,walls,cim,1050,20,12,1,2,1002500,8732,30547
13845951433293907454,walls,cim,1050,20,13,1,2,866333,8732,26132
11486887524528206208,walls,brute_force,1050,20,1,1,3,8146625,8712,550725
11486887524528206208,walls,cim,1050,20,2,1,3,8152917,8712,550725
11486887524528206208,walls,cim,1050,20,3,1,3,5144500,8712,337174
11486887524528206208,walls,cim,1050,20,4,1,3,3577584,8712,218031
11486887524528206208,walls,cim,1050,20,5,1,3,2509417,8712,150248
11486887524528206208,walls,cim,1050,20,6,1,3,2030959,8712,109631
11486887524528206208,walls,cim,1050,20,7,1,3,1620542,8712,83516
11486887524528206208,walls,cim,1050,20,8,1,3,1453708,8712,65464
11486887524528206208,walls,cim,1050,20,9,1,3,1220250,8712,52702
11486887524528206208,walls,cim,1050,20,10,1,3,1058709,8712,43352
11486887524528206208,walls,cim,1050,20,11,1,3,964959,8712,36258
11486887524528206208,walls,cim,1050,20,12,1,3,896000,8712,30716
11486887524528206208,walls,cim,1050,20,13,1,3,888750,8712,26307
1519355318048547124,walls,brute_force,1050,20,1,1,4,8919208,8738,550725
1519355318048547124,walls,cim,1050,20,2,1,4,8411709,8738,550725
1519355318048547124,walls,cim,1050,20,3,1,4,5215750,8738,333651
1519355318048547124,walls,cim,1050,20,4,1,4,3562125,8738,214684
1519355318048547124,walls,cim,1050,20,5,1,4,2565416,8738,149549
1519355318048547124,walls,cim,1050,20,6,1,4,1995583,8738,109872
1519355318048547124,walls,cim,1050,20,7,1,4,2016125,8738,82884
1519355318048547124,walls,cim,1050,20,8,1,4,1360875,8738,65310
1519355318048547124,walls,cim,1050,20,9,1,4,1239875,8738,52799
1519355318048547124,walls,cim,1050,20,10,1,4,1161875,8738,43316
1519355318048547124,walls,cim,1050,20,11,1,4,981042,8738,36058
1519355318048547124,walls,cim,1050,20,12,1,4,916458,8738,30571
1519355318048547124,walls,cim,1050,20,13,1,4,857750,8738,26395
13296617815871271987,walls,brute_force,1050,20,1,1,5,8341791,8716,550725
13296617815871271987,walls,cim,1050,20,2,1,5,8302667,8716,550725
13296617815871271987,walls,cim,1050,20,3,1,5,5333541,8716,337302
13296617815871271987,walls,cim,1050,20,4,1,5,3459042,8716,217376
13296617815871271987,walls,cim,1050,20,5,1,5,2571584,8716,149706
13296617815871271987,walls,cim,1050,20,6,1,5,1971083,8716,108953
13296617815871271987,walls,cim,1050,20,7,1,5,1613459,8716,83105
13296617815871271987,walls,cim,1050,20,8,1,5,1370583,8716,65269
13296617815871271987,walls,cim,1050,20,9,1,5,1214250,8716,52630
13296617815871271987,walls,cim,1050,20,10,1,5,1140458,8716,43131
13296617815871271987,walls,cim,1050,20,11,1,5,950542,8716,35970
13296617815871271987,walls,cim,1050,20,12,1,5,891291,8716,30612
13296617815871271987,walls,cim,1050,20,13,1,5,839416,8716,26267
240512582150483038,walls,brute_force,1050,20,1,1,6,8054208,8694,550725
240512582150483038,walls,cim,1050,20,2,1,6,8068583,8694,550725
240512582150483038,walls,cim,1050,20,3,1,6,5034709,8694,337289
240512582150483038,walls,cim,1050,20,4,1,6,3486583,8694,217176
240512582150483038,walls,cim,1050,20,5,1,6,2642084,8694,150593
240512582150483038,walls,cim,1050,20,6,1,6,2193041,8694,108953
240512582150483038,walls,cim,1050,20,7,1,6,1711209,8694,83240
240512582150483038,walls,cim,1050,20,8,1,6,1400833,8694,65167
240512582150483038,walls,cim,1050,20,9,1,6,1190417,8694,52589
240512582150483038,walls,cim,1050,20,10,1,6,1038083,8694,43174
240512582150483038,walls,cim,1050,20,11,1,6,971125,8694,36009
240512582150483038,walls,cim,1050,20,12,1,6,942209,8694,30653
240512582150483038,walls,cim,1050,20,13,1,6,841667,8694,26315
15266009466733402192,walls,brute_force,1050,20,1,1,7,8419834,8712,550725
15266009466733402192,walls,cim,1050,20,2,1,7,8160917,8712,550725
15266009466733402192,walls,cim,1050,20,3,1,7,5271000,8712,338200
15266009466733402192,walls,cim,1050,20,4,1,7,3490250,8712,218441
15266009466733402192,walls,cim,1050,20,5,1,7,2776708,8712,151110
15266009466733402192,walls,cim,1050,20,6,1,7,1997416,8712,110499
15266009466733402192,walls,cim,1050,20,7,1,7,1687875,8712,84177
15266009466733402192,walls,cim,1050,20,8,1,7,1423625,8712,65485
15266009466733402192,walls,cim,1050,20,9,1,7,1190917,8712,53037
15266009466733402192,walls,cim,1050,20,10,1,7,1110458,8712,43255
15266009466733402192,walls,cim,1050,20,11,1,7,956250,8712,36164
15266009466733402192,walls,cim,1050,20,12,1,7,896000,8712,30680
15266009466733402192,walls,cim,1050,20,13,1,7,837625,8712,26248
15966898396150643309,walls,brute_force,1050,20,1,1,8,8576458,8676,550725
15966898396150643309,walls,cim,1050,20,2,1,8,8487583,8676,550725
15966898396150643309,walls,cim,1050,20,3,1,8,17657583,8676,333803
15966898396150643309,walls,cim,1050,20,4,1,8,3589125,8676,215755
15966898396150643309,walls,cim,1050,20,5,1,8,2670041,8676,149001
15966898396150643309,walls,cim,1050,20,6,1,8,2144167,8676,109575
15966898396150643309,walls,cim,1050,20,7,1,8,1615125,8676,83059
15966898396150643309,walls,cim,1050,20,8,1,8,1430750,8676,65262
15966898396150643309,walls,cim,1050,20,9,1,8,1374208,8676,52428
15966898396150643309,walls,cim,1050,20,10,1,8,1065584,8676,43159
15966898396150643309,walls,cim,1050,20,11,1,8,1004792,8676,36046
15966898396150643309,walls,cim,1050,20,12,1,8,930917,8676,30567
15966898396150643309,walls,cim,1050,20,13,1,8,859500,8676,26160
4478759841948940198,walls,brute_force,1050,20,1,1,9,8198500,8742,550725
4478759841948940198,walls,cim,1050,20,2,1,9,8246875,8742,550725
4478759841948940198,walls,cim,1050,20,3,1,9,5251250,8742,331460
4478759841948940198,walls,cim,1050,20,4,1,9,3576750,8742,215637
4478759841948940198,walls,cim,1050,20,5,1,9,2592542,8742,149531
4478759841948940198,walls,cim,1050,20,6,1,9,2207916,8742,109095
4478759841948940198,walls,cim,1050,20,7,1,9,1789208,8742,83212
4478759841948940198,walls,cim,1050,20,8,1,9,1365166,8742,65232
4478759841948940198,walls,cim,1050,20,9,1,9,1287041,8742,52641
4478759841948940198,walls,cim,1050,20,10,1,9,1063167,8742,43359
4478759841948940198,walls,cim,1050,20,11,1,9,1001334,8742,36144
4478759841948940198,walls,cim,1050,20,12,1,9,943917,8742,30578
4478759841948940198,walls,cim,1050,20,13,1,9,869292,8742,26266
4281710781064071352,walls,brute_force,1050,20,1,1,10,8419208,8716,550725
4281710781064071352,walls,cim,1050,20,2,1,10,8216292,8716,550725
4281710781064071352,walls,cim,1050,20,3,1,10,5290250,8716,334390
4281710781064071352,walls,cim,1050,20,4,1,10,3470125,8716,216710
4281710781064071352,walls,cim,1050,20,5,1,10,2655208,8716,150083
4281710781064071352,walls,cim,1050,20,6,1,10,2169291,8716,109987
4281710781064071352,walls,cim,1050,20,7,1,10,1711583,8716,83578
4281710781064071352,walls,cim,1050,20,8,1,10,1478500,8716,65648
4281710781064071352,walls,cim,1050,20,9,1,10,1248125,8716,52688
4281710781064071352,walls,cim,1050,20,10,1,10,1051083,8716,43253
4281710781064071352,walls,cim,1050,20,11,1,10,996083,8716,35953
4281710781064071352,walls,cim,1050,20,12,1,10,1000875,8716,30467
4281710781064071352,walls,cim,1050,20,13,1,10,877958,8716,26071
9514439818844536939,walls,brute_force,1050,20,1,1,11,9596417,8712,550725
9514439818844536939,walls,cim,1050,20,2,1,11,8494250,8712,550725
9514439818844536939,walls,cim,1050,20,3,1,11,5147125,8712,335917
9514439818844536939,walls,cim,1050,20,4,1,11,3876042,8712,217138
9514439818844536939,walls,cim,1050,20,5,1,11,3289917,8712,150624
9514439818844536939,walls,cim,1050,20,6,1,11,2184417,8712,110207
9514439818844536939,walls,cim,1050,20,7,1,11,1864917,8712,84154
9514439818844536939,walls,cim,1050,20,8,1,11,1368041,8712,65438
9514439818844536939,walls,cim,1050,20,9,1,11,1247291,8712,52783
9514439818844536939,walls,cim,1050,20,10,1,11,1347708,8712,43174
9514439818844536939,walls,cim,1050,20,11,1,11,1326083,8712,36058
9514439818844536939,walls,cim,1050,20,12,1,11,2024583,8712,30697
9514439818844536939,walls,cim,1050,20,13,1,11,1162250,8712,26359
4256887904777895119,walls,brute_force,1050,20,1,1,12,8195791,8678,550725
4256887904777895119,walls,cim,1050,20,2,1,12,8040750,8678,550725
4256887904777895119,walls,cim,1050,20,3,1,12,5080292,8678,335241
4256887904777895119,walls,cim,1050,20,4,1,12,3543917,8678,218160
4256887904777895119,walls,cim,1050,20,5,1,12,2692042,8678,149702
4256887904777895119,walls,cim,1050,20,6,1,12,2126666,8678,108849
4256887904777895119,walls,cim,1050,20,7,1,12,1709875,8678,83069
4256887904777895119,walls,cim,1050,20,8,1,12,1371084,8678,65178
4256887904777895119,walls,cim,1050,20,9,1,12,1188792,8678,52597
4256887904777895119,walls,cim,1050,20,10,1,12,1153625,8678,43010
4256887904777895119,walls,cim,1050,20,11,1,12,996541,8678,36081
4256887904777895119,walls,cim,1050,20,12,1,12,912292,8678,30541
4256887904777895119,walls,cim,1050,20,13,1,12,878333,8678,26176
5262954316072413352,walls,brute_force,1050,20,1,1,13,8488083,8722,550725
5262954316072413352,walls,cim,1050,20,2,1,13,8522333,8722,550725
5262954316072413352,walls,cim,1050,20,3,1,13,5229208,8722,334549
5262954316072413352,walls,cim,1050,20,4,1,13,3517958,8722,216377
5262954316072413352,walls,cim,1050,20,5,1,13,2598750,8722,150370
5262954316072413352,walls,cim,1050,20,6,1,13,2159792,8722,109491
5262954316072413352,walls,cim,1050,20,7,1,13,1678291,8722,83189
5262954316072413352,walls,cim,1050,20,8,1,13,1419250,8722,65164
5262954316072413352,walls,cim,1050,20,9,1,13,1244167,8722,52821
5262954316072413352,walls,cim,1050,20,10,1,13,1064500,8722,43062
5262954316072413352,walls,cim,1050,20,11,1,13,1070167,8722,36203
5262954316072413352,walls,cim,1050,20,12,1,13,918625,8722,30753
5262954316072413352,walls,cim,1050,20,13,1,13,883375,8722,26273
14762939630291542764,walls,brute_force,1050,20,1,1,14,8280208,8722,550725
14762939630291542764,walls,cim,1050,20,2,1,14,8257291,8722,550725
14762939630291542764,walls,cim,1050,20,3,1,14,5215791,8722,336042
14762939630291542764,walls,cim,1050,20,4,1,14,3700625,8722,218987
14762939630291542764,walls,cim,1050,20,5,1,14,2632792,8722,150909
14762939630291542764,walls,cim,1050,20,6,1,14,2038167,8722,110925
14762939630291542764,walls,cim,1050,20,7,1,14,1697708,8722,84017
14762939630291542764,walls,cim,1050,20,8,1,14,1388583,8722,65451
14762939630291542764,walls,cim,1050,20,9,1,14,1219500,8722,52772
14762939630291542764,walls,cim,1050,20,10,1,14,1143041,8722,43483
14762939630291542764,walls,cim,1050,20,11,1,14,969291,8722,36186
14762939630291542764,walls,cim,1050,20,12,1,14,905916,8722,30625
14762939630291542764,walls,cim,1050,20,13,1,14,920250,8722,26320
5608598250756011315,walls,brute_force,1050,20,1,1,15,8448125,8726,550725
5608598250756011315,walls,cim,1050,20,2,1,15,8289667,8726,550725
5608598250756011315,walls,cim,1050,20,3,1,15,5127584,8726,337323
5608598250756011315,walls,cim,1050,20,4,1,15,3549291,8726,216204
5608598250756011315,walls,cim,1050,20,5,1,15,2754208,8726,149979
5608598250756011315,walls,cim,1050,20,6,1,15,2058125,8726,110051
5608598250756011315,walls,cim,1050,20,7,1,15,1649583,8726,83487
5608598250756011315,walls,cim,1050,20,8,1,15,1401083,8726,65382
5608598250756011315,walls,cim,1050,20,9,1,15,1249416,8726,52929
5608598250756011315,walls,cim,1050,20,10,1,15,1113500,8726,43292
5608598250756011315,walls,cim,1050,20,11,1,15,1029875,8726,36451
5608598250756011315,walls,cim,1050,20,12,1,15,929583,8726,30705
5608598250756011315,walls,cim,1050,20,13,1,15,852875,8726,26356
10525651485148014341,walls,brute_force,1050,20,1,1,16,8287458,8689,550725
10525651485148014341,walls,cim,1050,20,2,1,16,8255958,8689,550725
10525651485148014341,walls,cim,1050,20,3,1,16,5173958,8689,335803
10525651485148014341,walls,cim,1050,20,4,1,16,3666000,8689,217282
10525651485148014341,walls,cim,1050,20,5,1,16,2586083,8689,150198
10525651485148014341,walls,cim,1050,20,6,1,16,2033709,8689,109563
10525651485148014341,walls,cim,1050,20,7,1,16,1690750,8689,83630
10525651485148014341,walls,cim,1050,20,8,1,16,1488333,8689,65267
10525651485148014341,walls,cim,1050,20,9,1,16,1198000,8689,52844
10525651485148014341,walls,cim,1050,20,10,1,16,1054167,8689,43152
10525651485148014341,walls,cim,1050,20,11,1,16,963167,8689,36336
10525651485148014341,walls,cim,1050,20,12,1,16,958000,8689,30594
10525651485148014341,walls,cim,1050,20,13,1,16,882917,8689,26320
13401640267913309985,walls,brute_force,1050,20,1,1,17,8432167,8722,550725
13401640267913309985,walls,cim,1050,20,2,1,17,8393916,8722,550725
13401640267913309985,walls,cim,1050,20,3,1,17,5307333,8722,333932
13401640267913309985,walls,cim,1050,20,4,1,17,3527625,8722,215440
13401640267913309985,walls,cim,1050,20,5,1,17,2658791,8722,149728
13401640267913309985,walls,cim,1050,20,6,1,17,2160208,8722,109550
13401640267913309985,walls,cim,1050,20,7,1,17,1763084,8722,83170
13401640267913309985,walls,cim,1050,20,8,1,17,1449208,8722,65057
13401640267913309985,walls,cim,1050,20,9,1,17,1384125,8722,52214
13401640267913309985,walls,cim,1050,20,10,1,17,1063792,8722,42808
13401640267913309985,walls,cim,1050,20,11,1,17,1035208,8722,36119
13401640267913309985,walls,cim,1050,20,12,1,17,931167,8722,30457
13401640267913309985,walls,cim,1050,20,13,1,17,946959,8722,26155
253263002120924456,walls,brute_force,1050,20,1,1,18,8423000,8744,550725
253263002120924456,walls,cim,1050,20,2,1,18,8182958,8744,550725
253263002120924456,walls,cim,1050,20,3,1,18,5065500,8744,333340
253263002120924456,walls,cim,1050,20,4,1,18,3558833,8744,216065
253263002120924456,walls,cim,1050,20,5,1,18,2591208,8744,149669
253263002120924456,walls,cim,1050,20,6,1,18,1994166,8744,109430
253263002120924456,walls,cim,1050,20,7,1,18,1664833,8744,83009
253263002120924456,walls,cim,1050,20,8,1,18,1377708,8744,65424
253263002120924456,walls,cim,1050,20,9,1,18,1217375,8744,52641
253263002120924456,walls,cim,1050,20,10,1,18,1074375,8744,43096
253263002120924456,walls,cim,1050,20,11,1,18,996708,8744,36146
253263002120924456,walls,cim,1050,20,12,1,18,895000,8744,30661
253263002120924456,walls,cim,1050,20,13,1,18,909625,8744,26329
16363343598972459287,walls,brute_force,1050,20,1,1,19,8069208,8745,550725
16363343598972459287,walls,cim,1050,20,2,1,19,8161917,8745,550725
16363343598972459287,walls,cim,1050,20,3,1,19,5082334,8745,332832
16363343598972459287,walls,cim,1050,20,4,1,19,3511208,8745,215305
16363343598972459287,walls,cim,1050,20,5,1,19,2543667,8745,150456
16363343598972459287,walls,cim,1050,20,6,1,19,2052917,8745,109600
16363343598972459287,walls,cim,1050,20,7,1,19,1619125,8745,83258
16363343598972459287,walls,cim,1050,20,8,1,19,1361375,8745,65571
16363343598972459287,walls,cim,1050,20,9,1,19,1167125,8745,52447
16363343598972459287,walls,cim,1050,20,10,1,19,1069875,8745,43453
16363343598972459287,walls,cim,1050,20,11,1,19,970875,8745,36220
16363343598972459287,walls,cim,1050,20,12,1,19,924709,8745,30460
16363343598972459287,walls,cim,1050,20,13,1,19,839542,8745,26380
5751477200893471992,walls,brute_force,1050,20,1,1,20,8276500,8633,550725
5751477200893471992,walls,cim,1050,20,2,1,20,8062709,8633,550725
5751477200893471992,walls,cim,1050,20,3,1,20,5009959,8633,333218
5751477200893471992,walls,cim,1050,20,4,1,20,3458334,8633,215013
5751477200893471992,walls,cim,1050,20,5,1,20,2592917,8633,149066
5751477200893471992,walls,cim,1050,20,6,1,20,2099125,8633,109168
5751477200893471992,walls,cim,1050,20,7,1,20,1619167,8633,82687
5751477200893471992,walls,cim,1050,20,8,1,20,1471708,8633,65101
5751477200893471992,walls,cim,1050,20,9,1,20,1182166,8633,52487
5751477200893471992,walls,cim,1050,20,10,1,20,1054125,8633,42982
5751477200893471992,walls,cim,1050,20,11,1,20,986125,8633,36051
5751477200893471992,walls,cim,1050,20,12,1,20,892500,8633,30492
5751477200893471992,walls,cim,1050,20,13,1,20,830625,8633,26122
6933860474038052051,walls,brute_force,1050,20,1,1,21,8189042,8682,550725
6933860474038052051,walls,cim,1050,20,2,1,21,8346125,8682,550725
6933860474038052051,walls,cim,1050,20,3,1,21,5158750,8682,335082
6933860474038052051,walls,cim,1050,20,4,1,21,3602542,8682,214712
6933860474038052051,walls,cim,1050,20,5,1,21,2520209,8682,149631
6933860474038052051,walls,cim,1050,20,6,1,21,2084916,8682,109188
6933860474038052051,walls,cim,1050,20,7,1,21,1649834,8682,82899
6933860474038052051,walls,cim,1050,20,8,1,21,1384875,8682,65235
6933860474038052051,walls,cim,1050,20,9,1,21,1214375,8682,52699
6933860474038052051,walls,cim,1050,20,10,1,21,1045208,8682,43165
6933860474038052051,walls,cim,1050,20,11,1,21,1019834,8682,36200
6933860474038052051,walls,cim,1050,20,12,1,21,921500,8682,30686
6933860474038052051,walls,cim,1050,20,13,1,21,837000,8682,26365
11057279191694337313,walls,brute_force,1050,20,1,1,22,8298541,8715,550725
11057279191694337313,walls,cim,1050,20,2,1,22,8218833,8715,550725
11057279191694337313,walls,cim,1050,20,3,1,22,5157208,8715,334844
11057279191694337313,walls,cim,1050,20,4,1,22,3493166,8715,216273
11057279191694337313,walls,cim,1050,20,5,1,22,2709291,8715,150599
11057279191694337313,walls,cim,1050,20,6,1,22,2032333,8715,109698
11057279191694337313,walls,cim,1050,20,7,1,22,1664334,8715,83265
11057279191694337313,walls,cim,1050,20,8,1,22,1425750,8715,65369
11057279191694337313,walls,cim,1050,20,9,1,22,1219791,8715,52551
11057279191694337313,walls,cim,1050,20,10,1,22,1046125,8715,43266
11057279191694337313,walls,cim,1050,20,11,1,22,953875,8715,36152
11057279191694337313,walls,cim,1050,20,12,1,22,891958,8715,30576
11057279191694337313,walls,cim,1050,20,13,1,22,837500,8715,26195
6583473679071967418,walls,brute_force,1050,20,1,1,23,8278834,8678,550725
6583473679071967418,walls,cim,1050,20,2,1,23,8104125,8678,550725
6583473679071967418,walls,cim,1050,20,3,1,23,5076542,8678,333172
6583473679071967418,walls,cim,1050,20,4,1,23,3468791,8678,215285
6583473679071967418,walls,cim,1050,20,5,1,23,2729709,8678,149863
6583473679071967418,walls,cim,1050,20,6,1,23,2122542,8678,109412
6583473679071967418,walls,cim,1050,20,7,1,23,1788583,8678,82910
6583473679071967418,walls,cim,1050,20,8,1,23,3385791,8678,65380
6583473679071967418,walls,cim,1050,20,9,1,23,2365208,8678,52380
6583473679071967418,walls,cim,1050,20,10,1,23,3041833,8678,43264
6583473679071967418,walls,cim,1050,20,11,1,23,1019125,8678,36012
6583473679071967418,walls,cim,1050,20,12,1,23,1791292,8678,30553
6583473679071967418,walls,cim,1050,20,13,1,23,904583,8678,26319
5639852810524783671,walls,brute_force,1050,20,1,1,24,8516416,8727,550725
5639852810524783671,walls,cim,1050,20,2,1,24,8170083,8727,550725
5639852810524783671,walls,cim,1050,20,3,1,24,5148125,8727,334855
5639852810524783671,walls,cim,1050,20,4,1,24,3498792,8727,215823
5639852810524783671,walls,cim,1050,20,5,1,24,2541000,8727,149838
5639852810524783671,walls,cim,1050,20,6,1,24,2041000,8727,109458
5639852810524783671,walls,cim,1050,20,7,1,24,1677500,8727,83238
5639852810524783671,walls,cim,1050,20,8,1,24,1387333,8727,65535
5639852810524783671,walls,cim,1050,20,9,1,24,1296334,8727,52583
5639852810524783671,walls,cim,1050,20,10,1,24,1057750,8727,43334
5639852810524783671,walls,cim,1050,20,11,1,24,980667,8727,36031
5639852810524783671,walls,cim,1050,20,12,1,24,933708,8727,30623
5639852810524783671,walls,cim,1050,20,13,1,24,866000,8727,26317
15322181084265324662,walls,brute_force,1050,20,1,1,25,8213584,8737,550725
15322181084265324662,walls,cim,1050,20,2,1,25,8281250,8737,550725
15322181084265324662,walls,cim,1050,20,3,1,25,5175333,8737,337543
15322181084265324662,walls,cim,1050,20,4,1,25,3566708,8737,216889
15322181084265324662,walls,cim,1050,20,5,1,25,2564334,8737,150793
15322181084265324662,walls,cim,1050,20,6,1,25,2123084,8737,110031
15322181084265324662,walls,cim,1050,20,7,1,25,1664708,8737,83626
15322181084265324662,walls,cim,1050,20,8,1,25,1463167,8737,65557
15322181084265324662,walls,cim,1050,20,9,1,25,1181000,8737,52639
15322181084265324662,walls,cim,1050,20,10,1,25,1053459,8737,43278
15322181084265324662,walls,cim,1050,20,11,1,25,1009542,8737,36115
15322181084265324662,walls,cim,1050,20,12,1,25,893750,8737,30734
15322181084265324662,walls,cim,1050,20,13,1,25,856417,8737,26206
15169849819758152395,walls,brute_force,1050,20,1,1,26,8327083,8711,550725
15169849819758152395,walls,cim,1050,20,2,1,26,8175291,8711,550725
15169849819758152395,walls,cim,1050,20,3,1,26,5086208,8711,332417
15169849819758152395,walls,cim,1050,20,4,1,26,3647042,8711,217094
15169849819758152395,walls,cim,1050,20,5,1,26,2586042,8711,150067
15169849819758152395,walls,cim,1050,20,6,1,26,2051291,8711,109456
15169849819758152395,walls,cim,1050,20,7,1,26,1658042,8711,83284
15169849819758152395,walls,cim,1050,20,8,1,26,1433500,8711,65445
15169849819758152395,walls,cim,1050,20,9,1,26,1196834,8711,52775
15169849819758152395,walls,cim,1050,20,10,1,26,1055792,8711,43223
15169849819758152395,walls,cim,1050,20,11,1,26,967459,8711,36190
15169849819758152395,walls,cim,1050,20,12,1,26,888542,8711,30624
15169849819758152395,walls,cim,1050,20,13,1,26,850625,8711,26185
4358632039663579715,walls,brute_force,1050,20,1,1,27,8182625,8813,550725
4358632039663579715,walls,cim,1050,20,2,1,27,8176166,8813,550725
4358632039663579715,walls,cim,1050,20,3,1,27,5098584,8813,335205
4358632039663579715,walls,cim,1050,20,4,1,27,3635334,8813,215764
4358632039663579715,walls,cim,1050,20,5,1,27,2576291,8813,150485
4358632039663579715,walls,cim,1050,20,6,1,27,2030083,8813,109766
4358632039663579715,walls,cim,1050,20,7,1,27,1783583,8813,83412
4358632039663579715,walls,cim,1050,20,8,1,27,1369375,8813,65480
4358632039663579715,walls,cim,1050,20,9,1,27,1214792,8813,52818
4358632039663579715,walls,cim,1050,20,10,1,27,1081084,8813,43283
4358632039663579715,walls,cim,1050,20,11,1,27,985667,8813,36262
4358632039663579715,walls,cim,1050,20,12,1,27,915834,8813,30698
4358632039663579715,walls,cim,1050,20,13,1,27,862291,8813,26357
14280248640751984954,walls,brute_force,1050,20,1,1,28,8193834,8705,550725
14280248640751984954,walls,cim,1050,20,2,1,28,7918500,8705,550725
14280248640751984954,walls,cim,1050,20,3,1,28,5181833,8705,333582
14280248640751984954,walls,cim,1050,20,4,1,28,3417375,8705,216195
14280248640751984954,walls,cim,1050,20,5,1,28,2704666,8705,149283
14280248640751984954,walls,cim,1050,20,6,1,28,2165084,8705,109581
14280248640751984954,walls,cim,1050,20,7,1,28,1660667,8705,83581
14280248640751984954,walls,cim,1050,20,8,1,28,1400167,8705,65290
14280248640751984954,walls,cim,1050,20,9,1,28,1231417,8705,52592
14280248640751984954,walls,cim,1050,20,10,1,28,1110459,8705,43222
14280248640751984954,walls,cim,1050,20,11,1,28,971958,8705,36187
14280248640751984954,walls,cim,1050,20,12,1,28,894250,8705,30618
14280248640751984954,walls,cim,1050,20,13,1,28,853292,8705,26319
2422055620474475097,walls,brute_force,1050,20,1,1,29,8505834,8765,550725
2422055620474475097,walls,cim,1050,20,2,1,29,8085708,8765,550725
2422055620474475097,walls,cim,1050,20,3,1,29,5277750,8765,336012
2422055620474475097,walls,cim,1050,20,4,1,29,3544583,8765,216222
2422055620474475097,walls,cim,1050,20,5,1,29,2665958,8765,150194
2422055620474475097,walls,cim,1050,20,6,1,29,1996083,8765,109605
2422055620474475097,walls,cim,1050,20,7,1,29,1625166,8765,83126
2422055620474475097,walls,cim,1050,20,8,1,29,1442208,8765,65476
2422055620474475097,walls,cim,1050,20,9,1,29,1283709,8765,52589
2422055620474475097,walls,cim,1050,20,10,1,29,1066833,8765,43264
2422055620474475097,walls,cim,1050,20,11,1,29,991458,8765,36133
2422055620474475097,walls,cim,1050,20,12,1,29,909708,8765,30554
2422055620474475097,walls,cim,1050,20,13,1,29,859583,8765,26343
1243781901428286119,walls,brute_force,1050,20,1,1,30,8208750,8694,550725
1243781901428286119,walls,cim,1050,20,2,1,30,8019875,8694,550725
1243781901428286119,walls,cim,1050,20,3,1,30,5135625,8694,333222
1243781901428286119,walls,cim,1050,20,4,1,30,3598042,8694,215499
1243781901428286119,walls,cim,1050,20,5,1,30,2497709,8694,149457
1243781901428286119,walls,cim,1050,20,6,1,30,2113916,8694,108685
1243781901428286119,walls,cim,1050,20,7,1,30,1651667,8694,82863
1243781901428286119,walls,cim,1050,20,8,1,30,1357458,8694,65423
1243781901428286119,walls,cim,1050,20,9,1,30,1172584,8694,52339
1243781901428286119,walls,cim,1050,20,10,1,30,1107208,8694,43235
1243781901428286119,walls,cim,1050,20,11,1,30,972250,8694,36090
1243781901428286119,walls,cim,1050,20,12,1,30,933708,8694,30538
1243781901428286119,walls,cim,1050,20,13,1,30,862042,8694,26239
15001067854390440479,walls,brute_force,1050,20,1,1,31,8359125,8742,550725
15001067854390440479,walls,cim,1050,20,2,1,31,8105417,8742,550725
15001067854390440479,walls,cim,1050,20,3,1,31,5159292,8742,335449
15001067854390440479,walls,cim,1050,20,4,1,31,3500750,8742,215693
15001067854390440479,walls,cim,1050,20,5,1,31,2714083,8742,149537
15001067854390440479,walls,cim,1050,20,6,1,31,2078208,8742,108807
15001067854390440479,walls,cim,1050,20,7,1,31,1687666,8742,83221
15001067854390440479,walls,cim,1050,20,8,1,31,1426083,8742,65684
15001067854390440479,walls,cim,1050,20,9,1,31,1266084,8742,52585
15001067854390440479,walls,cim,1050,20,10,1,31,1047667,8742,43166
15001067854390440479,walls,cim,1050,20,11,1,31,996625,8742,36078
15001067854390440479,walls,cim,1050,20,12,1,31,891333,8742,30511
15001067854390440479,walls,cim,1050,20,13,1,31,834208,8742,26226
6348472342399306115,walls,brute_force,1050,20,1,1,32,8402834,8740,550725
6348472342399306115,walls,cim,1050,20,2,1,32,8135917,8740,550725
6348472342399306115,walls,cim,1050,20,3,1,32,5278708,8740,336944
6348472342399306115,walls,cim,1050,20,4,1,32,3458666,8740,217502
6348472342399306115,walls,cim,1050,20,5,1,32,2596459,8740,151001
6348472342399306115,walls,cim,1050,20,6,1,32,2016250,8740,109644
6348472342399306115,walls,cim,1050,20,7,1,32,1640000,8740,83504
6348472342399306115,walls,cim,1050,20,8,1,32,1417125,8740,65539
6348472342399306115,walls,cim,1050,20,9,1,32,1193042,8740,52785
6348472342399306115,walls,cim,1050,20,10,1,32,1065792,8740,43092
6348472342399306115,walls,cim,1050,20,11,1,32,1010083,8740,36283
6348472342399306115,walls,cim,1050,20,12,1,32,926417,8740,30727
6348472342399306115,walls,cim,1050,20,13,1,32,862250,8740,26378
11211256629334559576,walls,brute_force,1050,20,1,1,33,8262834,8718,550725
11211256629334559576,walls,cim,1050,20,2,1,33,8142292,8718,550725
11211256629334559576,walls,cim,1050,20,3,1,33,5115833,8718,335551
11211256629334559576,walls,cim,1050,20,4,1,33,3532209,8718,215886
11211256629334559576,walls,cim,1050,20,5,1,33,2586333,8718,150880
11211256629334559576,walls,cim,1050,20,6,1,33,2108459,8718,109441
11211256629334559576,walls,cim,1050,20,7,1,33,1674959,8718,83084
11211256629334559576,walls,cim,1050,20,8,1,33,1399958,8718,65475
11211256629334559576,walls,cim,1050,20,9,1,33,1192042,8718,52510
11211256629334559576,walls,cim,1050,20,10,1,33,1037875,8718,42885
11211256629334559576,walls,cim,1050,20,11,1,33,1019583,8718,36268
11211256629334559576,walls,cim,1050,20,12,1,33,923084,8718,30509
11211256629334559576,walls,cim,1050,20,13,1,33,933333,8718,26166
18160852529447457355,walls,brute_force,1050,20,1,1,34,8159875,8724,550725
18160852529447457355,walls,cim,1050,20,2,1,34,8077417,8724,550725
18160852529447457355,walls,cim,1050,20,3,1,34,5154500,8724,337281
18160852529447457355,walls,cim,1050,20,4,1,34,3519167,8724,220545
18160852529447457355,walls,cim,1050,20,5,1,34,2585917,8724,151621
18160852529447457355,walls,cim,1050,20,6,1,34,2012417,8724,110716
18160852529447457355,walls,cim,1050,20,7,1,34,1693666,8724,84188
18160852529447457355,walls,cim,1050,20,8,1,34,1411291,8724,65978
18160852529447457355,walls,cim,1050,20,9,1,34,1220125,8724,53216
18160852529447457355,walls,cim,1050,20,10,1,34,1051250,8724,43516
18160852529447457355,walls,cim,1050,20,11,1,34,982542,8724,36209
18160852529447457355,walls,cim,1050,20,12,1,34,961750,8724,30771
18160852529447457355,walls,cim,1050,20,13,1,34,878541,8724,26341
6868320001118703478,walls,brute_force,1050,20,1,1,35,8132042,8756,550725
6868320001118703478,walls,cim,1050,20,2,1,35,8053375,8756,550725
6868320001118703478,walls,cim,1050,20,3,1,35,5247750,8756,332528
6868320001118703478,walls,cim,1050,20,4,1,35,3563709,8756,215964
6868320001118703478,walls,cim,1050,20,5,1,35,2566250,8756,149298
6868320001118703478,walls,cim,1050,20,6,1,35,2015542,8756,109142
6868320001118703478,walls,cim,1050,20,7,1,35,1618125,8756,83248
6868320001118703478,walls,cim,1050,20,8,1,35,1350833,8756,65081
6868320001118703478,walls,cim,1050,20,9,1,35,1338875,8756,52549
6868320001118703478,walls,cim,1050,20,10,1,35,1077459,8756,43298
6868320001118703478,walls,cim,1050,20,11,1,35,997375,8756,36025
6868320001118703478,walls,cim,1050,20,12,1,35,928834,8756,30709
6868320001118703478,walls,cim,1050,20,13,1,35,862375,8756,26271
234804524523740720,walls,brute_force,1050,20,1,1,36,8391334,8733,550725
234804524523740720,walls,cim,1050,20,2,1,36,8306791,8733,550725
234804524523740720,walls,cim,1050,20,3,1,36,5132500,8733,339238
234804524523740720,walls,cim,1050,20,4,1,36,3523250,8733,218818
234804524523740720,walls,cim,1050,20,5,1,36,2626667,8733,150983
234804524523740720,walls,cim,1050,20,6,1,36,2116375,8733,109982
234804524523740720,walls,cim,1050,20,7,1,36,1629334,8733,84052
234804524523740720,walls,cim,1050,20,8,1,36,1382834,8733,65809
234804524523740720,walls,cim,1050,20,9,1,36,1191041,8733,52878
234804524523740720,walls,cim,1050,20,10,1,36,1159458,8733,43496
234804524523740720,walls,cim,1050,20,11,1,36,971500,8733,36220
234804524523740720,walls,cim,1050,20,12,1,36,896625,8733,30776
234804524523740720,walls,cim,1050,20,13,1,36,867833,8733,26386
9392151969931637130,walls,brute_force,1050,20,1,1,37,8608458,8815,550725
9392151969931637130,walls,cim,1050,20,2,1,37,8373625,8815,550725
9392151969931637130,walls,cim,1050,20,3,1,37,5273833,8815,334849
9392151969931637130,walls,cim,1050,20,4,1,37,3595584,8815,216436
9392151969931637130,walls,cim,1050,20,5,1,37,2644417,8815,150422
9392151969931637130,walls,cim,1050,20,6,1,37,1985916,8815,109589
9392151969931637130,walls,cim,1050,20,7,1,37,1700292,8815,83401
9392151969931637130,walls,cim,1050,20,8,1,37,1405958,8815,65530
9392151969931637130,walls,cim,1050,20,9,1,37,1262791,8815,52787
9392151969931637130,walls,cim,1050,20,10,1,37,1108291,8815,43436
9392151969931637130,walls,cim,1050,20,11,1,37,1028958,8815,36199
9392151969931637130,walls,cim,1050,20,12,1,37,927958,8815,30513
9392151969931637130,walls,cim,1050,20,13,1,37,854125,8815,26416
4513180808584350942,walls,brute_force,1050,20,1,1,38,8358208,8747,550725
4513180808584350942,walls,cim,1050,20,2,1,38,17900250,8747,550725
4513180808584350942,walls,cim,1050,20,3,1,38,7411500,8747,335899
4513180808584350942,walls,cim,1050,20,4,1,38,3525792,8747,216712
4513180808584350942,walls,cim,1050,20,5,1,38,2614917,8747,151052
4513180808584350942,walls,cim,1050,20,6,1,38,2115000,8747,110545
4513180808584350942,walls,cim,1050,20,7,1,38,1773833,8747,83789
4513180808584350942,walls,cim,1050,20,8,1,38,1448917,8747,65971
4513180808584350942,walls,cim,1050,20,9,1,38,1226667,8747,53241
4513180808584350942,walls,cim,1050,20,10,1,38,1202333,8747,43594
4513180808584350942,walls,cim,1050,20,11,1,38,1037375,8747,36410
4513180808584350942,walls,cim,1050,20,12,1,38,902292,8747,30773
4513180808584350942,walls,cim,1050,20,13,1,38,882166,8747,26372
13645431755785643362,walls,brute_force,1050,20,1,1,39,8310250,8693,550725
13645431755785643362,walls,cim,1050,20,2,1,39,8312625,8693,550725
13645431755785643362,walls,cim,1050,20,3,1,39,5227417,8693,333926
13645431755785643362,walls,cim,1050,20,4,1,39,3592750,8693,217030
13645431755785643362,walls,cim,1050,20,5,1,39,2564542,8693,149278
13645431755785643362,walls,cim,1050,20,6,1,39,2018542,8693,109623
13645431755785643362,walls,cim,1050,20,7,1,39,1754167,8693,83418
13645431755785643362,walls,cim,1050,20,8,1,39,1407875,8693,65661
13645431755785643362,walls,cim,1050,20,9,1,39,1202833,8693,52523
13645431755785643362,walls,cim,1050,20,10,1,39,1090125,8693,43336
13645431755785643362,walls,cim,1050,20,11,1,39,985041,8693,36084
13645431755785643362,walls,cim,1050,20,12,1,39,893291,8693,30508
13645431755785643362,walls,cim,1050,20,13,1,39,888708,8693,26294
15127870560169027970,walls,brute_force,1050,20,1,1,40,8352625,8733,550725
15127870560169027970,walls,cim,1050,20,2,1,40,8439667,8733,550725
15127870560169027970,walls,cim,1050,20,3,1,40,5189917,8733,335436
15127870560169027970,walls,cim,1050,20,4,1,40,3497500,8733,216858
15127870560169027970,walls,cim,1050,20,5,1,40,2579583,8733,150267
15127870560169027970,walls,cim,1050,20,6,1,40,2202750,8733,109981
15127870560169027970,walls,cim,1050,20,7,1,40,1658292,8733,83040
15127870560169027970,walls,cim,1050,20,8,1,40,1420000,8733,65517
15127870560169027970,walls,cim,1050,20,9,1,40,1207708,8733,52634
15127870560169027970,walls,cim,1050,20,10,1,40,1059833,8733,43351
15127870560169027970,walls,cim,1050,20,11,1,40,994666,8733,36352
15127870560169027970,walls,cim,1050,20,12,1,40,915125,8733,30661
15127870560169027970,walls,cim,1050,20,13,1,40,864959,8733,26216
5900404012930226146,walls,brute_force,1050,20,1,1,41,8264875,8710,550725
5900404012930226146,walls,cim,1050,20,2,1,41,8303750,8710,550725
5900404012930226146,walls,cim,1050,20,3,1,41,5106375,8710,334967
5900404012930226146,walls,cim,1050,20,4,1,41,3708542,8710,217810
5900404012930226146,walls,cim,1050,20,5,1,41,2735792,8710,149671
5900404012930226146,walls,cim,1050,20,6,1,41,2012666,8710,109622
5900404012930226146,walls,cim,1050,20,7,1,41,1772250,8710,83475
5900404012930226146,walls,cim,1050,20,8,1,41,1370708,8710,65317
5900404012930226146,walls,cim,1050,20,9,1,41,1184916,8710,52574
5900404012930226146,walls,cim,1050,20,10,1,41,1368875,8710,43102
5900404012930226146,walls,cim,1050,20,11,1,41,1002250,8710,36135
5900404012930226146,walls,cim,1050,20,12,1,41,886667,8710,30680
5900404012930226146,walls,cim,1050,20,13,1,41,854958,8710,26242
16332291727886870936,walls,brute_force,1050,20,1,1,42,8085500,8620,550725
16332291727886870936,walls,cim,1050,20,2,1,42,8219833,8620,550725
16332291727886870936,walls,cim,1050,20,3,1,42,5098833,8620,332167
16332291727886870936,walls,cim,1050,20,4,1,42,3484791,8620,215095
16332291727886870936,walls,cim,1050,20,5,1,42,2617750,8620,148721
16332291727886870936,walls,cim,1050,20,6,1,42,2034250,8620,109389
16332291727886870936,walls,cim,1050,20,7,1,42,1613542,8620,83036
16332291727886870936,walls,cim,1050,20,8,1,42,1395000,8620,65281
16332291727886870936,walls,cim,1050,20,9,1,42,1206750,8620,52372
16332291727886870936,walls,cim,1050,20,10,1,42,1060125,8620,43060
16332291727886870936,walls,cim,1050,20,11,1,42,996125,8620,36008
16332291727886870936,walls,cim,1050,20,12,1,42,956208,8620,30416
16332291727886870936,walls,cim,1050,20,13,1,42,905291,8620,26168
11993646618157152697,walls,brute_force,1050,20,1,1,43,8227709,8678,550725
11993646618157152697,walls,cim,1050,20,2,1,43,7995834,8678,550725
11993646618157152697,walls,cim,1050,20,3,1,43,5013000,8678,332193
11993646618157152697,walls,cim,1050,20,4,1,43,3585208,8678,214790
11993646618157152697,walls,cim,1050,20,5,1,43,2810959,8678,149235
11993646618157152697,walls,cim,1050,20,6,1,43,2224083,8678,108559
11993646618157152697,walls,cim,1050,20,7,1,43,1648792,8678,83313
11993646618157152697,walls,cim,1050,20,8,1,43,1554375,8678,65274
11993646618157152697,walls,cim,1050,20,9,1,43,1170000,8678,52453
11993646618157152697,walls,cim,1050,20,10,1,43,1065167,8678,43165
11993646618157152697,walls,cim,1050,20,11,1,43,1047708,8678,35978
11993646618157152697,walls,cim,1050,20,12,1,43,947083,8678,30440
11993646618157152697,walls,cim,1050,20,13,1,43,848667,8678,26155
17472106463361274292,walls,brute_force,1050,20,1,1,44,8244875,8726,550725
17472106463361274292,walls,cim,1050,20,2,1,44,8006125,8726,550725
17472106463361274292,walls,cim,1050,20,3,1,44,4999500,8726,335226
17472106463361274292,walls,cim,1050,20,4,1,44,3525417,8726,217188
17472106463361274292,walls,cim,1050,20,5,1,44,2521500,8726,150626
17472106463361274292,walls,cim,1050,20,6,1,44,1995792,8726,109642
17472106463361274292,walls,cim,1050,20,7,1,44,1691292,8726,83363
17472106463361274292,walls,cim,1050,20,8,1,44,1350792,8726,65274
17472106463361274292,walls,cim,1050,20,9,1,44,1167959,8726,52600
17472106463361274292,walls,cim,1050,20,10,1,44,1076625,8726,43275
17472106463361274292,walls,cim,1050,20,11,1,44,972291,8726,36294
17472106463361274292,walls,cim,1050,20,12,1,44,951250,8726,30656
17472106463361274292,walls,cim,1050,20,13,1,44,833416,8726,26253
2446889588306162029,walls,brute_force,1050,20,1,1,45,8438833,8609,550725
2446889588306162029,walls,cim,1050,20,2,1,45,8055667,8609,550725
2446889588306162029,walls,cim,1050,20,3,1,45,5113291,8609,334622
2446889588306162029,walls,cim,1050,20,4,1,45,3573541,8609,215333
2446889588306162029,walls,cim,1050,20,5,1,45,2570125,8609,150310
2446889588306162029,walls,cim,1050,20,6,1,45,1960958,8609,108949
2446889588306162029,walls,cim,1050,20,7,1,45,1710958,8609,82856
2446889588306162029,walls,cim,1050,20,8,1,45,1381292,8609,65015
2446889588306162029,walls,cim,1050,20,9,1,45,1168583,8609,52674
2446889588306162029,walls,cim,1050,20,10,1,45,1069750,8609,42922
2446889588306162029,walls,cim,1050,20,11,1,45,955875,8609,36022
2446889588306162029,walls,cim,1050,20,12,1,45,926708,8609,30475
2446889588306162029,walls,cim,1050,20,13,1,45,832417,8609,26121
1845665239061094725,walls,brute_force,1050,20,1,1,46,8415750,8779,550725
1845665239061094725,walls,cim,1050,20,2,1,46,8098375,8779,550725
1845665239061094725,walls,cim,1050,20,3,1,46,5164583,8779,335329
1845665239061094725,walls,cim,1050,20,4,1,46,3465459,8779,216737
1845665239061094725,walls,cim,1050,20,5,1,46,2531500,8779,150196
1845665239061094725,walls,cim,1050,20,6,1,46,2163125,8779,110120
1845665239061094725,walls,cim,1050,20,7,1,46,1664042,8779,83774
1845665239061094725,walls,cim,1050,20,8,1,46,1415167,8779,65471
1845665239061094725,walls,cim,1050,20,9,1,46,1174125,8779,52617
1845665239061094725,walls,cim,1050,20,10,1,46,1076709,8779,43315
1845665239061094725,walls,cim,1050,20,11,1,46,1025500,8779,36199
1845665239061094725,walls,cim,1050,20,12,1,46,911417,8779,30722
1845665239061094725,walls,cim,1050,20,13,1,46,939083,8779,26358
7518476937738498806,walls,brute_force,1050,20,1,1,47,8237458,8741,550725
7518476937738498806,walls,cim,1050,20,2,1,47,8179667,8741,550725
7518476937738498806,walls,cim,1050,20,3,1,47,5122167,8741,334735
7518476937738498806,walls,cim,1050,20,4,1,47,3494625,8741,217538
7518476937738498806,walls,cim,1050,20,5,1,47,2548667,8741,150817
7518476937738498806,walls,cim,1050,20,6,1,47,2063375,8741,110316
7518476937738498806,walls,cim,1050,20,7,1,47,1678333,8741,84012
7518476937738498806,walls,cim,1050,20,8,1,47,1375708,8741,65719
7518476937738498806,walls,cim,1050,20,9,1,47,1202750,8741,52926
7518476937738498806,walls,cim,1050,20,10,1,47,1059791,8741,43560
7518476937738498806,walls,cim,1050,20,11,1,47,997791,8741,36268
7518476937738498806,walls,cim,1050,20,12,1,47,971167,8741,30743
7518476937738498806,walls,cim,1050,20,13,1,47,848625,8741,26419
5918867627577121572,walls,brute_force,1050,20,1,1,48,8298000,8672,550725
5918867627577121572,walls,cim,1050,20,2,1,48,8133375,8672,550725
5918867627577121572,walls,cim,1050,20,3,1,48,5011250,8672,334842
5918867627577121572,walls,cim,1050,20,4,1,48,3456208,8672,216585
5918867627577121572,walls,cim,1050,20,5,1,48,2506500,8672,149973
5918867627577121572,walls,cim,1050,20,6,1,48,2028958,8672,109259
5918867627577121572,walls,cim,1050,20,7,1,48,1625417,8672,83405
5918867627577121572,walls,cim,1050,20,8,1,48,1364917,8672,65675
5918867627577121572,walls,cim,1050,20,9,1,48,1240875,8672,52660
5918867627577121572,walls,cim,1050,20,10,1,48,1045792,8672,43318
5918867627577121572,walls,cim,1050,20,11,1,48,995208,8672,36064
5918867627577121572,walls,cim,1050,20,12,1,48,887459,8672,30502
5918867627577121572,walls,cim,1050,20,13,1,48,840125,8672,26179
17582952255641046479,walls,brute_force,1050,20,1,1,49,8147500,8736,550725
17582952255641046479,walls,cim,1050,20,2,1,49,8058500,8736,550725
17582952255641046479,walls,cim,1050,20,3,1,49,5121709,8736,332788
17582952255641046479,walls,cim,1050,20,4,1,49,3493417,8736,218156
17582952255641046479,walls,cim,1050,20,5,1,49,2727875,8736,150269
17582952255641046479,walls,cim,1050,20,6,1,49,1976917,8736,109699
17582952255641046479,walls,cim,1050,20,7,1,49,1619834,8736,83137
17582952255641046479,walls,cim,1050,20,8,1,49,1384500,8736,65636
17582952255641046479,walls,cim,1050,20,9,1,49,1199333,8736,52846
17582952255641046479,walls,cim,1050,20,10,1,49,1093250,8736,43400
17582952255641046479,walls,cim,1050,20,11,1,49,965125,8736,36128
17582952255641046479,walls,cim,1050,20,12,1,49,906083,8736,30710
17582952255641046479,walls,cim,1050,20,13,1,49,844750,8736,26299
18112044428069265023,walls,brute_force,1050,20,1,1,50,8120375,8719,550725
18112044428069265023,walls,cim,1050,20,2,1,50,8264791,8719,550725
18112044428069265023,walls,cim,1050,20,3,1,50,5179708,8719,335674
18112044428069265023,walls,cim,1050,20,4,1,50,3557000,8719,217114
18112044428069265023,walls,cim,1050,20,5,1,50,2581583,8719,150607
18112044428069265023,walls,cim,1050,20,6,1,50,2033500,8719,109850
18112044428069265023,walls,cim,1050,20,7,1,50,1638250,8719,83754
18112044428069265023,walls,cim,1050,20,8,1,50,1364125,8719,65863
18112044428069265023,walls,cim,1050,20,9,1,50,1168209,8719,52715
18112044428069265023,walls,cim,1050,20,10,1,50,1125458,8719,43336
18112044428069265023,walls,cim,1050,20,11,1,50,974500,8719,36359
18112044428069265023,walls,cim,1050,20,12,1,50,893000,8719,30570
18112044428069265023,walls,cim,1050,20,13,1,50,887333,8719,26229
14598762679056688246,walls,brute_force,1050,20,1,1,51,7993542,8709,550725
14598762679056688246,walls,cim,1050,20,2,1,51,8104000,8709,550725
14598762679056688246,walls,cim,1050,20,3,1,51,5359416,8709,333457
14598762679056688246,walls,cim,1050,20,4,1,51,3398333,8709,214883
14598762679056688246,walls,cim,1050,20,5,1,51,2749625,8709,148977
14598762679056688246,walls,cim,1050,20,6,1,51,2128292,8709,108666
14598762679056688246,walls,cim,1050,20,7,1,51,1784750,8709,82777
14598762679056688246,walls,cim,1050,20,8,1,51,1395666,8709,64914
14598762679056688246,walls,cim,1050,20,9,1,51,1254458,8709,52146
14598762679056688246,walls,cim,1050,20,10,1,51,1052166,8709,42884
14598762679056688246,walls,cim,1050,20,11,1,51,1043791,8709,35943
14598762679056688246,walls,cim,1050,20,12,1,51,934750,8709,30620
14598762679056688246,walls,cim,1050,20,13,1,51,882708,8709,26067
2012463613628765093,walls,brute_force,1050,20,1,1,52,8272500,8706,550725
2012463613628765093,walls,cim,1050,20,2,1,52,8242166,8706,550725
2012463613628765093,walls,cim,1050,20,3,1,52,5183250,8706,333457
2012463613628765093,walls,cim,1050,20,4,1,52,3442416,8706,214272
2012463613628765093,walls,cim,1050,20,5,1,52,2544417,8706,149610
2012463613628765093,walls,cim,1050,20,6,1,52,1987750,8706,108883
2012463613628765093,walls,cim,1050,20,7,1,52,1694167,8706,83197
2012463613628765093,walls,cim,1050,20,8,1,52,1484750,8706,65151
2012463613628765093,walls,cim,1050,20,9,1,52,1176166,8706,52458
2012463613628765093,walls,cim,1050,20,10,1,52,1075333,8706,43118
2012463613628765093,walls,cim,1050,20,11,1,52,951542,8706,35962
2012463613628765093,walls,cim,1050,20,12,1,52,938541,8706,30473
2012463613628765093,walls,cim,1050,20,13,1,52,874791,8706,26304
4258514554536653303,walls,brute_force,1050,20,1,1,53,8315834,8669,550725
4258514554536653303,walls,cim,1050,20,2,1,53,8228625,8669,550725
4258514554536653303,walls,cim,1050,20,3,1,53,5276833,8669,334169
4258514554536653303,walls,cim,1050,20,4,1,53,3394084,8669,216419
4258514554536653303,walls,cim,1050,20,5,1,53,2737583,8669,149398
4258514554536653303,walls,cim,1050,20,6,1,53,2028917,8669,109178
4258514554536653303,walls,cim,1050,20,7,1,53,1673667,8669,82852
4258514554536653303,walls,cim,1050,20,8,1,53,1408375,8669,65324
4258514554536653303,walls,cim,1050,20,9,1,53,1269166,8669,52221
4258514554536653303,walls,cim,1050,20,10,1,53,1100417,8669,43003
4258514554536653303,walls,cim,1050,20,11,1,53,996250,8669,35942
4258514554536653303,walls,cim,1050,20,12,1,53,891584,8669,30397
4258514554536653303,walls,cim,1050,20,13,1,53,860791,8669,26184
7177832758153454322,walls,brute_force,1050,20,1,1,54,8178375,8699,550725
7177832758153454322,walls,cim,1050,20,2,1,54,8026917,8699,550725
7177832758153454322,walls,cim,1050,20,3,1,54,5074875,8699,334159
7177832758153454322,walls,cim,1050,20,4,1,54,3433875,8699,215579
7177832758153454322,walls,cim,1050,20,5,1,54,2519000,8699,149014
7177832758153454322,walls,cim,1050,20,6,1,54,2038416,8699,109420
7177832758153454322,walls,cim,1050,20,7,1,54,1678250,8699,83140
7177832758153454322,walls,cim,1050,20,8,1,54,1339917,8699,64849
7177832758153454322,walls,cim,1050,20,9,1,54,1234875,8699,52775
7177832758153454322,walls,cim,1050,20,10,1,54,1069500,8699,43086
7177832758153454322,walls,cim,1050,20,11,1,54,991000,8699,35926
7177832758153454322,walls,cim,1050,20,12,1,54,928792,8699,30607
7177832758153454322,walls,cim,1050,20,13,1,54,895166,8699,26189
10043495741360230639,walls,brute_force,1050,20,1,1,55,8168834,8713,550725
10043495741360230639,walls,cim,1050,20,2,1,55,8334792,8713,550725
10043495741360230639,walls,cim,1050,20,3,1,55,5170458,8713,335545
10043495741360230639,walls,cim,1050,20,4,1,55,3692916,8713,217595
10043495741360230639,walls,cim,1050,20,5,1,55,2674375,8713,150437
10043495741360230639,walls,cim,1050,20,6,1,55,2033250,8713,109715
10043495741360230639,walls,cim,1050,20,7,1,55,1666750,8713,83794
10043495741360230639,walls,cim,1050,20,8,1,55,1400125,8713,65873
10043495741360230639,walls,cim,1050,20,9,1,55,1238667,8713,52779
10043495741360230639,walls,cim,1050,20,10,1,55,1055458,8713,43604
10043495741360230639,walls,cim,1050,20,11,1,55,963667,8713,36311
10043495741360230639,walls,cim,1050,20,12,1,55,894083,8713,30907
10043495741360230639,walls,cim,1050,20,13,1,55,849125,8713,26466
295821429432908650,walls,brute_force,1050,20,1,1,56,8349791,8760,550725
295821429432908650,walls,cim,1050,20,2,1,56,8316500,8760,550725
295821429432908650,walls,cim,1050,20,3,1,56,5230250,8760,335921
295821429432908650,walls,cim,1050,20,4,1,56,3591042,8760,216350
295821429432908650,walls,cim,1050,20,5,1,56,2580375,8760,149732
295821429432908650,walls,cim,1050,20,6,1,56,1984042,8760,109370
295821429432908650,walls,cim,1050,20,7,1,56,1711250,8760,83225
295821429432908650,walls,cim,1050,20,8,1,56,1401083,8760,65735
295821429432908650,walls,cim,1050,20,9,1,56,1203208,8760,52678
295821429432908650,walls,cim,1050,20,10,1,56,1142208,8760,43629
295821429432908650,walls,cim,1050,20,11,1,56,968625,8760,36234
295821429432908650,walls,cim,1050,20,12,1,56,936500,8760,30788
295821429432908650,walls,cim,1050,20,13,1,56,856375,8760,26336
12465343993266992065,walls,brute_force,1050,20,1,1,57,8194792,8710,550725
12465343993266992065,walls,cim,1050,20,2,1,57,8104500,8710,550725
12465343993266992065,walls,cim,1050,20,3,1,57,5112625,8710,334037
12465343993266992065,walls,cim,1050,20,4,1,57,3468875,8710,216129
12465343993266992065,walls,cim,1050,20,5,1,57,2564500,8710,149152
12465343993266992065,walls,cim,1050,20,6,1,57,1981583,8710,108518
12465343993266992065,walls,cim,1050,20,7,1,57,1671208,8710,83221
12465343993266992065,walls,cim,1050,20,8,1,57,1528709,8710,65350
12465343993266992065,walls,cim,1050,20,9,1,57,1173209,8710,52340
12465343993266992065,walls,cim,1050,20,10,1,57,1054375,8710,43135
12465343993266992065,walls,cim,1050,20,11,1,57,1047708,8710,36035
12465343993266992065,walls,cim,1050,20,12,1,57,904500,8710,30531
12465343993266992065,walls,cim,1050,20,13,1,57,870000,8710,26243
4371263103883637699,walls,brute_force,1050,20,1,1,58,8228792,8752,550725
4371263103883637699,walls,cim,1050,20,2,1,58,8133667,8752,550725
4371263103883637699,walls,cim,1050,20,3,1,58,5427125,8752,334144
4371263103883637699,walls,cim,1050,20,4,1,58,3698584,8752,216090
4371263103883637699,walls,cim,1050,20,5,1,58,2670250,8752,150179
4371263103883637699,walls,cim,1050,20,6,1,58,2051250,8752,109791
4371263103883637699,walls,cim,1050,20,7,1,58,1791459,8752,83282
4371263103883637699,walls,cim,1050,20,8,1,58,1436959,8752,65406
4371263103883637699,walls,cim,1050,20,9,1,58,1226792,8752,52645
4371263103883637699,walls,cim,1050,20,10,1,58,1099625,8752,43409
4371263103883637699,walls,cim,1050,20,11,1,58,1007958,8752,36356
4371263103883637699,walls,cim,1050,20,12,1,58,946291,8752,30689
4371263103883637699,walls,cim,1050,20,13,1,58,911959,8752,26314
270851394172039828,walls,brute_force,1050,20,1,1,59,8303792,8781,550725
270851394172039828,walls,cim,1050,20,2,1,59,8406084,8781,550725
270851394172039828,walls,cim,1050,20,3,1,59,5145416,8781,332646
270851394172039828,walls,cim,1050,20,4,1,59,3499542,8781,215993
270851394172039828,walls,cim,1050,20,5,1,59,2604875,8781,149740
270851394172039828,walls,cim,1050,20,6,1,59,2066500,8781,109414
270851394172039828,walls,cim,1050,20,7,1,59,1665666,8781,82982
270851394172039828,walls,cim,1050,20,8,1,59,1398667,8781,65636
270851394172039828,walls,cim,1050,20,9,1,59,1287333,8781,52648
270851394172039828,walls,cim,1050,20,10,1,59,1070458,8781,43273
270851394172039828,walls,cim,1050,20,11,1,59,961583,8781,36234
270851394172039828,walls,cim,1050,20,12,1,59,919042,8781,30628
270851394172039828,walls,cim,1050,20,13,1,59,871750,8781,26209
16732626627700621150,walls,brute_force,1050,20,1,1,60,8223583,8769,550725
16732626627700621150,walls,cim,1050,20,2,1,60,8355500,8769,550725
16732626627700621150,walls,cim,1050,20,3,1,60,5129875,8769,334532
16732626627700621150,walls,cim,1050,20,4,1,60,3508792,8769,217083
16732626627700621150,walls,cim,1050,20,5,1,60,2637667,8769,150740
16732626627700621150,walls,cim,1050,20,6,1,60,2094916,8769,109169
16732626627700621150,walls,cim,1050,20,7,1,60,1683542,8769,82883
16732626627700621150,walls,cim,1050,20,8,1,60,1416667,8769,65297
16732626627700621150,walls,cim,1050,20,9,1,60,1396625,8769,52452
16732626627700621150,walls,cim,1050,20,10,1,60,1076792,8769,43376
16732626627700621150,walls,cim,1050,20,11,1,60,1006541,8769,36208
16732626627700621150,walls,cim,1050,20,12,1,60,924792,8769,30624
16732626627700621150,walls,cim,1050,20,13,1,60,881041,8769,26272
15374064532405240768,walls,brute_force,1050,20,1,1,61,8322500,8720,550725
15374064532405240768,walls,cim,1050,20,2,1,61,8639000,8720,550725
15374064532405240768,walls,cim,1050,20,3,1,61,5342958,8720,334763
15374064532405240768,walls,cim,1050,20,4,1,61,3561000,8720,215961
15374064532405240768,walls,cim,1050,20,5,1,61,2700417,8720,149439
15374064532405240768,walls,cim,1050,20,6,1,61,2128209,8720,109158
15374064532405240768,walls,cim,1050,20,7,1,61,1712167,8720,83443
15374064532405240768,walls,cim,1050,20,8,1,61,1434833,8720,65337
15374064532405240768,walls,cim,1050,20,9,1,61,1208583,8720,52495
15374064532405240768,walls,cim,1050,20,10,1,61,1114583,8720,43014
15374064532405240768,walls,cim,1050,20,11,1,61,1133125,8720,36060
15374064532405240768,walls,cim,1050,20,12,1,61,926500,8720,30558
15374064532405240768,walls,cim,1050,20,13,1,61,926583,8720,26179
9994592616002333403,walls,brute_force,1050,20,1,1,62,8148792,8777,550725
9994592616002333403,walls,cim,1050,20,2,1,62,8244375,8777,550725
9994592616002333403,walls,cim,1050,20,3,1,62,5039042,8777,337990
9994592616002333403,walls,cim,1050,20,4,1,62,3446667,8777,217710
9994592616002333403,walls,cim,1050,20,5,1,62,2665916,8777,150550
9994592616002333403,walls,cim,1050,20,6,1,62,2048583,8777,109815
9994592616002333403,walls,cim,1050,20,7,1,62,1805750,8777,83259
9994592616002333403,walls,cim,1050,20,8,1,62,1422584,8777,65840
9994592616002333403,walls,cim,1050,20,9,1,62,1232625,8777,52923
9994592616002333403,walls,cim,1050,20,10,1,62,1107541,8777,43486
9994592616002333403,walls,cim,1050,20,11,1,62,1024167,8777,36345
9994592616002333403,walls,cim,1050,20,12,1,62,919625,8777,30730
9994592616002333403,walls,cim,1050,20,13,1,62,887167,8777,26474
11973850506713347884,walls,brute_force,1050,20,1,1,63,8270791,8703,550725
11973850506713347884,walls,cim,1050,20,2,1,63,8292750,8703,550725
11973850506713347884,walls,cim,1050,20,3,1,63,5167500,8703,334952
11973850506713347884,walls,cim,1050,20,4,1,63,3549292,8703,215505
11973850506713347884,walls,cim,1050,20,5,1,63,2603208,8703,149669
11973850506713347884,walls,cim,1050,20,6,1,63,2024000,8703,109034
11973850506713347884,walls,cim,1050,20,7,1,63,1626417,8703,83131
11973850506713347884,walls,cim,1050,20,8,1,63,1388333,8703,65499
11973850506713347884,walls,cim,1050,20,9,1,63,1279000,8703,52363
11973850506713347884,walls,cim,1050,20,10,1,63,1088292,8703,43409
11973850506713347884,walls,cim,1050,20,11,1,63,958375,8703,36103
11973850506713347884,walls,cim,1050,20,12,1,63,915458,8703,30688
11973850506713347884,walls,cim,1050,20,13,1,63,863792,8703,26443
2930893523346080432,walls,brute_force,1050,20,1,1,64,8270458,8767,550725
2930893523346080432,walls,cim,1050,20,2,1,64,8222959,8767,550725
2930893523346080432,walls,cim,1050,20,3,1,64,5253042,8767,334892
2930893523346080432,walls,cim,1050,20,4,1,64,3463500,8767,216227
2930893523346080432,walls,cim,1050,20,5,1,64,2787000,8767,150231
2930893523346080432,walls,cim,1050,20,6,1,64,2041833,8767,109352
2930893523346080432,walls,cim,1050,20,7,1,64,1655250,8767,82743
2930893523346080432,walls,cim,1050,20,8,1,64,1401000,8767,65212
2930893523346080432,walls,cim,1050,20,9,1,64,1223500,8767,52635
2930893523346080432,walls,cim,1050,20,10,1,64,1125792,8767,43178
2930893523346080432,walls,cim,1050,20,11,1,64,1057250,8767,36192
2930893523346080432,walls,cim,1050,20,12,1,64,918875,8767,30495
2930893523346080432,walls,cim,1050,20,13,1,64,845083,8767,26141
14536608986889129711,walls,brute_force,1050,20,1,1,65,8168667,8676,550725
14536608986889129711,walls,cim,1050,20,2,1,65,8268250,8676,550725
14536608986889129711,walls,cim,1050,20,3,1,65,5214375,8676,334039
14536608986889129711,walls,cim,1050,20,4,1,65,3466250,8676,217622
14536608986889129711,walls,cim,1050,20,5,1,65,2563125,8676,149662
14536608986889129711,walls,cim,1050,20,6,1,65,1994125,8676,108932
14536608986889129711,walls,cim,1050,20,7,1,65,1664750,8676,83398
14536608986889129711,walls,cim,1050,20,8,1,65,1447208,8676,65617
14536608986889129711,walls,cim,1050,20,9,1,65,1194792,8676,52685
14536608986889129711,walls,cim,1050,20,10,1,65,1093917,8676,43179
14536608986889129711,walls,cim,1050,20,11,1,65,979125,8676,36104
14536608986889129711,walls,cim,1050,20,12,1,65,924375,8676,30648
14536608986889129711,walls,cim,1050,20,13,1,65,893042,8676,26207
12494098762467713217,walls,brute_force,1050,20,1,1,66,8325750,8787,550725
12494098762467713217,walls,cim,1050,20,2,1,66,8061375,8787,550725
12494098762467713217,walls,cim,1050,20,3,1,66,5187125,8787,333693
12494098762467713217,walls,cim,1050,20,4,1,66,3643292,8787,215437
12494098762467713217,walls,cim,1050,20,5,1,66,2658125,8787,150342
12494098762467713217,walls,cim,1050,20,6,1,66,2006292,8787,109756
12494098762467713217,walls,cim,1050,20,7,1,66,1630375,8787,83795
12494098762467713217,walls,cim,1050,20,8,1,66,1470542,8787,65397
12494098762467713217,walls,cim,1050,20,9,1,66,1243917,8787,52845
12494098762467713217,walls,cim,1050,20,10,1,66,1142708,8787,43159
12494098762467713217,walls,cim,1050,20,11,1,66,975792,8787,36149
12494098762467713217,walls,cim,1050,20,12,1,66,893625,8787,30713
12494098762467713217,walls,cim,1050,20,13,1,66,863375,8787,26352
6014965703263446879,walls,brute_force,1050,20,1,1,67,8311583,8698,550725
6014965703263446879,walls,cim,1050,20,2,1,67,8281958,8698,550725
6014965703263446879,walls,cim,1050,20,3,1,67,5186083,8698,331467
6014965703263446879,walls,cim,1050,20,4,1,67,3456542,8698,213719
6014965703263446879,walls,cim,1050,20,5,1,67,2592459,8698,148762
6014965703263446879,walls,cim,1050,20,6,1,67,2022583,8698,109438
6014965703263446879,walls,cim,1050,20,7,1,67,1653875,8698,83153
6014965703263446879,walls,cim,1050,20,8,1,67,1376750,8698,64902
6014965703263446879,walls,cim,1050,20,9,1,67,1227875,8698,52381
6014965703263446879,walls,cim,1050,20,10,1,67,1064125,8698,43067
6014965703263446879,walls,cim,1050,20,11,1,67,975250,8698,36050
6014965703263446879,walls,cim,1050,20,12,1,67,1020583,8698,30590
6014965703263446879,walls,cim,1050,20,13,1,67,887083,8698,26234
15007282375689584094,walls,brute_force,1050,20,1,1,68,8330542,8744,550725
15007282375689584094,walls,cim,1050,20,2,1,68,8446375,8744,550725
15007282375689584094,walls,cim,1050,20,3,1,68,5141333,8744,332769
15007282375689584094,walls,cim,1050,20,4,1,68,3408000,8744,215314
15007282375689584094,walls,cim,1050,20,5,1,68,2516792,8744,149733
15007282375689584094,walls,cim,1050,20,6,1,68,1997834,8744,109509
15007282375689584094,walls,cim,1050,20,7,1,68,1671375,8744,83525
15007282375689584094,walls,cim,1050,20,8,1,68,1387625,8744,65393
15007282375689584094,walls,cim,1050,20,9,1,68,1185791,8744,52617
15007282375689584094,walls,cim,1050,20,10,1,68,1066542,8744,43158
15007282375689584094,walls,cim,1050,20,11,1,68,953709,8744,36012
15007282375689584094,walls,cim,1050,20,12,1,68,1081667,8744,30562
15007282375689584094,walls,cim,1050,20,13,1,68,886542,8744,26211
2465002174360012626,walls,brute_force,1050,20,1,1,69,8200417,8682,550725
2465002174360012626,walls,cim,1050,20,2,1,69,8281750,8682,550725
2465002174360012626,walls,cim,1050,20,3,1,69,5253417,8682,336747
2465002174360012626,walls,cim,1050,20,4,1,69,3505667,8682,218652
2465002174360012626,walls,cim,1050,20,5,1,69,2662042,8682,151204
2465002174360012626,walls,cim,1050,20,6,1,69,2049625,8682,110895
2465002174360012626,walls,cim,1050,20,7,1,69,1682292,8682,84239
2465002174360012626,walls,cim,1050,20,8,1,69,1386500,8682,66042
2465002174360012626,walls,cim,1050,20,9,1,69,1241250,8682,53008
2465002174360012626,walls,cim,1050,20,10,1,69,1044041,8682,43276
2465002174360012626,walls,cim,1050,20,11,1,69,1002250,8682,36548
2465002174360012626,walls,cim,1050,20,12,1,69,899208,8682,30885
2465002174360012626,walls,cim,1050,20,13,1,69,836042,8682,26350
8913071253185475686,walls,brute_force,1050,20,1,1,70,8345875,8763,550725
8913071253185475686,walls,cim,1050,20,2,1,70,8135875,8763,550725
8913071253185475686,walls,cim,1050,20,3,1,70,5211625,8763,339272
8913071253185475686,walls,cim,1050,20,4,1,70,3673084,8763,219827
8913071253185475686,walls,cim,1050,20,5,1,70,2593917,8763,151300
8913071253185475686,walls,cim,1050,20,6,1,70,2103667,8763,110398
8913071253185475686,walls,cim,1050,20,7,1,70,1711666,8763,83419
8913071253185475686,walls,cim,1050,20,8,1,70,1396042,8763,65933
8913071253185475686,walls,cim,1050,20,9,1,70,1213708,8763,52866
8913071253185475686,walls,cim,1050,20,10,1,70,1074375,8763,43527
8913071253185475686,walls,cim,1050,20,11,1,70,1028250,8763,36258
8913071253185475686,walls,cim,1050,20,12,1,70,908459,8763,30745
8913071253185475686,walls,cim,1050,20,13,1,70,849667,8763,26346
17020565844359768149,walls,brute_force,1050,20,1,1,71,8157042,8705,550725
17020565844359768149,walls,cim,1050,20,2,1,71,8170459,8705,550725
17020565844359768149,walls,cim,1050,20,3,1,71,5107333,8705,334979
17020565844359768149,walls,cim,1050,20,4,1,71,3726667,8705,217226
17020565844359768149,walls,cim,1050,20,5,1,71,2513167,8705,149992
17020565844359768149,walls,cim,1050,20,6,1,71,2289458,8705,109697
17020565844359768149,walls,cim,1050,20,7,1,71,1670292,8705,82973
17020565844359768149,walls,cim,1050,20,8,1,71,1585500,8705,65352
17020565844359768149,walls,cim,1050,20,9,1,71,1172542,8705,52774
17020565844359768149,walls,cim,1050,20,10,1,71,1131083,8705,43098
17020565844359768149,walls,cim,1050,20,11,1,71,1031416,8705,36151
17020565844359768149,walls,cim,1050,20,12,1,71,923500,8705,30601
17020565844359768149,walls,cim,1050,20,13,1,71,908667,8705,26274
4835855940725782981,walls,brute_force,1050,20,1,1,72,8296958,8751,550725
4835855940725782981,walls,cim,1050,20,2,1,72,8219500,8751,550725
4835855940725782981,walls,cim,1050,20,3,1,72,5105875,8751,333379
4835855940725782981,walls,cim,1050,20,4,1,72,3515000,8751,216123
4835855940725782981,walls,cim,1050,20,5,1,72,2600333,8751,149998
4835855940725782981,walls,cim,1050,20,6,1,72,2009541,8751,109521
4835855940725782981,walls,cim,1050,20,7,1,72,1660875,8751,83904
4835855940725782981,walls,cim,1050,20,8,1,72,1509375,8751,65589
4835855940725782981,walls,cim,1050,20,9,1,72,1212542,8751,52610
4835855940725782981,walls,cim,1050,20,10,1,72,1078542,8751,43390
4835855940725782981,walls,cim,1050,20,11,1,72,995708,8751,36226
4835855940725782981,walls,cim,1050,20,12,1,72,894291,8751,30672
4835855940725782981,walls,cim,1050,20,13,1,72,863542,8751,26421
8225283935050478729,walls,brute_force,1050,20,1,1,73,8192833,8708,550725
8225283935050478729,walls,cim,1050,20,2,1,73,8262250,8708,550725
8225283935050478729,walls,cim,1050,20,3,1,73,5186542,8708,332440
8225283935050478729,walls,cim,1050,20,4,1,73,3476375,8708,215260
8225283935050478729,walls,cim,1050,20,5,1,73,2576458,8708,149704
8225283935050478729,walls,cim,1050,20,6,1,73,2001917,8708,109423
8225283935050478729,walls,cim,1050,20,7,1,73,1698084,8708,83292
8225283935050478729,walls,cim,1050,20,8,1,73,1439458,8708,65461
8225283935050478729,walls,cim,1050,20,9,1,73,1208875,8708,52734
8225283935050478729,walls,cim,1050,20,10,1,73,1058250,8708,43023
8225283935050478729,walls,cim,1050,20,11,1,73,1020041,8708,36129
8225283935050478729,walls,cim,1050,20,12,1,73,910041,8708,30401
8225283935050478729,walls,cim,1050,20,13,1,73,857458,8708,26092
10150200047179742116,walls,brute_force,1050,20,1,1,74,8243791,8746,550725
10150200047179742116,walls,cim,1050,20,2,1,74,8371083,8746,550725
10150200047179742116,walls,cim,1050,20,3,1,74,5184792,8746,336729
10150200047179742116,walls,cim,1050,20,4,1,74,3479542,8746,216964
10150200047179742116,walls,cim,1050,20,5,1,74,2525584,8746,150815
10150200047179742116,walls,cim,1050,20,6,1,74,1970250,8746,109121
10150200047179742116,walls,cim,1050,20,7,1,74,1680625,8746,82883
10150200047179742116,walls,cim,1050,20,8,1,74,1408709,8746,65123
10150200047179742116,walls,cim,1050,20,9,1,74,1281250,8746,52549
10150200047179742116,walls,cim,1050,20,10,1,74,1153375,8746,43153
10150200047179742116,walls,cim,1050,20,11,1,74,990875,8746,36164
10150200047179742116,walls,cim,1050,20,12,1,74,925667,8746,30615
10150200047179742116,walls,cim,1050,20,13,1,74,835584,8746,26234
4192491270830360622,walls,brute_force,1050,20,1,1,75,8185583,8742,550725
4192491270830360622,walls,cim,1050,20,2,1,75,8268459,8742,550725
4192491270830360622,walls,cim,1050,20,3,1,75,5075500,8742,334613
4192491270830360622,walls,cim,1050,20,4,1,75,3543792,8742,217230
4192491270830360622,walls,cim,1050,20,5,1,75,2577083,8742,150221
4192491270830360622,walls,cim,1050,20,6,1,75,2019125,8742,109511
4192491270830360622,walls,cim,1050,20,7,1,75,1688125,8742,83454
4192491270830360622,walls,cim,1050,20,8,1,75,1488334,8742,65640
4192491270830360622,walls,cim,1050,20,9,1,75,1215208,8742,52705
4192491270830360622,walls,cim,1050,20,10,1,75,1078375,8742,43403
4192491270830360622,walls,cim,1050,20,11,1,75,978750,8742,36250
4192491270830360622,walls,cim,1050,20,12,1,75,905458,8742,30752
4192491270830360622,walls,cim,1050,20,13,1,75,910958,8742,26327
6737196690561079764,walls,brute_force,1050,20,1,1,76,8620000,8679,550725
6737196690561079764,walls,cim,1050,20,2,1,76,8270416,8679,550725
6737196690561079764,walls,cim,1050,20,3,1,76,5199583,8679,333939
6737196690561079764,walls,cim,1050,20,4,1,76,3420708,8679,215123
6737196690561079764,walls,cim,1050,20,5,1,76,2715708,8679,149088
6737196690561079764,walls,cim,1050,20,6,1,76,2066417,8679,109013
6737196690561079764,walls,cim,1050,20,7,1,76,1730458,8679,83089
6737196690561079764,walls,cim,1050,20,8,1,76,1374208,8679,65304
6737196690561079764,walls,cim,1050,20,9,1,76,1172833,8679,52941
6737196690561079764,walls,cim,1050,20,10,1,76,1088166,8679,43271
6737196690561079764,walls,cim,1050,20,11,1,76,1006458,8679,36130
6737196690561079764,walls,cim,1050,20,12,1,76,886916,8679,30524
6737196690561079764,walls,cim,1050,20,13,1,76,841750,8679,26165
2893918177684522490,walls,brute_force,1050,20,1,1,77,8217792,8705,550725
2893918177684522490,walls,cim,1050,20,2,1,77,8237916,8705,550725
2893918177684522490,walls,cim,1050,20,3,1,77,5046625,8705,338293
2893918177684522490,walls,cim,1050,20,4,1,77,3504625,8705,216228
2893918177684522490,walls,cim,1050,20,5,1,77,2624875,8705,151267
2893918177684522490,walls,cim,1050,20,6,1,77,2115375,8705,109889
2893918177684522490,walls,cim,1050,20,7,1,77,1680916,8705,83301
2893918177684522490,walls,cim,1050,20,8,1,77,1430875,8705,65569
2893918177684522490,walls,cim,1050,20,9,1,77,1210333,8705,52666
2893918177684522490,walls,cim,1050,20,10,1,77,1079917,8705,43511
2893918177684522490,walls,cim,1050,20,11,1,77,1013167,8705,36257
2893918177684522490,walls,cim,1050,20,12,1,77,893792,8705,30730
2893918177684522490,walls,cim,1050,20,13,1,77,863750,8705,26378
12083695310195628468,walls,brute_force,1050,20,1,1,78,8271667,8709,550725
12083695310195628468,walls,cim,1050,20,2,1,78,8215917,8709,550725
12083695310195628468,walls,cim,1050,20,3,1,78,5185666,8709,332411
12083695310195628468,walls,cim,1050,20,4,1,78,3436333,8709,214791
12083695310195628468,walls,cim,1050,20,5,1,78,2527750,8709,148910
12083695310195628468,walls,cim,1050,20,6,1,78,2059875,8709,109463
12083695310195628468,walls,cim,1050,20,7,1,78,1691250,8709,82880
12083695310195628468,walls,cim,1050,20,8,1,78,1350708,8709,65253
12083695310195628468,walls,cim,1050,20,9,1,78,1319042,8709,52630
12083695310195628468,walls,cim,1050,20,10,1,78,1090250,8709,43097
12083695310195628468,walls,cim,1050,20,11,1,78,964833,8709,36049
12083695310195628468,walls,cim,1050,20,12,1,78,899167,8709,30628
12083695310195628468,walls,cim,1050,20,13,1,78,843792,8709,26313
4067809462234505080,walls,brute_force,1050,20,1,1,79,8896833,8698,550725
4067809462234505080,walls,cim,1050,20,2,1,79,8471708,8698,550725
4067809462234505080,walls,cim,1050,20,3,1,79,5538250,8698,333464
4067809462234505080,walls,cim,1050,20,4,1,79,3716292,8698,216559
4067809462234505080,walls,cim,1050,20,5,1,79,2594750,8698,149313
4067809462234505080,walls,cim,1050,20,6,1,79,2035167,8698,109636
4067809462234505080,walls,cim,1050,20,7,1,79,1616250,8698,83247
4067809462234505080,walls,cim,1050,20,8,1,79,1458958,8698,65656
4067809462234505080,walls,cim,1050,20,9,1,79,1295792,8698,52628
4067809462234505080,walls,cim,1050,20,10,1,79,1276166,8698,43406
4067809462234505080,walls,cim,1050,20,11,1,79,1021667,8698,36157
4067809462234505080,walls,cim,1050,20,12,1,79,922042,8698,30635
4067809462234505080,walls,cim,1050,20,13,1,79,953041,8698,26312
11306435745329894530,walls,brute_force,1050,20,1,1,80,8321417,8683,550725
11306435745329894530,walls,cim,1050,20,2,1,80,10187000,8683,550725
11306435745329894530,walls,cim,1050,20,3,1,80,6901917,8683,334551
11306435745329894530,walls,cim,1050,20,4,1,80,10266084,8683,216539
11306435745329894530,walls,cim,1050,20,5,1,80,4656583,8683,150366
11306435745329894530,walls,cim,1050,20,6,1,80,2218750,8683,109549
11306435745329894530,walls,cim,1050,20,7,1,80,3256875,8683,83037
11306435745329894530,walls,cim,1050,20,8,1,80,1478542,8683,65375
11306435745329894530,walls,cim,1050,20,9,1,80,1225166,8683,52680
11306435745329894530,walls,cim,1050,20,10,1,80,1037167,8683,43247
11306435745329894530,walls,cim,1050,20,11,1,80,971583,8683,35845
11306435745329894530,walls,cim,1050,20,12,1,80,903125,8683,30329
11306435745329894530,walls,cim,1050,20,13,1,80,1352459,8683,26252
12874796525749369311,walls,brute_force,1050,20,1,1,81,8215708,8688,550725
12874796525749369311,walls,cim,1050,20,2,1,81,8203750,8688,550725
12874796525749369311,walls,cim,1050,20,3,1,81,5088958,8688,334192
12874796525749369311,walls,cim,1050,20,4,1,81,3397709,8688,216517
12874796525749369311,walls,cim,1050,20,5,1,81,2634542,8688,150265
12874796525749369311,walls,cim,1050,20,6,1,81,2005792,8688,109164
12874796525749369311,walls,cim,1050,20,7,1,81,1667709,8688,83120
12874796525749369311,walls,cim,1050,20,8,1,81,1436083,8688,65673
12874796525749369311,walls,cim,1050,20,9,1,81,1172291,8688,52569
12874796525749369311,walls,cim,1050,20,10,1,81,1045583,8688,43319
12874796525749369311,walls,cim,1050,20,11,1,81,966708,8688,36249
12874796525749369311,walls,cim,1050,20,12,1,81,884166,8688,30491
12874796525749369311,walls,cim,1050,20,13,1,81,904708,8688,26217
18115854103362498585,walls,brute_force,1050,20,1,1,82,8428500,8766,550725
18115854103362498585,walls,cim,1050,20,2,1,82,8617542,8766,550725
18115854103362498585,walls,cim,1050,20,3,1,82,5345542,8766,334390
18115854103362498585,walls,cim,1050,20,4,1,82,3552583,8766,216308
18115854103362498585,walls,cim,1050,20,5,1,82,2822875,8766,150488
18115854103362498585,walls,cim,1050,20,6,1,82,2096709,8766,109919
18115854103362498585,walls,cim,1050,20,7,1,82,1760250,8766,83703
18115854103362498585,walls,cim,1050,20,8,1,82,1453333,8766,65774
18115854103362498585,walls,cim,1050,20,9,1,82,1228834,8766,52777
18115854103362498585,walls,cim,1050,20,10,1,82,1106958,8766,43312
18115854103362498585,walls,cim,1050,20,11,1,82,1003125,8766,36353
18115854103362498585,walls,cim,1050,20,12,1,82,920000,8766,30800
18115854103362498585,walls,cim,1050,20,13,1,82,908791,8766,26427
14964591857582944368,walls,brute_force,1050,20,1,1,83,8222625,8719,550725
14964591857582944368,walls,cim,1050,20,2,1,83,8448625,8719,550725
14964591857582944368,walls,cim,1050,20,3,1,83,5328958,8719,335778
14964591857582944368,walls,cim,1050,20,4,1,83,3580666,8719,217420
14964591857582944368,walls,cim,1050,20,5,1,83,2764791,8719,149887
14964591857582944368,walls,cim,1050,20,6,1,83,2033667,8719,109634
14964591857582944368,walls,cim,1050,20,7,1,83,1777584,8719,82962
14964591857582944368,walls,cim,1050,20,8,1,83,1426125,8719,65241
14964591857582944368,walls,cim,1050,20,9,1,83,1327750,8719,52569
14964591857582944368,walls,cim,1050,20,10,1,83,1142500,8719,42944
14964591857582944368,walls,cim,1050,20,11,1,83,976375,8719,36006
14964591857582944368,walls,cim,1050,20,12,1,83,1008500,8719,30518
14964591857582944368,walls,cim,1050,20,13,1,83,870417,8719,26134
12271595665568355100,walls,brute_force,1050,20,1,1,84,8355542,8725,550725
12271595665568355100,walls,cim,1050,20,2,1,84,8371667,8725,550725
12271595665568355100,walls,cim,1050,20,3,1,84,5448250,8725,336136
12271595665568355100,walls,cim,1050,20,4,1,84,3667458,8725,216288
12271595665568355100,walls,cim,1050,20,5,1,84,2593083,8725,149654
12271595665568355100,walls,cim,1050,20,6,1,84,2057958,8725,109548
12271595665568355100,walls,cim,1050,20,7,1,84,1827375,8725,83307
12271595665568355100,walls,cim,1050,20,8,1,84,1464875,8725,65080
12271595665568355100,walls,cim,1050,20,9,1,84,1394250,8725,52497
12271595665568355100,walls,cim,1050,20,10,1,84,1071333,8725,43066
12271595665568355100,walls,cim,1050,20,11,1,84,984500,8725,36119
12271595665568355100,walls,cim,1050,20,12,1,84,887333,8725,30538
12271595665568355100,walls,cim,1050,20,13,1,84,889416,8725,26022
15597884799093923832,walls,brute_force,1050,20,1,1,85,8220083,8778,550725
15597884799093923832,walls,cim,1050,20,2,1,85,8333500,8778,550725
15597884799093923832,walls,cim,1050,20,3,1,85,5232709,8778,335640
15597884799093923832,walls,cim,1050,20,4,1,85,3546417,8778,216285
15597884799093923832,walls,cim,1050,20,5,1,85,2660000,8778,149914
15597884799093923832,walls,cim,1050,20,6,1,85,1972750,8778,109382
15597884799093923832,walls,cim,1050,20,7,1,85,1615708,8778,82862
15597884799093923832,walls,cim,1050,20,8,1,85,1360750,8778,65240
15597884799093923832,walls,cim,1050,20,9,1,85,1197458,8778,52662
15597884799093923832,walls,cim,1050,20,10,1,85,1046000,8778,43336
15597884799093923832,walls,cim,1050,20,11,1,85,958166,8778,36286
15597884799093923832,walls,cim,1050,20,12,1,85,891125,8778,30774
15597884799093923832,walls,cim,1050,20,13,1,85,846792,8778,26309
1181169434965615659,walls,brute_force,1050,20,1,1,86,8291166,8718,550725
1181169434965615659,walls,cim,1050,20,2,1,86,8131792,8718,550725
1181169434965615659,walls,cim,1050,20,3,1,86,5124959,8718,336833
1181169434965615659,walls,cim,1050,20,4,1,86,3494625,8718,217633
1181169434965615659,walls,cim,1050,20,5,1,86,2610583,8718,150255
1181169434965615659,walls,cim,1050,20,6,1,86,2024084,8718,109268
1181169434965615659,walls,cim,1050,20,7,1,86,1689083,8718,83448
1181169434965615659,walls,cim,1050,20,8,1,86,1432333,8718,65577
1181169434965615659,walls,cim,1050,20,9,1,86,1186750,8718,52781
1181169434965615659,walls,cim,1050,20,10,1,86,1053875,8718,43236
1181169434965615659,walls,cim,1050,20,11,1,86,957084,8718,36049
1181169434965615659,walls,cim,1050,20,12,1,86,955459,8718,30553
1181169434965615659,walls,cim,1050,20,13,1,86,878709,8718,26389
4311034948942342269,walls,brute_force,1050,20,1,1,87,8348667,8708,550725
4311034948942342269,walls,cim,1050,20,2,1,87,8250833,8708,550725
4311034948942342269,walls,cim,1050,20,3,1,87,5189583,8708,335343
4311034948942342269,walls,cim,1050,20,4,1,87,3473375,8708,217576
4311034948942342269,walls,cim,1050,20,5,1,87,2651583,8708,150302
4311034948942342269,walls,cim,1050,20,6,1,87,2029375,8708,109506
4311034948942342269,walls,cim,1050,20,7,1,87,1651416,8708,83390
4311034948942342269,walls,cim,1050,20,8,1,87,1375166,8708,65501
4311034948942342269,walls,cim,1050,20,9,1,87,1177125,8708,52734
4311034948942342269,walls,cim,1050,20,10,1,87,1053292,8708,43335
4311034948942342269,walls,cim,1050,20,11,1,87,965250,8708,36205
4311034948942342269,walls,cim,1050,20,12,1,87,888625,8708,30742
4311034948942342269,walls,cim,1050,20,13,1,87,926750,8708,26376
1513924235900902188,walls,brute_force,1050,20,1,1,88,8241708,8737,550725
1513924235900902188,walls,cim,1050,20,2,1,88,8280875,8737,550725
1513924235900902188,walls,cim,1050,20,3,1,88,5203958,8737,334290
1513924235900902188,walls,cim,1050,20,4,1,88,3580583,8737,215441
1513924235900902188,walls,cim,1050,20,5,1,88,2676000,8737,149507
1513924235900902188,walls,cim,1050,20,6,1,88,1986666,8737,108585
1513924235900902188,walls,cim,1050,20,7,1,88,1731959,8737,82598
1513924235900902188,walls,cim,1050,20,8,1,88,1478042,8737,64986
1513924235900902188,walls,cim,1050,20,9,1,88,1182375,8737,52345
1513924235900902188,walls,cim,1050,20,10,1,88,1063916,8737,43093
1513924235900902188,walls,cim,1050,20,11,1,88,1108917,8737,35732
1513924235900902188,walls,cim,1050,20,12,1,88,888417,8737,30464
1513924235900902188,walls,cim,1050,20,13,1,88,871083,8737,26201
1873866051178157908,walls,brute_force,1050,20,1,1,89,8272209,8763,550725
1873866051178157908,walls,cim,1050,20,2,1,89,8166459,8763,550725
1873866051178157908,walls,cim,1050,20,3,1,89,5158042,8763,340979
1873866051178157908,walls,cim,1050,20,4,1,89,3536375,8763,219132
1873866051178157908,walls,cim,1050,20,5,1,89,2544833,8763,151908
1873866051178157908,walls,cim,1050,20,6,1,89,2005500,8763,111233
1873866051178157908,walls,cim,1050,20,7,1,89,1735334,8763,84473
1873866051178157908,walls,cim,1050,20,8,1,89,1374167,8763,66096
1873866051178157908,walls,cim,1050,20,9,1,89,1185667,8763,53241
1873866051178157908,walls,cim,1050,20,10,1,89,1086708,8763,43590
1873866051178157908,walls,cim,1050,20,11,1,89,963208,8763,36324
1873866051178157908,walls,cim,1050,20,12,1,89,939000,8763,30853
1873866051178157908,walls,cim,1050,20,13,1,89,841958,8763,26390
13465448610758472762,walls,brute_force,1050,20,1,1,90,8232250,8719,550725
13465448610758472762,walls,cim,1050,20,2,1,90,8275084,8719,550725
13465448610758472762,walls,cim,1050,20,3,1,90,5112208,8719,335536
13465448610758472762,walls,cim,1050,20,4,1,90,3439667,8719,216225
13465448610758472762,walls,cim,1050,20,5,1,90,2567250,8719,148688
13465448610758472762,walls,cim,1050,20,6,1,90,1975417,8719,108944
13465448610758472762,walls,cim,1050,20,7,1,90,1614458,8719,83029
13465448610758472762,walls,cim,1050,20,8,1,90,1399375,8719,65314
13465448610758472762,walls,cim,1050,20,9,1,90,1369208,8719,52367
13465448610758472762,walls,cim,1050,20,10,1,90,1062667,8719,43253
13465448610758472762,walls,cim,1050,20,11,1,90,1004792,8719,36018
13465448610758472762,walls,cim,1050,20,12,1,90,891583,8719,30651
13465448610758472762,walls,cim,1050,20,13,1,90,856916,8719,26282
16310087531171310209,walls,brute_force,1050,20,1,1,91,8139291,8770,550725
16310087531171310209,walls,cim,1050,20,2,1,91,8140625,8770,550725
16310087531171310209,walls,cim,1050,20,3,1,91,5259791,8770,335443
16310087531171310209,walls,cim,1050,20,4,1,91,3674583,8770,217251
16310087531171310209,walls,cim,1050,20,5,1,91,2626125,8770,149853
16310087531171310209,walls,cim,1050,20,6,1,91,2188416,8770,109886
16310087531171310209,walls,cim,1050,20,7,1,91,1640292,8770,82708
16310087531171310209,walls,cim,1050,20,8,1,91,1376250,8770,65695
16310087531171310209,walls,cim,1050,20,9,1,91,1193583,8770,52635
16310087531171310209,walls,cim,1050,20,10,1,91,1045125,8770,43085
16310087531171310209,walls,cim,1050,20,11,1,91,1020542,8770,36121
16310087531171310209,walls,cim,1050,20,12,1,91,889375,8770,30598
16310087531171310209,walls,cim,1050,20,13,1,91,837958,8770,26200
9135255195752599638,walls,brute_force,1050,20,1,1,92,8379542,8738,550725
9135255195752599638,walls,cim,1050,20,2,1,92,8471708,8738,550725
9135255195752599638,walls,cim,1050,20,3,1,92,5172250,8738,335320
9135255195752599638,walls,cim,1050,20,4,1,92,3557958,8738,217107
9135255195752599638,walls,cim,1050,20,5,1,92,2631834,8738,150703
9135255195752599638,walls,cim,1050,20,6,1,92,2060666,8738,109722
9135255195752599638,walls,cim,1050,20,7,1,92,1701958,8738,83420
9135255195752599638,walls,cim,1050,20,8,1,92,1423416,8738,65429
9135255195752599638,walls,cim,1050,20,9,1,92,1230666,8738,52488
9135255195752599638,walls,cim,1050,20,10,1,92,1080834,8738,43571
9135255195752599638,walls,cim,1050,20,11,1,92,979917,8738,36214
9135255195752599638,walls,cim,1050,20,12,1,92,916375,8738,30595
9135255195752599638,walls,cim,1050,20,13,1,92,896000,8738,26224
3015072382070802603,walls,brute_force,1050,20,1,1,93,8526375,8687,550725
3015072382070802603,walls,cim,1050,20,2,1,93,8086833,8687,550725
3015072382070802603,walls,cim,1050,20,3,1,93,5106834,8687,335331
3015072382070802603,walls,cim,1050,20,4,1,93,3434750,8687,216045
3015072382070802603,walls,cim,1050,20,5,1,93,2718167,8687,150245
3015072382070802603,walls,cim,1050,20,6,1,93,2012875,8687,109471
3015072382070802603,walls,cim,1050,20,7,1,93,1739916,8687,83157
3015072382070802603,walls,cim,1050,20,8,1,93,1395167,8687,65109
3015072382070802603,walls,cim,1050,20,9,1,93,1186416,8687,52605
3015072382070802603,walls,cim,1050,20,10,1,93,1075125,8687,43188
3015072382070802603,walls,cim,1050,20,11,1,93,994708,8687,35933
3015072382070802603,walls,cim,1050,20,12,1,93,899416,8687,30528
3015072382070802603,walls,cim,1050,20,13,1,93,881458,8687,26311
6252966898538431603,walls,brute_force,1050,20,1,1,94,8014042,8736,550725
6252966898538431603,walls,cim,1050,20,2,1,94,8108542,8736,550725
6252966898538431603,walls,cim,1050,20,3,1,94,5044625,8736,334523
6252966898538431603,walls,cim,1050,20,4,1,94,3604125,8736,217089
6252966898538431603,walls,cim,1050,20,5,1,94,2553375,8736,150075
6252966898538431603,walls,cim,1050,20,6,1,94,1985166,8736,109472
6252966898538431603,walls,cim,1050,20,7,1,94,1721959,8736,83446
6252966898538431603,walls,cim,1050,20,8,1,94,1441208,8736,65747
6252966898538431603,walls,cim,1050,20,9,1,94,1188417,8736,52802
6252966898538431603,walls,cim,1050,20,10,1,94,1086708,8736,43558
6252966898538431603,walls,cim,1050,20,11,1,94,967042,8736,36315
6252966898538431603,walls,cim,1050,20,12,1,94,971833,8736,30811
6252966898538431603,walls,cim,1050,20,13,1,94,877125,8736,26476
5939997369520984520,walls,brute_force,1050,20,1,1,95,8246916,8716,550725
5939997369520984520,walls,cim,1050,20,2,1,95,8384042,8716,550725
5939997369520984520,walls,cim,1050,20,3,1,95,5102125,8716,336062
5939997369520984520,walls,cim,1050,20,4,1,95,3461084,8716,217001
5939997369520984520,walls,cim,1050,20,5,1,95,2511041,8716,149717
5939997369520984520,walls,cim,1050,20,6,1,95,2182291,8716,109831
5939997369520984520,walls,cim,1050,20,7,1,95,1647791,8716,83108
5939997369520984520,walls,cim,1050,20,8,1,95,1404208,8716,65377
5939997369520984520,walls,cim,1050,20,9,1,95,1172750,8716,52657
5939997369520984520,walls,cim,1050,20,10,1,95,1102208,8716,43063
5939997369520984520,walls,cim,1050,20,11,1,95,994125,8716,36149
5939997369520984520,walls,cim,1050,20,12,1,95,965042,8716,30629
5939997369520984520,walls,cim,1050,20,13,1,95,857708,8716,26215
12745002406665838866,walls,brute_force,1050,20,1,1,96,8146750,8756,550725
12745002406665838866,walls,cim,1050,20,2,1,96,7928250,8756,550725
12745002406665838866,walls,cim,1050,20,3,1,96,5125625,8756,333426
12745002406665838866,walls,cim,1050,20,4,1,96,3404292,8756,217561
12745002406665838866,walls,cim,1050,20,5,1,96,2588584,8756,150063
12745002406665838866,walls,cim,1050,20,6,1,96,1976166,8756,109674
12745002406665838866,walls,cim,1050,20,7,1,96,1613167,8756,82984
12745002406665838866,walls,cim,1050,20,8,1,96,1358375,8756,65336
12745002406665838866,walls,cim,1050,20,9,1,96,1183375,8756,52663
12745002406665838866,walls,cim,1050,20,10,1,96,1065750,8756,43173
12745002406665838866,walls,cim,1050,20,11,1,96,957417,8756,35981
12745002406665838866,walls,cim,1050,20,12,1,96,895042,8756,30512
12745002406665838866,walls,cim,1050,20,13,1,96,833459,8756,26269
1456605229726378120,walls,brute_force,1050,20,1,1,97,8151459,8732,550725
1456605229726378120,walls,cim,1050,20,2,1,97,8326250,8732,550725
1456605229726378120,walls,cim,1050,20,3,1,97,5110125,8732,333581
1456605229726378120,walls,cim,1050,20,4,1,97,3461875,8732,216581
1456605229726378120,walls,cim,1050,20,5,1,97,2559458,8732,150338
1456605229726378120,walls,cim,1050,20,6,1,97,1998625,8732,110056
1456605229726378120,walls,cim,1050,20,7,1,97,1669417,8732,83413
1456605229726378120,walls,cim,1050,20,8,1,97,1392916,8732,65807
1456605229726378120,walls,cim,1050,20,9,1,97,1212625,8732,52600
1456605229726378120,walls,cim,1050,20,10,1,97,1103750,8732,43478
1456605229726378120,walls,cim,1050,20,11,1,97,1039750,8732,36170
1456605229726378120,walls,cim,1050,20,12,1,97,920041,8732,30777
1456605229726378120,walls,cim,1050,20,13,1,97,910375,8732,26329
4340248103170697030,walls,brute_force,1050,20,1,1,98,8241416,8720,550725
4340248103170697030,walls,cim,1050,20,2,1,98,8249834,8720,550725
4340248103170697030,walls,cim,1050,20,3,1,98,5110708,8720,334857
4340248103170697030,walls,cim,1050,20,4,1,98,3492958,8720,216907
4340248103170697030,walls,cim,1050,20,5,1,98,2606041,8720,151110
4340248103170697030,walls,cim,1050,20,6,1,98,2122584,8720,110051
4340248103170697030,walls,cim,1050,20,7,1,98,1614375,8720,83436
4340248103170697030,walls,cim,1050,20,8,1,98,1426291,8720,65645
4340248103170697030,walls,cim,1050,20,9,1,98,1208125,8720,53040
4340248103170697030,walls,cim,1050,20,10,1,98,1065458,8720,43696
4340248103170697030,walls,cim,1050,20,11,1,98,989875,8720,36307
4340248103170697030,walls,cim,1050,20,12,1,98,894000,8720,30779
4340248103170697030,walls,cim,1050,20,13,1,98,882500,8720,26378
10444078507746420839,walls,brute_force,1050,20,1,1,99,8337750,8686,550725
10444078507746420839,walls,cim,1050,20,2,1,99,8169042,8686,550725
10444078507746420839,walls,cim,1050,20,3,1,99,5049209,8686,336270
10444078507746420839,walls,cim,1050,20,4,1,99,3455500,8686,217625
10444078507746420839,walls,cim,1050,20,5,1,99,2604042,8686,150777
10444078507746420839,walls,cim,1050,20,6,1,99,1996500,8686,109750
10444078507746420839,walls,cim,1050,20,7,1,99,1664333,8686,83306
10444078507746420839,walls,cim,1050,20,8,1,99,1380875,8686,65479
10444078507746420839,walls,cim,1050,20,9,1,99,1245541,8686,52982
10444078507746420839,walls,cim,1050,20,10,1,99,1109625,8686,43469
10444078507746420839,walls,cim,1050,20,11,1,99,979792,8686,36171
10444078507746420839,walls,cim,1050,20,12,1,99,968750,8686,30522
10444078507746420839,walls,cim,1050,20,13,1,99,843208,8686,26325
6139539289393376910,walls,brute_force,1050,20,1,1,100,8142333,8677,550725
6139539289393376910,walls,cim,1050,20,2,1,100,8042667,8677,550725
6139539289393376910,walls,cim,1050,20,3,1,100,5112584,8677,334228
6139539289393376910,walls,cim,1050,20,4,1,100,3608084,8677,215893
6139539289393376910,walls,cim,1050,20,5,1,100,2523208,8677,149283
6139539289393376910,walls,cim,1050,20,6,1,100,2056208,8677,109361
6139539289393376910,walls,cim,1050,20,7,1,100,1642167,8677,83329
6139539289393376910,walls,cim,1050,20,8,1,100,1415500,8677,65296
6139539289393376910,walls,cim,1050,20,9,1,100,1185000,8677,52549
6139539289393376910,walls,cim,1050,20,10,1,100,1083250,8677,43057
6139539289393376910,walls,cim,1050,20,11,1,100,963625,8677,35997
6139539289393376910,walls,cim,1050,20,12,1,100,889334,8677,30473
6139539289393376910,walls,cim,1050,20,13,1,100,868334,8677,26180
